(Generated by EBAM G-code Studio v4.2.9.1)
(Machine: Bormash EBAM)
(Units: mm, absolute coordinates)
(Model size X=64.000 Y=64.000 Z=40.000; source=rotational_vessel)
(WARNING: calculated process only; verify with dry run and short test)
G21 (mm)
G90 (absolute XYZ)
G94 (feed per minute)
G64 P0.080
M429 (identity kinematics, if available)
M68 E0 Q0.000 (beam current OFF)
M68 E2 Q0.000 (wire feed OFF)
M68 E1 Q1030.000 (focus)
G0 Z7.000
(ROTATIONAL_SPECIAL_PATH: rings; radial_step=2.000 mm; true circular/spiral layer paths)
(--- LAYER 1/5 Z=0.000 ROTATIONAL_RINGS I=28.528 F=650.0 WIRE=38.315 SEG=576 ---)
(--- CONTINUOUS ROT_RINGS PASS L1: 576 lines, beam stays ON ---)
G0 Z7.000
G0 X41.625 Y37.557
G1 Z0.000 F240.0
M68 E0 Q28.528
G4 P0.030
(ROT_RINGS CONT L1 X41.625 Y37.557 -> X41.241 Y38.175)
M68 E2 Q31.418
G4 P0.020
G1 X41.541 Y37.693 F650.0
M68 E2 Q38.315
G1 X41.326 Y38.039 F650.0
M68 E2 Q31.418
G1 X41.241 Y38.175 F650.0
(ROT_RINGS CONT L1 X41.241 Y38.175 -> X40.817 Y38.766)
M68 E2 Q31.418
G4 P0.020
G1 X41.148 Y38.305 F650.0
M68 E2 Q38.315
G1 X40.911 Y38.636 F650.0
M68 E2 Q31.418
G1 X40.817 Y38.766 F650.0
(ROT_RINGS CONT L1 X40.817 Y38.766 -> X40.356 Y39.328)
M68 E2 Q31.418
G4 P0.020
G1 X40.716 Y38.890 F650.0
M68 E2 Q38.315
G1 X40.458 Y39.204 F650.0
M68 E2 Q31.418
G1 X40.356 Y39.328 F650.0
(ROT_RINGS CONT L1 X40.356 Y39.328 -> X39.859 Y39.859)
M68 E2 Q31.418
G4 P0.020
G1 X40.247 Y39.445 F650.0
M68 E2 Q38.315
G1 X39.968 Y39.742 F650.0
M68 E2 Q31.418
G1 X39.859 Y39.859 F650.0
(ROT_RINGS CONT L1 X39.859 Y39.859 -> X39.328 Y40.356)
M68 E2 Q31.418
G4 P0.020
G1 X39.742 Y39.968 F650.0
M68 E2 Q38.315
G1 X39.445 Y40.247 F650.0
M68 E2 Q31.418
G1 X39.328 Y40.356 F650.0
(ROT_RINGS CONT L1 X39.328 Y40.356 -> X38.766 Y40.817)
M68 E2 Q31.418
G4 P0.020
G1 X39.204 Y40.458 F650.0
M68 E2 Q38.315
G1 X38.890 Y40.716 F650.0
M68 E2 Q31.418
G1 X38.766 Y40.817 F650.0
(ROT_RINGS CONT L1 X38.766 Y40.817 -> X38.175 Y41.241)
M68 E2 Q31.418
G4 P0.020
G1 X38.636 Y40.911 F650.0
M68 E2 Q38.315
G1 X38.305 Y41.148 F650.0
M68 E2 Q31.418
G1 X38.175 Y41.241 F650.0
(ROT_RINGS CONT L1 X38.175 Y41.241 -> X37.557 Y41.625)
M68 E2 Q31.418
G4 P0.020
G1 X38.039 Y41.326 F650.0
M68 E2 Q38.315
G1 X37.693 Y41.541 F650.0
M68 E2 Q31.418
G1 X37.557 Y41.625 F650.0
(ROT_RINGS CONT L1 X37.557 Y41.625 -> X36.916 Y41.968)
M68 E2 Q31.418
G4 P0.020
G1 X37.416 Y41.701 F650.0
M68 E2 Q38.315
G1 X37.057 Y41.893 F650.0
M68 E2 Q31.418
G1 X36.916 Y41.968 F650.0
(ROT_RINGS CONT L1 X36.916 Y41.968 -> X36.253 Y42.268)
M68 E2 Q31.418
G4 P0.020
G1 X36.770 Y42.034 F650.0
M68 E2 Q38.315
G1 X36.399 Y42.202 F650.0
M68 E2 Q31.418
G1 X36.253 Y42.268 F650.0
(ROT_RINGS CONT L1 X36.253 Y42.268 -> X35.573 Y42.524)
M68 E2 Q31.418
G4 P0.020
G1 X36.103 Y42.325 F650.0
M68 E2 Q38.315
G1 X35.722 Y42.468 F650.0
M68 E2 Q31.418
G1 X35.573 Y42.524 F650.0
(ROT_RINGS CONT L1 X35.573 Y42.524 -> X34.877 Y42.735)
M68 E2 Q31.418
G4 P0.020
G1 X35.419 Y42.571 F650.0
M68 E2 Q38.315
G1 X35.030 Y42.689 F650.0
M68 E2 Q31.418
G1 X34.877 Y42.735 F650.0
(ROT_RINGS CONT L1 X34.877 Y42.735 -> X34.168 Y42.901)
M68 E2 Q31.418
G4 P0.020
G1 X34.721 Y42.772 F650.0
M68 E2 Q38.315
G1 X34.324 Y42.864 F650.0
M68 E2 Q31.418
G1 X34.168 Y42.901 F650.0
(ROT_RINGS CONT L1 X34.168 Y42.901 -> X33.451 Y43.019)
M68 E2 Q31.418
G4 P0.020
G1 X34.010 Y42.927 F650.0
M68 E2 Q38.315
G1 X33.609 Y42.993 F650.0
M68 E2 Q31.418
G1 X33.451 Y43.019 F650.0
(ROT_RINGS CONT L1 X33.451 Y43.019 -> X32.727 Y43.090)
M68 E2 Q31.418
G4 P0.020
G1 X33.291 Y43.035 F650.0
M68 E2 Q38.315
G1 X32.886 Y43.075 F650.0
M68 E2 Q31.418
G1 X32.727 Y43.090 F650.0
(ROT_RINGS CONT L1 X32.727 Y43.090 -> X32.000 Y43.114)
M68 E2 Q31.418
G4 P0.020
G1 X32.567 Y43.096 F650.0
M68 E2 Q38.315
G1 X32.160 Y43.109 F650.0
M68 E2 Q31.418
G1 X32.000 Y43.114 F650.0
(ROT_RINGS CONT L1 X32.000 Y43.114 -> X31.273 Y43.090)
M68 E2 Q31.418
G4 P0.020
G1 X31.840 Y43.109 F650.0
M68 E2 Q38.315
G1 X31.433 Y43.096 F650.0
M68 E2 Q31.418
G1 X31.273 Y43.090 F650.0
(ROT_RINGS CONT L1 X31.273 Y43.090 -> X30.549 Y43.019)
M68 E2 Q31.418
G4 P0.020
G1 X31.114 Y43.075 F650.0
M68 E2 Q38.315
G1 X30.709 Y43.035 F650.0
M68 E2 Q31.418
G1 X30.549 Y43.019 F650.0
(ROT_RINGS CONT L1 X30.549 Y43.019 -> X29.832 Y42.901)
M68 E2 Q31.418
G4 P0.020
G1 X30.391 Y42.993 F650.0
M68 E2 Q38.315
G1 X29.990 Y42.927 F650.0
M68 E2 Q31.418
G1 X29.832 Y42.901 F650.0
(ROT_RINGS CONT L1 X29.832 Y42.901 -> X29.123 Y42.735)
M68 E2 Q31.418
G4 P0.020
G1 X29.676 Y42.864 F650.0
M68 E2 Q38.315
G1 X29.279 Y42.772 F650.0
M68 E2 Q31.418
G1 X29.123 Y42.735 F650.0
(ROT_RINGS CONT L1 X29.123 Y42.735 -> X28.427 Y42.524)
M68 E2 Q31.418
G4 P0.020
G1 X28.970 Y42.689 F650.0
M68 E2 Q38.315
G1 X28.581 Y42.571 F650.0
M68 E2 Q31.418
G1 X28.427 Y42.524 F650.0
(ROT_RINGS CONT L1 X28.427 Y42.524 -> X27.747 Y42.268)
M68 E2 Q31.418
G4 P0.020
G1 X28.278 Y42.468 F650.0
M68 E2 Q38.315
G1 X27.897 Y42.325 F650.0
M68 E2 Q31.418
G1 X27.747 Y42.268 F650.0
(ROT_RINGS CONT L1 X27.747 Y42.268 -> X27.084 Y41.968)
M68 E2 Q31.418
G4 P0.020
G1 X27.601 Y42.202 F650.0
M68 E2 Q38.315
G1 X27.230 Y42.034 F650.0
M68 E2 Q31.418
G1 X27.084 Y41.968 F650.0
(ROT_RINGS CONT L1 X27.084 Y41.968 -> X26.443 Y41.625)
M68 E2 Q31.418
G4 P0.020
G1 X26.943 Y41.893 F650.0
M68 E2 Q38.315
G1 X26.584 Y41.701 F650.0
M68 E2 Q31.418
G1 X26.443 Y41.625 F650.0
(ROT_RINGS CONT L1 X26.443 Y41.625 -> X25.825 Y41.241)
M68 E2 Q31.418
G4 P0.020
G1 X26.307 Y41.541 F650.0
M68 E2 Q38.315
G1 X25.961 Y41.326 F650.0
M68 E2 Q31.418
G1 X25.825 Y41.241 F650.0
(ROT_RINGS CONT L1 X25.825 Y41.241 -> X25.234 Y40.817)
M68 E2 Q31.418
G4 P0.020
G1 X25.695 Y41.148 F650.0
M68 E2 Q38.315
G1 X25.364 Y40.911 F650.0
M68 E2 Q31.418
G1 X25.234 Y40.817 F650.0
(ROT_RINGS CONT L1 X25.234 Y40.817 -> X24.672 Y40.356)
M68 E2 Q31.418
G4 P0.020
G1 X25.110 Y40.716 F650.0
M68 E2 Q38.315
G1 X24.796 Y40.458 F650.0
M68 E2 Q31.418
G1 X24.672 Y40.356 F650.0
(ROT_RINGS CONT L1 X24.672 Y40.356 -> X24.141 Y39.859)
M68 E2 Q31.418
G4 P0.020
G1 X24.555 Y40.247 F650.0
M68 E2 Q38.315
G1 X24.258 Y39.968 F650.0
M68 E2 Q31.418
G1 X24.141 Y39.859 F650.0
(ROT_RINGS CONT L1 X24.141 Y39.859 -> X23.644 Y39.328)
M68 E2 Q31.418
G4 P0.020
G1 X24.032 Y39.742 F650.0
M68 E2 Q38.315
G1 X23.753 Y39.445 F650.0
M68 E2 Q31.418
G1 X23.644 Y39.328 F650.0
(ROT_RINGS CONT L1 X23.644 Y39.328 -> X23.183 Y38.766)
M68 E2 Q31.418
G4 P0.020
G1 X23.542 Y39.204 F650.0
M68 E2 Q38.315
G1 X23.284 Y38.890 F650.0
M68 E2 Q31.418
G1 X23.183 Y38.766 F650.0
(ROT_RINGS CONT L1 X23.183 Y38.766 -> X22.759 Y38.175)
M68 E2 Q31.418
G4 P0.020
G1 X23.089 Y38.636 F650.0
M68 E2 Q38.315
G1 X22.852 Y38.305 F650.0
M68 E2 Q31.418
G1 X22.759 Y38.175 F650.0
(ROT_RINGS CONT L1 X22.759 Y38.175 -> X22.375 Y37.557)
M68 E2 Q31.418
G4 P0.020
G1 X22.674 Y38.039 F650.0
M68 E2 Q38.315
G1 X22.459 Y37.693 F650.0
M68 E2 Q31.418
G1 X22.375 Y37.557 F650.0
(ROT_RINGS CONT L1 X22.375 Y37.557 -> X22.032 Y36.916)
M68 E2 Q31.418
G4 P0.020
G1 X22.299 Y37.416 F650.0
M68 E2 Q38.315
G1 X22.107 Y37.057 F650.0
M68 E2 Q31.418
G1 X22.032 Y36.916 F650.0
(ROT_RINGS CONT L1 X22.032 Y36.916 -> X21.732 Y36.253)
M68 E2 Q31.418
G4 P0.020
G1 X21.966 Y36.770 F650.0
M68 E2 Q38.315
G1 X21.798 Y36.399 F650.0
M68 E2 Q31.418
G1 X21.732 Y36.253 F650.0
(ROT_RINGS CONT L1 X21.732 Y36.253 -> X21.476 Y35.573)
M68 E2 Q31.418
G4 P0.020
G1 X21.675 Y36.103 F650.0
M68 E2 Q38.315
G1 X21.532 Y35.722 F650.0
M68 E2 Q31.418
G1 X21.476 Y35.573 F650.0
(ROT_RINGS CONT L1 X21.476 Y35.573 -> X21.265 Y34.877)
M68 E2 Q31.418
G4 P0.020
G1 X21.429 Y35.419 F650.0
M68 E2 Q38.315
G1 X21.311 Y35.030 F650.0
M68 E2 Q31.418
G1 X21.265 Y34.877 F650.0
(ROT_RINGS CONT L1 X21.265 Y34.877 -> X21.099 Y34.168)
M68 E2 Q31.418
G4 P0.020
G1 X21.228 Y34.721 F650.0
M68 E2 Q38.315
G1 X21.136 Y34.324 F650.0
M68 E2 Q31.418
G1 X21.099 Y34.168 F650.0
(ROT_RINGS CONT L1 X21.099 Y34.168 -> X20.981 Y33.451)
M68 E2 Q31.418
G4 P0.020
G1 X21.073 Y34.010 F650.0
M68 E2 Q38.315
G1 X21.007 Y33.609 F650.0
M68 E2 Q31.418
G1 X20.981 Y33.451 F650.0
(ROT_RINGS CONT L1 X20.981 Y33.451 -> X20.910 Y32.727)
M68 E2 Q31.418
G4 P0.020
G1 X20.965 Y33.291 F650.0
M68 E2 Q38.315
G1 X20.925 Y32.886 F650.0
M68 E2 Q31.418
G1 X20.910 Y32.727 F650.0
(ROT_RINGS CONT L1 X20.910 Y32.727 -> X20.886 Y32.000)
M68 E2 Q31.418
G4 P0.020
G1 X20.904 Y32.567 F650.0
M68 E2 Q38.315
G1 X20.891 Y32.160 F650.0
M68 E2 Q31.418
G1 X20.886 Y32.000 F650.0
(ROT_RINGS CONT L1 X20.886 Y32.000 -> X20.910 Y31.273)
M68 E2 Q31.418
G4 P0.020
G1 X20.891 Y31.840 F650.0
M68 E2 Q38.315
G1 X20.904 Y31.433 F650.0
M68 E2 Q31.418
G1 X20.910 Y31.273 F650.0
(ROT_RINGS CONT L1 X20.910 Y31.273 -> X20.981 Y30.549)
M68 E2 Q31.418
G4 P0.020
G1 X20.925 Y31.114 F650.0
M68 E2 Q38.315
G1 X20.965 Y30.709 F650.0
M68 E2 Q31.418
G1 X20.981 Y30.549 F650.0
(ROT_RINGS CONT L1 X20.981 Y30.549 -> X21.099 Y29.832)
M68 E2 Q31.418
G4 P0.020
G1 X21.007 Y30.391 F650.0
M68 E2 Q38.315
G1 X21.073 Y29.990 F650.0
M68 E2 Q31.418
G1 X21.099 Y29.832 F650.0
(ROT_RINGS CONT L1 X21.099 Y29.832 -> X21.265 Y29.123)
M68 E2 Q31.418
G4 P0.020
G1 X21.136 Y29.676 F650.0
M68 E2 Q38.315
G1 X21.228 Y29.279 F650.0
M68 E2 Q31.418
G1 X21.265 Y29.123 F650.0
(ROT_RINGS CONT L1 X21.265 Y29.123 -> X21.476 Y28.427)
M68 E2 Q31.418
G4 P0.020
G1 X21.311 Y28.970 F650.0
M68 E2 Q38.315
G1 X21.429 Y28.581 F650.0
M68 E2 Q31.418
G1 X21.476 Y28.427 F650.0
(ROT_RINGS CONT L1 X21.476 Y28.427 -> X21.732 Y27.747)
M68 E2 Q31.418
G4 P0.020
G1 X21.532 Y28.278 F650.0
M68 E2 Q38.315
G1 X21.675 Y27.897 F650.0
M68 E2 Q31.418
G1 X21.732 Y27.747 F650.0
(ROT_RINGS CONT L1 X21.732 Y27.747 -> X22.032 Y27.084)
M68 E2 Q31.418
G4 P0.020
G1 X21.798 Y27.601 F650.0
M68 E2 Q38.315
G1 X21.966 Y27.230 F650.0
M68 E2 Q31.418
G1 X22.032 Y27.084 F650.0
(ROT_RINGS CONT L1 X22.032 Y27.084 -> X22.375 Y26.443)
M68 E2 Q31.418
G4 P0.020
G1 X22.107 Y26.943 F650.0
M68 E2 Q38.315
G1 X22.299 Y26.584 F650.0
M68 E2 Q31.418
G1 X22.375 Y26.443 F650.0
(ROT_RINGS CONT L1 X22.375 Y26.443 -> X22.759 Y25.825)
M68 E2 Q31.418
G4 P0.020
G1 X22.459 Y26.307 F650.0
M68 E2 Q38.315
G1 X22.674 Y25.961 F650.0
M68 E2 Q31.418
G1 X22.759 Y25.825 F650.0
(ROT_RINGS CONT L1 X22.759 Y25.825 -> X23.183 Y25.234)
M68 E2 Q31.418
G4 P0.020
G1 X22.852 Y25.695 F650.0
M68 E2 Q38.315
G1 X23.089 Y25.364 F650.0
M68 E2 Q31.418
G1 X23.183 Y25.234 F650.0
(ROT_RINGS CONT L1 X23.183 Y25.234 -> X23.644 Y24.672)
M68 E2 Q31.418
G4 P0.020
G1 X23.284 Y25.110 F650.0
M68 E2 Q38.315
G1 X23.542 Y24.796 F650.0
M68 E2 Q31.418
G1 X23.644 Y24.672 F650.0
(ROT_RINGS CONT L1 X23.644 Y24.672 -> X24.141 Y24.141)
M68 E2 Q31.418
G4 P0.020
G1 X23.753 Y24.555 F650.0
M68 E2 Q38.315
G1 X24.032 Y24.258 F650.0
M68 E2 Q31.418
G1 X24.141 Y24.141 F650.0
(ROT_RINGS CONT L1 X24.141 Y24.141 -> X24.672 Y23.644)
M68 E2 Q31.418
G4 P0.020
G1 X24.258 Y24.032 F650.0
M68 E2 Q38.315
G1 X24.555 Y23.753 F650.0
M68 E2 Q31.418
G1 X24.672 Y23.644 F650.0
(ROT_RINGS CONT L1 X24.672 Y23.644 -> X25.234 Y23.183)
M68 E2 Q31.418
G4 P0.020
G1 X24.796 Y23.542 F650.0
M68 E2 Q38.315
G1 X25.110 Y23.284 F650.0
M68 E2 Q31.418
G1 X25.234 Y23.183 F650.0
(ROT_RINGS CONT L1 X25.234 Y23.183 -> X25.825 Y22.759)
M68 E2 Q31.418
G4 P0.020
G1 X25.364 Y23.089 F650.0
M68 E2 Q38.315
G1 X25.695 Y22.852 F650.0
M68 E2 Q31.418
G1 X25.825 Y22.759 F650.0
(ROT_RINGS CONT L1 X25.825 Y22.759 -> X26.443 Y22.375)
M68 E2 Q31.418
G4 P0.020
G1 X25.961 Y22.674 F650.0
M68 E2 Q38.315
G1 X26.307 Y22.459 F650.0
M68 E2 Q31.418
G1 X26.443 Y22.375 F650.0
(ROT_RINGS CONT L1 X26.443 Y22.375 -> X27.084 Y22.032)
M68 E2 Q31.418
G4 P0.020
G1 X26.584 Y22.299 F650.0
M68 E2 Q38.315
G1 X26.943 Y22.107 F650.0
M68 E2 Q31.418
G1 X27.084 Y22.032 F650.0
(ROT_RINGS CONT L1 X27.084 Y22.032 -> X27.747 Y21.732)
M68 E2 Q31.418
G4 P0.020
G1 X27.230 Y21.966 F650.0
M68 E2 Q38.315
G1 X27.601 Y21.798 F650.0
M68 E2 Q31.418
G1 X27.747 Y21.732 F650.0
(ROT_RINGS CONT L1 X27.747 Y21.732 -> X28.427 Y21.476)
M68 E2 Q31.418
G4 P0.020
G1 X27.897 Y21.675 F650.0
M68 E2 Q38.315
G1 X28.278 Y21.532 F650.0
M68 E2 Q31.418
G1 X28.427 Y21.476 F650.0
(ROT_RINGS CONT L1 X28.427 Y21.476 -> X29.123 Y21.265)
M68 E2 Q31.418
G4 P0.020
G1 X28.581 Y21.429 F650.0
M68 E2 Q38.315
G1 X28.970 Y21.311 F650.0
M68 E2 Q31.418
G1 X29.123 Y21.265 F650.0
(ROT_RINGS CONT L1 X29.123 Y21.265 -> X29.832 Y21.099)
M68 E2 Q31.418
G4 P0.020
G1 X29.279 Y21.228 F650.0
M68 E2 Q38.315
G1 X29.676 Y21.136 F650.0
M68 E2 Q31.418
G1 X29.832 Y21.099 F650.0
(ROT_RINGS CONT L1 X29.832 Y21.099 -> X30.549 Y20.981)
M68 E2 Q31.418
G4 P0.020
G1 X29.990 Y21.073 F650.0
M68 E2 Q38.315
G1 X30.391 Y21.007 F650.0
M68 E2 Q31.418
G1 X30.549 Y20.981 F650.0
(ROT_RINGS CONT L1 X30.549 Y20.981 -> X31.273 Y20.910)
M68 E2 Q31.418
G4 P0.020
G1 X30.709 Y20.965 F650.0
M68 E2 Q38.315
G1 X31.114 Y20.925 F650.0
M68 E2 Q31.418
G1 X31.273 Y20.910 F650.0
(ROT_RINGS CONT L1 X31.273 Y20.910 -> X32.000 Y20.886)
M68 E2 Q31.418
G4 P0.020
G1 X31.433 Y20.904 F650.0
M68 E2 Q38.315
G1 X31.840 Y20.891 F650.0
M68 E2 Q31.418
G1 X32.000 Y20.886 F650.0
(ROT_RINGS CONT L1 X32.000 Y20.886 -> X32.727 Y20.910)
M68 E2 Q31.418
G4 P0.020
G1 X32.160 Y20.891 F650.0
M68 E2 Q38.315
G1 X32.567 Y20.904 F650.0
M68 E2 Q31.418
G1 X32.727 Y20.910 F650.0
(ROT_RINGS CONT L1 X32.727 Y20.910 -> X33.451 Y20.981)
M68 E2 Q31.418
G4 P0.020
G1 X32.886 Y20.925 F650.0
M68 E2 Q38.315
G1 X33.291 Y20.965 F650.0
M68 E2 Q31.418
G1 X33.451 Y20.981 F650.0
(ROT_RINGS CONT L1 X33.451 Y20.981 -> X34.168 Y21.099)
M68 E2 Q31.418
G4 P0.020
G1 X33.609 Y21.007 F650.0
M68 E2 Q38.315
G1 X34.010 Y21.073 F650.0
M68 E2 Q31.418
G1 X34.168 Y21.099 F650.0
(ROT_RINGS CONT L1 X34.168 Y21.099 -> X34.877 Y21.265)
M68 E2 Q31.418
G4 P0.020
G1 X34.324 Y21.136 F650.0
M68 E2 Q38.315
G1 X34.721 Y21.228 F650.0
M68 E2 Q31.418
G1 X34.877 Y21.265 F650.0
(ROT_RINGS CONT L1 X34.877 Y21.265 -> X35.573 Y21.476)
M68 E2 Q31.418
G4 P0.020
G1 X35.030 Y21.311 F650.0
M68 E2 Q38.315
G1 X35.419 Y21.429 F650.0
M68 E2 Q31.418
G1 X35.573 Y21.476 F650.0
(ROT_RINGS CONT L1 X35.573 Y21.476 -> X36.253 Y21.732)
M68 E2 Q31.418
G4 P0.020
G1 X35.722 Y21.532 F650.0
M68 E2 Q38.315
G1 X36.103 Y21.675 F650.0
M68 E2 Q31.418
G1 X36.253 Y21.732 F650.0
(ROT_RINGS CONT L1 X36.253 Y21.732 -> X36.916 Y22.032)
M68 E2 Q31.418
G4 P0.020
G1 X36.399 Y21.798 F650.0
M68 E2 Q38.315
G1 X36.770 Y21.966 F650.0
M68 E2 Q31.418
G1 X36.916 Y22.032 F650.0
(ROT_RINGS CONT L1 X36.916 Y22.032 -> X37.557 Y22.375)
M68 E2 Q31.418
G4 P0.020
G1 X37.057 Y22.107 F650.0
M68 E2 Q38.315
G1 X37.416 Y22.299 F650.0
M68 E2 Q31.418
G1 X37.557 Y22.375 F650.0
(ROT_RINGS CONT L1 X37.557 Y22.375 -> X38.175 Y22.759)
M68 E2 Q31.418
G4 P0.020
G1 X37.693 Y22.459 F650.0
M68 E2 Q38.315
G1 X38.039 Y22.674 F650.0
M68 E2 Q31.418
G1 X38.175 Y22.759 F650.0
(ROT_RINGS CONT L1 X38.175 Y22.759 -> X38.766 Y23.183)
M68 E2 Q31.418
G4 P0.020
G1 X38.305 Y22.852 F650.0
M68 E2 Q38.315
G1 X38.636 Y23.089 F650.0
M68 E2 Q31.418
G1 X38.766 Y23.183 F650.0
(ROT_RINGS CONT L1 X38.766 Y23.183 -> X39.328 Y23.644)
M68 E2 Q31.418
G4 P0.020
G1 X38.890 Y23.284 F650.0
M68 E2 Q38.315
G1 X39.204 Y23.542 F650.0
M68 E2 Q31.418
G1 X39.328 Y23.644 F650.0
(ROT_RINGS CONT L1 X39.328 Y23.644 -> X39.859 Y24.141)
M68 E2 Q31.418
G4 P0.020
G1 X39.445 Y23.753 F650.0
M68 E2 Q38.315
G1 X39.742 Y24.032 F650.0
M68 E2 Q31.418
G1 X39.859 Y24.141 F650.0
(ROT_RINGS CONT L1 X39.859 Y24.141 -> X40.356 Y24.672)
M68 E2 Q31.418
G4 P0.020
G1 X39.968 Y24.258 F650.0
M68 E2 Q38.315
G1 X40.247 Y24.555 F650.0
M68 E2 Q31.418
G1 X40.356 Y24.672 F650.0
(ROT_RINGS CONT L1 X40.356 Y24.672 -> X40.817 Y25.234)
M68 E2 Q31.418
G4 P0.020
G1 X40.458 Y24.796 F650.0
M68 E2 Q38.315
G1 X40.716 Y25.110 F650.0
M68 E2 Q31.418
G1 X40.817 Y25.234 F650.0
(ROT_RINGS CONT L1 X40.817 Y25.234 -> X41.241 Y25.825)
M68 E2 Q31.418
G4 P0.020
G1 X40.911 Y25.364 F650.0
M68 E2 Q38.315
G1 X41.148 Y25.695 F650.0
M68 E2 Q31.418
G1 X41.241 Y25.825 F650.0
(ROT_RINGS CONT L1 X41.241 Y25.825 -> X41.625 Y26.443)
M68 E2 Q31.418
G4 P0.020
G1 X41.326 Y25.961 F650.0
M68 E2 Q38.315
G1 X41.541 Y26.307 F650.0
M68 E2 Q31.418
G1 X41.625 Y26.443 F650.0
(ROT_RINGS CONT L1 X41.625 Y26.443 -> X41.968 Y27.084)
M68 E2 Q31.418
G4 P0.020
G1 X41.701 Y26.584 F650.0
M68 E2 Q38.315
G1 X41.893 Y26.943 F650.0
M68 E2 Q31.418
G1 X41.968 Y27.084 F650.0
(ROT_RINGS CONT L1 X41.968 Y27.084 -> X42.268 Y27.747)
M68 E2 Q31.418
G4 P0.020
G1 X42.034 Y27.230 F650.0
M68 E2 Q38.315
G1 X42.202 Y27.601 F650.0
M68 E2 Q31.418
G1 X42.268 Y27.747 F650.0
(ROT_RINGS CONT L1 X42.268 Y27.747 -> X42.524 Y28.427)
M68 E2 Q31.418
G4 P0.020
G1 X42.325 Y27.897 F650.0
M68 E2 Q38.315
G1 X42.468 Y28.278 F650.0
M68 E2 Q31.418
G1 X42.524 Y28.427 F650.0
(ROT_RINGS CONT L1 X42.524 Y28.427 -> X42.735 Y29.123)
M68 E2 Q31.418
G4 P0.020
G1 X42.571 Y28.581 F650.0
M68 E2 Q38.315
G1 X42.689 Y28.970 F650.0
M68 E2 Q31.418
G1 X42.735 Y29.123 F650.0
(ROT_RINGS CONT L1 X42.735 Y29.123 -> X42.901 Y29.832)
M68 E2 Q31.418
G4 P0.020
G1 X42.772 Y29.279 F650.0
M68 E2 Q38.315
G1 X42.864 Y29.676 F650.0
M68 E2 Q31.418
G1 X42.901 Y29.832 F650.0
(ROT_RINGS CONT L1 X42.901 Y29.832 -> X43.019 Y30.549)
M68 E2 Q31.418
G4 P0.020
G1 X42.927 Y29.990 F650.0
M68 E2 Q38.315
G1 X42.993 Y30.391 F650.0
M68 E2 Q31.418
G1 X43.019 Y30.549 F650.0
(ROT_RINGS CONT L1 X43.019 Y30.549 -> X43.090 Y31.273)
M68 E2 Q31.418
G4 P0.020
G1 X43.035 Y30.709 F650.0
M68 E2 Q38.315
G1 X43.075 Y31.114 F650.0
M68 E2 Q31.418
G1 X43.090 Y31.273 F650.0
(ROT_RINGS CONT L1 X43.090 Y31.273 -> X43.114 Y32.000)
M68 E2 Q31.418
G4 P0.020
G1 X43.096 Y31.433 F650.0
M68 E2 Q38.315
G1 X43.109 Y31.840 F650.0
M68 E2 Q31.418
G1 X43.114 Y32.000 F650.0
(ROT_RINGS CONT L1 X43.114 Y32.000 -> X43.090 Y32.727)
M68 E2 Q31.418
G4 P0.020
G1 X43.109 Y32.160 F650.0
M68 E2 Q38.315
G1 X43.096 Y32.567 F650.0
M68 E2 Q31.418
G1 X43.090 Y32.727 F650.0
(ROT_RINGS CONT L1 X43.090 Y32.727 -> X43.019 Y33.451)
M68 E2 Q31.418
G4 P0.020
G1 X43.075 Y32.886 F650.0
M68 E2 Q38.315
G1 X43.035 Y33.291 F650.0
M68 E2 Q31.418
G1 X43.019 Y33.451 F650.0
(ROT_RINGS CONT L1 X43.019 Y33.451 -> X42.901 Y34.168)
M68 E2 Q31.418
G4 P0.020
G1 X42.993 Y33.609 F650.0
M68 E2 Q38.315
G1 X42.927 Y34.010 F650.0
M68 E2 Q31.418
G1 X42.901 Y34.168 F650.0
(ROT_RINGS CONT L1 X42.901 Y34.168 -> X42.735 Y34.877)
M68 E2 Q31.418
G4 P0.020
G1 X42.864 Y34.324 F650.0
M68 E2 Q38.315
G1 X42.772 Y34.721 F650.0
M68 E2 Q31.418
G1 X42.735 Y34.877 F650.0
(ROT_RINGS CONT L1 X42.735 Y34.877 -> X42.524 Y35.573)
M68 E2 Q31.418
G4 P0.020
G1 X42.689 Y35.030 F650.0
M68 E2 Q38.315
G1 X42.571 Y35.419 F650.0
M68 E2 Q31.418
G1 X42.524 Y35.573 F650.0
(ROT_RINGS CONT L1 X42.524 Y35.573 -> X42.268 Y36.253)
M68 E2 Q31.418
G4 P0.020
G1 X42.468 Y35.722 F650.0
M68 E2 Q38.315
G1 X42.325 Y36.103 F650.0
M68 E2 Q31.418
G1 X42.268 Y36.253 F650.0
(ROT_RINGS CONT L1 X42.268 Y36.253 -> X41.968 Y36.916)
M68 E2 Q31.418
G4 P0.020
G1 X42.202 Y36.399 F650.0
M68 E2 Q38.315
G1 X42.034 Y36.770 F650.0
M68 E2 Q31.418
G1 X41.968 Y36.916 F650.0
(ROT_RINGS CONT L1 X41.968 Y36.916 -> X41.625 Y37.557)
M68 E2 Q31.418
G4 P0.020
G1 X41.893 Y37.057 F650.0
M68 E2 Q38.315
G1 X41.701 Y37.416 F650.0
M68 E2 Q31.418
G1 X41.625 Y37.557 F650.0
M68 E2 Q0.000
G1 X37.858 Y38.982 F845.0
(ROT_RINGS CONT L1 X37.858 Y38.982 -> X38.303 Y38.584)
M68 E2 Q31.418
G4 P0.020
G1 X37.956 Y38.894 F650.0
M68 E2 Q38.315
G1 X38.205 Y38.671 F650.0
M68 E2 Q31.418
G1 X38.303 Y38.584 F650.0
(ROT_RINGS CONT L1 X38.303 Y38.584 -> X38.720 Y38.157)
M68 E2 Q31.418
G4 P0.020
G1 X38.394 Y38.490 F650.0
M68 E2 Q38.315
G1 X38.628 Y38.251 F650.0
M68 E2 Q31.418
G1 X38.720 Y38.157 F650.0
(ROT_RINGS CONT L1 X38.720 Y38.157 -> X39.108 Y37.705)
M68 E2 Q31.418
G4 P0.020
G1 X38.805 Y38.058 F650.0
M68 E2 Q38.315
G1 X39.023 Y37.804 F650.0
M68 E2 Q31.418
G1 X39.108 Y37.705 F650.0
(ROT_RINGS CONT L1 X39.108 Y37.705 -> X39.466 Y37.228)
M68 E2 Q31.418
G4 P0.020
G1 X39.187 Y37.600 F650.0
M68 E2 Q38.315
G1 X39.387 Y37.333 F650.0
M68 E2 Q31.418
G1 X39.466 Y37.228 F650.0
(ROT_RINGS CONT L1 X39.466 Y37.228 -> X39.792 Y36.728)
M68 E2 Q31.418
G4 P0.020
G1 X39.538 Y37.118 F650.0
M68 E2 Q38.315
G1 X39.720 Y36.838 F650.0
M68 E2 Q31.418
G1 X39.792 Y36.728 F650.0
(ROT_RINGS CONT L1 X39.792 Y36.728 -> X40.084 Y36.208)
M68 E2 Q31.418
G4 P0.020
G1 X39.856 Y36.614 F650.0
M68 E2 Q38.315
G1 X40.020 Y36.323 F650.0
M68 E2 Q31.418
G1 X40.084 Y36.208 F650.0
(ROT_RINGS CONT L1 X40.084 Y36.208 -> X40.342 Y35.671)
M68 E2 Q31.418
G4 P0.020
G1 X40.141 Y36.090 F650.0
M68 E2 Q38.315
G1 X40.286 Y35.789 F650.0
M68 E2 Q31.418
G1 X40.342 Y35.671 F650.0
(ROT_RINGS CONT L1 X40.342 Y35.671 -> X40.565 Y35.117)
M68 E2 Q31.418
G4 P0.020
G1 X40.391 Y35.549 F650.0
M68 E2 Q38.315
G1 X40.516 Y35.239 F650.0
M68 E2 Q31.418
G1 X40.565 Y35.117 F650.0
(ROT_RINGS CONT L1 X40.565 Y35.117 -> X40.750 Y34.550)
M68 E2 Q31.418
G4 P0.020
G1 X40.605 Y34.993 F650.0
M68 E2 Q38.315
G1 X40.709 Y34.675 F650.0
M68 E2 Q31.418
G1 X40.750 Y34.550 F650.0
(ROT_RINGS CONT L1 X40.750 Y34.550 -> X40.898 Y33.973)
M68 E2 Q31.418
G4 P0.020
G1 X40.783 Y34.423 F650.0
M68 E2 Q38.315
G1 X40.866 Y34.100 F650.0
M68 E2 Q31.418
G1 X40.898 Y33.973 F650.0
(ROT_RINGS CONT L1 X40.898 Y33.973 -> X41.008 Y33.386)
M68 E2 Q31.418
G4 P0.020
G1 X40.922 Y33.844 F650.0
M68 E2 Q38.315
G1 X40.984 Y33.515 F650.0
M68 E2 Q31.418
G1 X41.008 Y33.386 F650.0
(ROT_RINGS CONT L1 X41.008 Y33.386 -> X41.080 Y32.794)
M68 E2 Q31.418
G4 P0.020
G1 X41.024 Y33.256 F650.0
M68 E2 Q38.315
G1 X41.064 Y32.925 F650.0
M68 E2 Q31.418
G1 X41.080 Y32.794 F650.0
(ROT_RINGS CONT L1 X41.080 Y32.794 -> X41.112 Y32.199)
M68 E2 Q31.418
G4 P0.020
G1 X41.087 Y32.663 F650.0
M68 E2 Q38.315
G1 X41.105 Y32.330 F650.0
M68 E2 Q31.418
G1 X41.112 Y32.199 F650.0
(ROT_RINGS CONT L1 X41.112 Y32.199 -> X41.106 Y31.602)
M68 E2 Q31.418
G4 P0.020
G1 X41.111 Y32.068 F650.0
M68 E2 Q38.315
G1 X41.107 Y31.734 F650.0
M68 E2 Q31.418
G1 X41.106 Y31.602 F650.0
(ROT_RINGS CONT L1 X41.106 Y31.602 -> X41.060 Y31.008)
M68 E2 Q31.418
G4 P0.020
G1 X41.096 Y31.472 F650.0
M68 E2 Q38.315
G1 X41.070 Y31.139 F650.0
M68 E2 Q31.418
G1 X41.060 Y31.008 F650.0
(ROT_RINGS CONT L1 X41.060 Y31.008 -> X40.976 Y30.417)
M68 E2 Q31.418
G4 P0.020
G1 X41.041 Y30.878 F650.0
M68 E2 Q38.315
G1 X40.994 Y30.547 F650.0
M68 E2 Q31.418
G1 X40.976 Y30.417 F650.0
(ROT_RINGS CONT L1 X40.976 Y30.417 -> X40.853 Y29.834)
M68 E2 Q31.418
G4 P0.020
G1 X40.949 Y30.289 F650.0
M68 E2 Q38.315
G1 X40.880 Y29.962 F650.0
M68 E2 Q31.418
G1 X40.853 Y29.834 F650.0
(ROT_RINGS CONT L1 X40.853 Y29.834 -> X40.692 Y29.259)
M68 E2 Q31.418
G4 P0.020
G1 X40.818 Y29.707 F650.0
M68 E2 Q38.315
G1 X40.728 Y29.386 F650.0
M68 E2 Q31.418
G1 X40.692 Y29.259 F650.0
(ROT_RINGS CONT L1 X40.692 Y29.259 -> X40.495 Y28.697)
M68 E2 Q31.418
G4 P0.020
G1 X40.649 Y29.136 F650.0
M68 E2 Q38.315
G1 X40.538 Y28.820 F650.0
M68 E2 Q31.418
G1 X40.495 Y28.697 F650.0
(ROT_RINGS CONT L1 X40.495 Y28.697 -> X40.260 Y28.148)
M68 E2 Q31.418
G4 P0.020
G1 X40.443 Y28.576 F650.0
M68 E2 Q38.315
G1 X40.312 Y28.269 F650.0
M68 E2 Q31.418
G1 X40.260 Y28.148 F650.0
(ROT_RINGS CONT L1 X40.260 Y28.148 -> X39.991 Y27.616)
M68 E2 Q31.418
G4 P0.020
G1 X40.201 Y28.031 F650.0
M68 E2 Q38.315
G1 X40.050 Y27.733 F650.0
M68 E2 Q31.418
G1 X39.991 Y27.616 F650.0
(ROT_RINGS CONT L1 X39.991 Y27.616 -> X39.687 Y27.103)
M68 E2 Q31.418
G4 P0.020
G1 X39.924 Y27.503 F650.0
M68 E2 Q38.315
G1 X39.754 Y27.216 F650.0
M68 E2 Q31.418
G1 X39.687 Y27.103 F650.0
(ROT_RINGS CONT L1 X39.687 Y27.103 -> X39.350 Y26.611)
M68 E2 Q31.418
G4 P0.020
G1 X39.613 Y26.995 F650.0
M68 E2 Q38.315
G1 X39.424 Y26.719 F650.0
M68 E2 Q31.418
G1 X39.350 Y26.611 F650.0
(ROT_RINGS CONT L1 X39.350 Y26.611 -> X38.982 Y26.142)
M68 E2 Q31.418
G4 P0.020
G1 X39.269 Y26.507 F650.0
M68 E2 Q38.315
G1 X39.063 Y26.245 F650.0
M68 E2 Q31.418
G1 X38.982 Y26.142 F650.0
(ROT_RINGS CONT L1 X38.982 Y26.142 -> X38.584 Y25.697)
M68 E2 Q31.418
G4 P0.020
G1 X38.894 Y26.044 F650.0
M68 E2 Q38.315
G1 X38.671 Y25.795 F650.0
M68 E2 Q31.418
G1 X38.584 Y25.697 F650.0
(ROT_RINGS CONT L1 X38.584 Y25.697 -> X38.157 Y25.280)
M68 E2 Q31.418
G4 P0.020
G1 X38.490 Y25.606 F650.0
M68 E2 Q38.315
G1 X38.251 Y25.372 F650.0
M68 E2 Q31.418
G1 X38.157 Y25.280 F650.0
(ROT_RINGS CONT L1 X38.157 Y25.280 -> X37.705 Y24.892)
M68 E2 Q31.418
G4 P0.020
G1 X38.058 Y25.195 F650.0
M68 E2 Q38.315
G1 X37.804 Y24.977 F650.0
M68 E2 Q31.418
G1 X37.705 Y24.892 F650.0
(ROT_RINGS CONT L1 X37.705 Y24.892 -> X37.228 Y24.534)
M68 E2 Q31.418
G4 P0.020
G1 X37.600 Y24.813 F650.0
M68 E2 Q38.315
G1 X37.333 Y24.613 F650.0
M68 E2 Q31.418
G1 X37.228 Y24.534 F650.0
(ROT_RINGS CONT L1 X37.228 Y24.534 -> X36.728 Y24.208)
M68 E2 Q31.418
G4 P0.020
G1 X37.118 Y24.462 F650.0
M68 E2 Q38.315
G1 X36.838 Y24.280 F650.0
M68 E2 Q31.418
G1 X36.728 Y24.208 F650.0
(ROT_RINGS CONT L1 X36.728 Y24.208 -> X36.208 Y23.916)
M68 E2 Q31.418
G4 P0.020
G1 X36.614 Y24.144 F650.0
M68 E2 Q38.315
G1 X36.323 Y23.980 F650.0
M68 E2 Q31.418
G1 X36.208 Y23.916 F650.0
(ROT_RINGS CONT L1 X36.208 Y23.916 -> X35.671 Y23.658)
M68 E2 Q31.418
G4 P0.020
G1 X36.090 Y23.859 F650.0
M68 E2 Q38.315
G1 X35.789 Y23.714 F650.0
M68 E2 Q31.418
G1 X35.671 Y23.658 F650.0
(ROT_RINGS CONT L1 X35.671 Y23.658 -> X35.117 Y23.435)
M68 E2 Q31.418
G4 P0.020
G1 X35.549 Y23.609 F650.0
M68 E2 Q38.315
G1 X35.239 Y23.484 F650.0
M68 E2 Q31.418
G1 X35.117 Y23.435 F650.0
(ROT_RINGS CONT L1 X35.117 Y23.435 -> X34.550 Y23.250)
M68 E2 Q31.418
G4 P0.020
G1 X34.993 Y23.395 F650.0
M68 E2 Q38.315
G1 X34.675 Y23.291 F650.0
M68 E2 Q31.418
G1 X34.550 Y23.250 F650.0
(ROT_RINGS CONT L1 X34.550 Y23.250 -> X33.973 Y23.102)
M68 E2 Q31.418
G4 P0.020
G1 X34.423 Y23.217 F650.0
M68 E2 Q38.315
G1 X34.100 Y23.134 F650.0
M68 E2 Q31.418
G1 X33.973 Y23.102 F650.0
(ROT_RINGS CONT L1 X33.973 Y23.102 -> X33.386 Y22.992)
M68 E2 Q31.418
G4 P0.020
G1 X33.844 Y23.078 F650.0
M68 E2 Q38.315
G1 X33.515 Y23.016 F650.0
M68 E2 Q31.418
G1 X33.386 Y22.992 F650.0
(ROT_RINGS CONT L1 X33.386 Y22.992 -> X32.794 Y22.920)
M68 E2 Q31.418
G4 P0.020
G1 X33.256 Y22.976 F650.0
M68 E2 Q38.315
G1 X32.925 Y22.936 F650.0
M68 E2 Q31.418
G1 X32.794 Y22.920 F650.0
(ROT_RINGS CONT L1 X32.794 Y22.920 -> X32.199 Y22.888)
M68 E2 Q31.418
G4 P0.020
G1 X32.663 Y22.913 F650.0
M68 E2 Q38.315
G1 X32.330 Y22.895 F650.0
M68 E2 Q31.418
G1 X32.199 Y22.888 F650.0
(ROT_RINGS CONT L1 X32.199 Y22.888 -> X31.602 Y22.894)
M68 E2 Q31.418
G4 P0.020
G1 X32.068 Y22.889 F650.0
M68 E2 Q38.315
G1 X31.734 Y22.893 F650.0
M68 E2 Q31.418
G1 X31.602 Y22.894 F650.0
(ROT_RINGS CONT L1 X31.602 Y22.894 -> X31.008 Y22.940)
M68 E2 Q31.418
G4 P0.020
G1 X31.472 Y22.904 F650.0
M68 E2 Q38.315
G1 X31.139 Y22.930 F650.0
M68 E2 Q31.418
G1 X31.008 Y22.940 F650.0
(ROT_RINGS CONT L1 X31.008 Y22.940 -> X30.417 Y23.024)
M68 E2 Q31.418
G4 P0.020
G1 X30.878 Y22.959 F650.0
M68 E2 Q38.315
G1 X30.547 Y23.006 F650.0
M68 E2 Q31.418
G1 X30.417 Y23.024 F650.0
(ROT_RINGS CONT L1 X30.417 Y23.024 -> X29.834 Y23.147)
M68 E2 Q31.418
G4 P0.020
G1 X30.289 Y23.051 F650.0
M68 E2 Q38.315
G1 X29.962 Y23.120 F650.0
M68 E2 Q31.418
G1 X29.834 Y23.147 F650.0
(ROT_RINGS CONT L1 X29.834 Y23.147 -> X29.259 Y23.308)
M68 E2 Q31.418
G4 P0.020
G1 X29.707 Y23.182 F650.0
M68 E2 Q38.315
G1 X29.386 Y23.272 F650.0
M68 E2 Q31.418
G1 X29.259 Y23.308 F650.0
(ROT_RINGS CONT L1 X29.259 Y23.308 -> X28.697 Y23.505)
M68 E2 Q31.418
G4 P0.020
G1 X29.136 Y23.351 F650.0
M68 E2 Q38.315
G1 X28.820 Y23.462 F650.0
M68 E2 Q31.418
G1 X28.697 Y23.505 F650.0
(ROT_RINGS CONT L1 X28.697 Y23.505 -> X28.148 Y23.740)
M68 E2 Q31.418
G4 P0.020
G1 X28.576 Y23.557 F650.0
M68 E2 Q38.315
G1 X28.269 Y23.688 F650.0
M68 E2 Q31.418
G1 X28.148 Y23.740 F650.0
(ROT_RINGS CONT L1 X28.148 Y23.740 -> X27.616 Y24.009)
M68 E2 Q31.418
G4 P0.020
G1 X28.031 Y23.799 F650.0
M68 E2 Q38.315
G1 X27.733 Y23.950 F650.0
M68 E2 Q31.418
G1 X27.616 Y24.009 F650.0
(ROT_RINGS CONT L1 X27.616 Y24.009 -> X27.103 Y24.313)
M68 E2 Q31.418
G4 P0.020
G1 X27.503 Y24.076 F650.0
M68 E2 Q38.315
G1 X27.216 Y24.246 F650.0
M68 E2 Q31.418
G1 X27.103 Y24.313 F650.0
(ROT_RINGS CONT L1 X27.103 Y24.313 -> X26.611 Y24.650)
M68 E2 Q31.418
G4 P0.020
G1 X26.995 Y24.387 F650.0
M68 E2 Q38.315
G1 X26.719 Y24.576 F650.0
M68 E2 Q31.418
G1 X26.611 Y24.650 F650.0
(ROT_RINGS CONT L1 X26.611 Y24.650 -> X26.142 Y25.018)
M68 E2 Q31.418
G4 P0.020
G1 X26.507 Y24.731 F650.0
M68 E2 Q38.315
G1 X26.245 Y24.937 F650.0
M68 E2 Q31.418
G1 X26.142 Y25.018 F650.0
(ROT_RINGS CONT L1 X26.142 Y25.018 -> X25.697 Y25.416)
M68 E2 Q31.418
G4 P0.020
G1 X26.044 Y25.106 F650.0
M68 E2 Q38.315
G1 X25.795 Y25.329 F650.0
M68 E2 Q31.418
G1 X25.697 Y25.416 F650.0
(ROT_RINGS CONT L1 X25.697 Y25.416 -> X25.280 Y25.843)
M68 E2 Q31.418
G4 P0.020
G1 X25.606 Y25.510 F650.0
M68 E2 Q38.315
G1 X25.372 Y25.749 F650.0
M68 E2 Q31.418
G1 X25.280 Y25.843 F650.0
(ROT_RINGS CONT L1 X25.280 Y25.843 -> X24.892 Y26.295)
M68 E2 Q31.418
G4 P0.020
G1 X25.195 Y25.942 F650.0
M68 E2 Q38.315
G1 X24.977 Y26.196 F650.0
M68 E2 Q31.418
G1 X24.892 Y26.295 F650.0
(ROT_RINGS CONT L1 X24.892 Y26.295 -> X24.534 Y26.772)
M68 E2 Q31.418
G4 P0.020
G1 X24.813 Y26.400 F650.0
M68 E2 Q38.315
G1 X24.613 Y26.667 F650.0
M68 E2 Q31.418
G1 X24.534 Y26.772 F650.0
(ROT_RINGS CONT L1 X24.534 Y26.772 -> X24.208 Y27.272)
M68 E2 Q31.418
G4 P0.020
G1 X24.462 Y26.882 F650.0
M68 E2 Q38.315
G1 X24.280 Y27.162 F650.0
M68 E2 Q31.418
G1 X24.208 Y27.272 F650.0
(ROT_RINGS CONT L1 X24.208 Y27.272 -> X23.916 Y27.792)
M68 E2 Q31.418
G4 P0.020
G1 X24.144 Y27.386 F650.0
M68 E2 Q38.315
G1 X23.980 Y27.677 F650.0
M68 E2 Q31.418
G1 X23.916 Y27.792 F650.0
(ROT_RINGS CONT L1 X23.916 Y27.792 -> X23.658 Y28.329)
M68 E2 Q31.418
G4 P0.020
G1 X23.859 Y27.910 F650.0
M68 E2 Q38.315
G1 X23.714 Y28.211 F650.0
M68 E2 Q31.418
G1 X23.658 Y28.329 F650.0
(ROT_RINGS CONT L1 X23.658 Y28.329 -> X23.435 Y28.883)
M68 E2 Q31.418
G4 P0.020
G1 X23.609 Y28.451 F650.0
M68 E2 Q38.315
G1 X23.484 Y28.761 F650.0
M68 E2 Q31.418
G1 X23.435 Y28.883 F650.0
(ROT_RINGS CONT L1 X23.435 Y28.883 -> X23.250 Y29.450)
M68 E2 Q31.418
G4 P0.020
G1 X23.395 Y29.007 F650.0
M68 E2 Q38.315
G1 X23.291 Y29.325 F650.0
M68 E2 Q31.418
G1 X23.250 Y29.450 F650.0
(ROT_RINGS CONT L1 X23.250 Y29.450 -> X23.102 Y30.027)
M68 E2 Q31.418
G4 P0.020
G1 X23.217 Y29.577 F650.0
M68 E2 Q38.315
G1 X23.134 Y29.900 F650.0
M68 E2 Q31.418
G1 X23.102 Y30.027 F650.0
(ROT_RINGS CONT L1 X23.102 Y30.027 -> X22.992 Y30.614)
M68 E2 Q31.418
G4 P0.020
G1 X23.078 Y30.156 F650.0
M68 E2 Q38.315
G1 X23.016 Y30.485 F650.0
M68 E2 Q31.418
G1 X22.992 Y30.614 F650.0
(ROT_RINGS CONT L1 X22.992 Y30.614 -> X22.920 Y31.206)
M68 E2 Q31.418
G4 P0.020
G1 X22.976 Y30.744 F650.0
M68 E2 Q38.315
G1 X22.936 Y31.075 F650.0
M68 E2 Q31.418
G1 X22.920 Y31.206 F650.0
(ROT_RINGS CONT L1 X22.920 Y31.206 -> X22.888 Y31.801)
M68 E2 Q31.418
G4 P0.020
G1 X22.913 Y31.337 F650.0
M68 E2 Q38.315
G1 X22.895 Y31.670 F650.0
M68 E2 Q31.418
G1 X22.888 Y31.801 F650.0
(ROT_RINGS CONT L1 X22.888 Y31.801 -> X22.894 Y32.398)
M68 E2 Q31.418
G4 P0.020
G1 X22.889 Y31.932 F650.0
M68 E2 Q38.315
G1 X22.893 Y32.266 F650.0
M68 E2 Q31.418
G1 X22.894 Y32.398 F650.0
(ROT_RINGS CONT L1 X22.894 Y32.398 -> X22.940 Y32.992)
M68 E2 Q31.418
G4 P0.020
G1 X22.904 Y32.528 F650.0
M68 E2 Q38.315
G1 X22.930 Y32.861 F650.0
M68 E2 Q31.418
G1 X22.940 Y32.992 F650.0
(ROT_RINGS CONT L1 X22.940 Y32.992 -> X23.024 Y33.583)
M68 E2 Q31.418
G4 P0.020
G1 X22.959 Y33.122 F650.0
M68 E2 Q38.315
G1 X23.006 Y33.453 F650.0
M68 E2 Q31.418
G1 X23.024 Y33.583 F650.0
(ROT_RINGS CONT L1 X23.024 Y33.583 -> X23.147 Y34.166)
M68 E2 Q31.418
G4 P0.020
G1 X23.051 Y33.711 F650.0
M68 E2 Q38.315
G1 X23.120 Y34.038 F650.0
M68 E2 Q31.418
G1 X23.147 Y34.166 F650.0
(ROT_RINGS CONT L1 X23.147 Y34.166 -> X23.308 Y34.741)
M68 E2 Q31.418
G4 P0.020
G1 X23.182 Y34.293 F650.0
M68 E2 Q38.315
G1 X23.272 Y34.614 F650.0
M68 E2 Q31.418
G1 X23.308 Y34.741 F650.0
(ROT_RINGS CONT L1 X23.308 Y34.741 -> X23.505 Y35.303)
M68 E2 Q31.418
G4 P0.020
G1 X23.351 Y34.864 F650.0
M68 E2 Q38.315
G1 X23.462 Y35.180 F650.0
M68 E2 Q31.418
G1 X23.505 Y35.303 F650.0
(ROT_RINGS CONT L1 X23.505 Y35.303 -> X23.740 Y35.852)
M68 E2 Q31.418
G4 P0.020
G1 X23.557 Y35.424 F650.0
M68 E2 Q38.315
G1 X23.688 Y35.731 F650.0
M68 E2 Q31.418
G1 X23.740 Y35.852 F650.0
(ROT_RINGS CONT L1 X23.740 Y35.852 -> X24.009 Y36.384)
M68 E2 Q31.418
G4 P0.020
G1 X23.799 Y35.969 F650.0
M68 E2 Q38.315
G1 X23.950 Y36.267 F650.0
M68 E2 Q31.418
G1 X24.009 Y36.384 F650.0
(ROT_RINGS CONT L1 X24.009 Y36.384 -> X24.313 Y36.897)
M68 E2 Q31.418
G4 P0.020
G1 X24.076 Y36.497 F650.0
M68 E2 Q38.315
G1 X24.246 Y36.784 F650.0
M68 E2 Q31.418
G1 X24.313 Y36.897 F650.0
(ROT_RINGS CONT L1 X24.313 Y36.897 -> X24.650 Y37.389)
M68 E2 Q31.418
G4 P0.020
G1 X24.387 Y37.005 F650.0
M68 E2 Q38.315
G1 X24.576 Y37.281 F650.0
M68 E2 Q31.418
G1 X24.650 Y37.389 F650.0
(ROT_RINGS CONT L1 X24.650 Y37.389 -> X25.018 Y37.858)
M68 E2 Q31.418
G4 P0.020
G1 X24.731 Y37.493 F650.0
M68 E2 Q38.315
G1 X24.937 Y37.755 F650.0
M68 E2 Q31.418
G1 X25.018 Y37.858 F650.0
(ROT_RINGS CONT L1 X25.018 Y37.858 -> X25.416 Y38.303)
M68 E2 Q31.418
G4 P0.020
G1 X25.106 Y37.956 F650.0
M68 E2 Q38.315
G1 X25.329 Y38.205 F650.0
M68 E2 Q31.418
G1 X25.416 Y38.303 F650.0
(ROT_RINGS CONT L1 X25.416 Y38.303 -> X25.843 Y38.720)
M68 E2 Q31.418
G4 P0.020
G1 X25.510 Y38.394 F650.0
M68 E2 Q38.315
G1 X25.749 Y38.628 F650.0
M68 E2 Q31.418
G1 X25.843 Y38.720 F650.0
(ROT_RINGS CONT L1 X25.843 Y38.720 -> X26.295 Y39.108)
M68 E2 Q31.418
G4 P0.020
G1 X25.942 Y38.805 F650.0
M68 E2 Q38.315
G1 X26.196 Y39.023 F650.0
M68 E2 Q31.418
G1 X26.295 Y39.108 F650.0
(ROT_RINGS CONT L1 X26.295 Y39.108 -> X26.772 Y39.466)
M68 E2 Q31.418
G4 P0.020
G1 X26.400 Y39.187 F650.0
M68 E2 Q38.315
G1 X26.667 Y39.387 F650.0
M68 E2 Q31.418
G1 X26.772 Y39.466 F650.0
(ROT_RINGS CONT L1 X26.772 Y39.466 -> X27.272 Y39.792)
M68 E2 Q31.418
G4 P0.020
G1 X26.882 Y39.538 F650.0
M68 E2 Q38.315
G1 X27.162 Y39.720 F650.0
M68 E2 Q31.418
G1 X27.272 Y39.792 F650.0
(ROT_RINGS CONT L1 X27.272 Y39.792 -> X27.792 Y40.084)
M68 E2 Q31.418
G4 P0.020
G1 X27.386 Y39.856 F650.0
M68 E2 Q38.315
G1 X27.677 Y40.020 F650.0
M68 E2 Q31.418
G1 X27.792 Y40.084 F650.0
(ROT_RINGS CONT L1 X27.792 Y40.084 -> X28.329 Y40.342)
M68 E2 Q31.418
G4 P0.020
G1 X27.910 Y40.141 F650.0
M68 E2 Q38.315
G1 X28.211 Y40.286 F650.0
M68 E2 Q31.418
G1 X28.329 Y40.342 F650.0
(ROT_RINGS CONT L1 X28.329 Y40.342 -> X28.883 Y40.565)
M68 E2 Q31.418
G4 P0.020
G1 X28.451 Y40.391 F650.0
M68 E2 Q38.315
G1 X28.761 Y40.516 F650.0
M68 E2 Q31.418
G1 X28.883 Y40.565 F650.0
(ROT_RINGS CONT L1 X28.883 Y40.565 -> X29.450 Y40.750)
M68 E2 Q31.418
G4 P0.020
G1 X29.007 Y40.605 F650.0
M68 E2 Q38.315
G1 X29.325 Y40.709 F650.0
M68 E2 Q31.418
G1 X29.450 Y40.750 F650.0
(ROT_RINGS CONT L1 X29.450 Y40.750 -> X30.027 Y40.898)
M68 E2 Q31.418
G4 P0.020
G1 X29.577 Y40.783 F650.0
M68 E2 Q38.315
G1 X29.900 Y40.866 F650.0
M68 E2 Q31.418
G1 X30.027 Y40.898 F650.0
(ROT_RINGS CONT L1 X30.027 Y40.898 -> X30.614 Y41.008)
M68 E2 Q31.418
G4 P0.020
G1 X30.156 Y40.922 F650.0
M68 E2 Q38.315
G1 X30.485 Y40.984 F650.0
M68 E2 Q31.418
G1 X30.614 Y41.008 F650.0
(ROT_RINGS CONT L1 X30.614 Y41.008 -> X31.206 Y41.080)
M68 E2 Q31.418
G4 P0.020
G1 X30.744 Y41.024 F650.0
M68 E2 Q38.315
G1 X31.075 Y41.064 F650.0
M68 E2 Q31.418
G1 X31.206 Y41.080 F650.0
(ROT_RINGS CONT L1 X31.206 Y41.080 -> X31.801 Y41.112)
M68 E2 Q31.418
G4 P0.020
G1 X31.337 Y41.087 F650.0
M68 E2 Q38.315
G1 X31.670 Y41.105 F650.0
M68 E2 Q31.418
G1 X31.801 Y41.112 F650.0
(ROT_RINGS CONT L1 X31.801 Y41.112 -> X32.398 Y41.106)
M68 E2 Q31.418
G4 P0.020
G1 X31.932 Y41.111 F650.0
M68 E2 Q38.315
G1 X32.266 Y41.107 F650.0
M68 E2 Q31.418
G1 X32.398 Y41.106 F650.0
(ROT_RINGS CONT L1 X32.398 Y41.106 -> X32.992 Y41.060)
M68 E2 Q31.418
G4 P0.020
G1 X32.528 Y41.096 F650.0
M68 E2 Q38.315
G1 X32.861 Y41.070 F650.0
M68 E2 Q31.418
G1 X32.992 Y41.060 F650.0
(ROT_RINGS CONT L1 X32.992 Y41.060 -> X33.583 Y40.976)
M68 E2 Q31.418
G4 P0.020
G1 X33.122 Y41.041 F650.0
M68 E2 Q38.315
G1 X33.453 Y40.994 F650.0
M68 E2 Q31.418
G1 X33.583 Y40.976 F650.0
(ROT_RINGS CONT L1 X33.583 Y40.976 -> X34.166 Y40.853)
M68 E2 Q31.418
G4 P0.020
G1 X33.711 Y40.949 F650.0
M68 E2 Q38.315
G1 X34.038 Y40.880 F650.0
M68 E2 Q31.418
G1 X34.166 Y40.853 F650.0
(ROT_RINGS CONT L1 X34.166 Y40.853 -> X34.741 Y40.692)
M68 E2 Q31.418
G4 P0.020
G1 X34.293 Y40.818 F650.0
M68 E2 Q38.315
G1 X34.614 Y40.728 F650.0
M68 E2 Q31.418
G1 X34.741 Y40.692 F650.0
(ROT_RINGS CONT L1 X34.741 Y40.692 -> X35.303 Y40.495)
M68 E2 Q31.418
G4 P0.020
G1 X34.864 Y40.649 F650.0
M68 E2 Q38.315
G1 X35.180 Y40.538 F650.0
M68 E2 Q31.418
G1 X35.303 Y40.495 F650.0
(ROT_RINGS CONT L1 X35.303 Y40.495 -> X35.852 Y40.260)
M68 E2 Q31.418
G4 P0.020
G1 X35.424 Y40.443 F650.0
M68 E2 Q38.315
G1 X35.731 Y40.312 F650.0
M68 E2 Q31.418
G1 X35.852 Y40.260 F650.0
(ROT_RINGS CONT L1 X35.852 Y40.260 -> X36.384 Y39.991)
M68 E2 Q31.418
G4 P0.020
G1 X35.969 Y40.201 F650.0
M68 E2 Q38.315
G1 X36.267 Y40.050 F650.0
M68 E2 Q31.418
G1 X36.384 Y39.991 F650.0
(ROT_RINGS CONT L1 X36.384 Y39.991 -> X36.897 Y39.687)
M68 E2 Q31.418
G4 P0.020
G1 X36.497 Y39.924 F650.0
M68 E2 Q38.315
G1 X36.784 Y39.754 F650.0
M68 E2 Q31.418
G1 X36.897 Y39.687 F650.0
(ROT_RINGS CONT L1 X36.897 Y39.687 -> X37.389 Y39.350)
M68 E2 Q31.418
G4 P0.020
G1 X37.005 Y39.613 F650.0
M68 E2 Q38.315
G1 X37.281 Y39.424 F650.0
M68 E2 Q31.418
G1 X37.389 Y39.350 F650.0
(ROT_RINGS CONT L1 X37.389 Y39.350 -> X37.858 Y38.982)
M68 E2 Q31.418
G4 P0.020
G1 X37.493 Y39.269 F650.0
M68 E2 Q38.315
G1 X37.755 Y39.063 F650.0
M68 E2 Q31.418
G1 X37.858 Y38.982 F650.0
M68 E2 Q0.000
G1 X34.433 Y38.685 F845.0
(ROT_RINGS CONT L1 X34.433 Y38.685 -> X33.991 Y38.830)
M68 E2 Q31.418
G4 P0.020
G1 X34.336 Y38.717 F650.0
M68 E2 Q38.315
G1 X34.088 Y38.798 F650.0
M68 E2 Q31.418
G1 X33.991 Y38.830 F650.0
(ROT_RINGS CONT L1 X33.991 Y38.830 -> X33.540 Y38.946)
M68 E2 Q31.418
G4 P0.020
G1 X33.892 Y38.855 F650.0
M68 E2 Q38.315
G1 X33.639 Y38.920 F650.0
M68 E2 Q31.418
G1 X33.540 Y38.946 F650.0
(ROT_RINGS CONT L1 X33.540 Y38.946 -> X33.082 Y39.031)
M68 E2 Q31.418
G4 P0.020
G1 X33.439 Y38.964 F650.0
M68 E2 Q38.315
G1 X33.183 Y39.013 F650.0
M68 E2 Q31.418
G1 X33.082 Y39.031 F650.0
(ROT_RINGS CONT L1 X33.082 Y39.031 -> X32.620 Y39.087)
M68 E2 Q31.418
G4 P0.020
G1 X32.981 Y39.044 F650.0
M68 E2 Q38.315
G1 X32.722 Y39.075 F650.0
M68 E2 Q31.418
G1 X32.620 Y39.087 F650.0
(ROT_RINGS CONT L1 X32.620 Y39.087 -> X32.155 Y39.113)
M68 E2 Q31.418
G4 P0.020
G1 X32.518 Y39.093 F650.0
M68 E2 Q38.315
G1 X32.257 Y39.107 F650.0
M68 E2 Q31.418
G1 X32.155 Y39.113 F650.0
(ROT_RINGS CONT L1 X32.155 Y39.113 -> X31.690 Y39.107)
M68 E2 Q31.418
G4 P0.020
G1 X32.053 Y39.111 F650.0
M68 E2 Q38.315
G1 X31.792 Y39.109 F650.0
M68 E2 Q31.418
G1 X31.690 Y39.107 F650.0
(ROT_RINGS CONT L1 X31.690 Y39.107 -> X31.225 Y39.072)
M68 E2 Q31.418
G4 P0.020
G1 X31.588 Y39.100 F650.0
M68 E2 Q38.315
G1 X31.328 Y39.080 F650.0
M68 E2 Q31.418
G1 X31.225 Y39.072 F650.0
(ROT_RINGS CONT L1 X31.225 Y39.072 -> X30.765 Y39.006)
M68 E2 Q31.418
G4 P0.020
G1 X31.124 Y39.057 F650.0
M68 E2 Q38.315
G1 X30.866 Y39.021 F650.0
M68 E2 Q31.418
G1 X30.765 Y39.006 F650.0
(ROT_RINGS CONT L1 X30.765 Y39.006 -> X30.309 Y38.910)
M68 E2 Q31.418
G4 P0.020
G1 X30.664 Y38.985 F650.0
M68 E2 Q38.315
G1 X30.409 Y38.931 F650.0
M68 E2 Q31.418
G1 X30.309 Y38.910 F650.0
(ROT_RINGS CONT L1 X30.309 Y38.910 -> X29.861 Y38.785)
M68 E2 Q31.418
G4 P0.020
G1 X30.210 Y38.883 F650.0
M68 E2 Q38.315
G1 X29.959 Y38.813 F650.0
M68 E2 Q31.418
G1 X29.861 Y38.785 F650.0
(ROT_RINGS CONT L1 X29.861 Y38.785 -> X29.422 Y38.630)
M68 E2 Q31.418
G4 P0.020
G1 X29.764 Y38.751 F650.0
M68 E2 Q38.315
G1 X29.518 Y38.664 F650.0
M68 E2 Q31.418
G1 X29.422 Y38.630 F650.0
(ROT_RINGS CONT L1 X29.422 Y38.630 -> X28.993 Y38.448)
M68 E2 Q31.418
G4 P0.020
G1 X29.327 Y38.590 F650.0
M68 E2 Q38.315
G1 X29.088 Y38.488 F650.0
M68 E2 Q31.418
G1 X28.993 Y38.448 F650.0
(ROT_RINGS CONT L1 X28.993 Y38.448 -> X28.578 Y38.237)
M68 E2 Q31.418
G4 P0.020
G1 X28.902 Y38.401 F650.0
M68 E2 Q38.315
G1 X28.670 Y38.284 F650.0
M68 E2 Q31.418
G1 X28.578 Y38.237 F650.0
(ROT_RINGS CONT L1 X28.578 Y38.237 -> X28.178 Y38.000)
M68 E2 Q31.418
G4 P0.020
G1 X28.490 Y38.185 F650.0
M68 E2 Q38.315
G1 X28.266 Y38.052 F650.0
M68 E2 Q31.418
G1 X28.178 Y38.000 F650.0
(ROT_RINGS CONT L1 X28.178 Y38.000 -> X27.793 Y37.737)
M68 E2 Q31.418
G4 P0.020
G1 X28.093 Y37.942 F650.0
M68 E2 Q38.315
G1 X27.878 Y37.795 F650.0
M68 E2 Q31.418
G1 X27.793 Y37.737 F650.0
(ROT_RINGS CONT L1 X27.793 Y37.737 -> X27.427 Y37.450)
M68 E2 Q31.418
G4 P0.020
G1 X27.713 Y37.674 F650.0
M68 E2 Q38.315
G1 X27.508 Y37.513 F650.0
M68 E2 Q31.418
G1 X27.427 Y37.450 F650.0
(ROT_RINGS CONT L1 X27.427 Y37.450 -> X27.080 Y37.139)
M68 E2 Q31.418
G4 P0.020
G1 X27.351 Y37.381 F650.0
M68 E2 Q38.315
G1 X27.157 Y37.207 F650.0
M68 E2 Q31.418
G1 X27.080 Y37.139 F650.0
(ROT_RINGS CONT L1 X27.080 Y37.139 -> X26.755 Y36.806)
M68 E2 Q31.418
G4 P0.020
G1 X27.009 Y37.066 F650.0
M68 E2 Q38.315
G1 X26.826 Y36.879 F650.0
M68 E2 Q31.418
G1 X26.755 Y36.806 F650.0
(ROT_RINGS CONT L1 X26.755 Y36.806 -> X26.452 Y36.453)
M68 E2 Q31.418
G4 P0.020
G1 X26.688 Y36.729 F650.0
M68 E2 Q38.315
G1 X26.518 Y36.531 F650.0
M68 E2 Q31.418
G1 X26.452 Y36.453 F650.0
(ROT_RINGS CONT L1 X26.452 Y36.453 -> X26.172 Y36.081)
M68 E2 Q31.418
G4 P0.020
G1 X26.390 Y36.371 F650.0
M68 E2 Q38.315
G1 X26.234 Y36.162 F650.0
M68 E2 Q31.418
G1 X26.172 Y36.081 F650.0
(ROT_RINGS CONT L1 X26.172 Y36.081 -> X25.918 Y35.691)
M68 E2 Q31.418
G4 P0.020
G1 X26.116 Y35.995 F650.0
M68 E2 Q38.315
G1 X25.974 Y35.776 F650.0
M68 E2 Q31.418
G1 X25.918 Y35.691 F650.0
(ROT_RINGS CONT L1 X25.918 Y35.691 -> X25.690 Y35.285)
M68 E2 Q31.418
G4 P0.020
G1 X25.868 Y35.601 F650.0
M68 E2 Q38.315
G1 X25.740 Y35.374 F650.0
M68 E2 Q31.418
G1 X25.690 Y35.285 F650.0
(ROT_RINGS CONT L1 X25.690 Y35.285 -> X25.488 Y34.865)
M68 E2 Q31.418
G4 P0.020
G1 X25.645 Y35.193 F650.0
M68 E2 Q38.315
G1 X25.533 Y34.958 F650.0
M68 E2 Q31.418
G1 X25.488 Y34.865 F650.0
(ROT_RINGS CONT L1 X25.488 Y34.865 -> X25.315 Y34.433)
M68 E2 Q31.418
G4 P0.020
G1 X25.450 Y34.770 F650.0
M68 E2 Q38.315
G1 X25.353 Y34.528 F650.0
M68 E2 Q31.418
G1 X25.315 Y34.433 F650.0
(ROT_RINGS CONT L1 X25.315 Y34.433 -> X25.170 Y33.991)
M68 E2 Q31.418
G4 P0.020
G1 X25.283 Y34.336 F650.0
M68 E2 Q38.315
G1 X25.202 Y34.088 F650.0
M68 E2 Q31.418
G1 X25.170 Y33.991 F650.0
(ROT_RINGS CONT L1 X25.170 Y33.991 -> X25.054 Y33.540)
M68 E2 Q31.418
G4 P0.020
G1 X25.145 Y33.892 F650.0
M68 E2 Q38.315
G1 X25.080 Y33.639 F650.0
M68 E2 Q31.418
G1 X25.054 Y33.540 F650.0
(ROT_RINGS CONT L1 X25.054 Y33.540 -> X24.969 Y33.082)
M68 E2 Q31.418
G4 P0.020
G1 X25.036 Y33.439 F650.0
M68 E2 Q38.315
G1 X24.987 Y33.183 F650.0
M68 E2 Q31.418
G1 X24.969 Y33.082 F650.0
(ROT_RINGS CONT L1 X24.969 Y33.082 -> X24.913 Y32.620)
M68 E2 Q31.418
G4 P0.020
G1 X24.956 Y32.981 F650.0
M68 E2 Q38.315
G1 X24.925 Y32.722 F650.0
M68 E2 Q31.418
G1 X24.913 Y32.620 F650.0
(ROT_RINGS CONT L1 X24.913 Y32.620 -> X24.887 Y32.155)
M68 E2 Q31.418
G4 P0.020
G1 X24.907 Y32.518 F650.0
M68 E2 Q38.315
G1 X24.893 Y32.257 F650.0
M68 E2 Q31.418
G1 X24.887 Y32.155 F650.0
(ROT_RINGS CONT L1 X24.887 Y32.155 -> X24.893 Y31.690)
M68 E2 Q31.418
G4 P0.020
G1 X24.889 Y32.053 F650.0
M68 E2 Q38.315
G1 X24.891 Y31.792 F650.0
M68 E2 Q31.418
G1 X24.893 Y31.690 F650.0
(ROT_RINGS CONT L1 X24.893 Y31.690 -> X24.928 Y31.225)
M68 E2 Q31.418
G4 P0.020
G1 X24.900 Y31.588 F650.0
M68 E2 Q38.315
G1 X24.920 Y31.328 F650.0
M68 E2 Q31.418
G1 X24.928 Y31.225 F650.0
(ROT_RINGS CONT L1 X24.928 Y31.225 -> X24.994 Y30.765)
M68 E2 Q31.418
G4 P0.020
G1 X24.943 Y31.124 F650.0
M68 E2 Q38.315
G1 X24.979 Y30.866 F650.0
M68 E2 Q31.418
G1 X24.994 Y30.765 F650.0
(ROT_RINGS CONT L1 X24.994 Y30.765 -> X25.090 Y30.309)
M68 E2 Q31.418
G4 P0.020
G1 X25.015 Y30.664 F650.0
M68 E2 Q38.315
G1 X25.069 Y30.409 F650.0
M68 E2 Q31.418
G1 X25.090 Y30.309 F650.0
(ROT_RINGS CONT L1 X25.090 Y30.309 -> X25.215 Y29.861)
M68 E2 Q31.418
G4 P0.020
G1 X25.117 Y30.210 F650.0
M68 E2 Q38.315
G1 X25.187 Y29.959 F650.0
M68 E2 Q31.418
G1 X25.215 Y29.861 F650.0
(ROT_RINGS CONT L1 X25.215 Y29.861 -> X25.370 Y29.422)
M68 E2 Q31.418
G4 P0.020
G1 X25.249 Y29.764 F650.0
M68 E2 Q38.315
G1 X25.336 Y29.518 F650.0
M68 E2 Q31.418
G1 X25.370 Y29.422 F650.0
(ROT_RINGS CONT L1 X25.370 Y29.422 -> X25.552 Y28.993)
M68 E2 Q31.418
G4 P0.020
G1 X25.410 Y29.327 F650.0
M68 E2 Q38.315
G1 X25.512 Y29.088 F650.0
M68 E2 Q31.418
G1 X25.552 Y28.993 F650.0
(ROT_RINGS CONT L1 X25.552 Y28.993 -> X25.763 Y28.578)
M68 E2 Q31.418
G4 P0.020
G1 X25.599 Y28.902 F650.0
M68 E2 Q38.315
G1 X25.716 Y28.670 F650.0
M68 E2 Q31.418
G1 X25.763 Y28.578 F650.0
(ROT_RINGS CONT L1 X25.763 Y28.578 -> X26.000 Y28.178)
M68 E2 Q31.418
G4 P0.020
G1 X25.815 Y28.490 F650.0
M68 E2 Q38.315
G1 X25.948 Y28.266 F650.0
M68 E2 Q31.418
G1 X26.000 Y28.178 F650.0
(ROT_RINGS CONT L1 X26.000 Y28.178 -> X26.263 Y27.793)
M68 E2 Q31.418
G4 P0.020
G1 X26.058 Y28.093 F650.0
M68 E2 Q38.315
G1 X26.205 Y27.878 F650.0
M68 E2 Q31.418
G1 X26.263 Y27.793 F650.0
(ROT_RINGS CONT L1 X26.263 Y27.793 -> X26.550 Y27.427)
M68 E2 Q31.418
G4 P0.020
G1 X26.326 Y27.713 F650.0
M68 E2 Q38.315
G1 X26.487 Y27.508 F650.0
M68 E2 Q31.418
G1 X26.550 Y27.427 F650.0
(ROT_RINGS CONT L1 X26.550 Y27.427 -> X26.861 Y27.080)
M68 E2 Q31.418
G4 P0.020
G1 X26.619 Y27.351 F650.0
M68 E2 Q38.315
G1 X26.793 Y27.157 F650.0
M68 E2 Q31.418
G1 X26.861 Y27.080 F650.0
(ROT_RINGS CONT L1 X26.861 Y27.080 -> X27.194 Y26.755)
M68 E2 Q31.418
G4 P0.020
G1 X26.934 Y27.009 F650.0
M68 E2 Q38.315
G1 X27.121 Y26.826 F650.0
M68 E2 Q31.418
G1 X27.194 Y26.755 F650.0
(ROT_RINGS CONT L1 X27.194 Y26.755 -> X27.547 Y26.452)
M68 E2 Q31.418
G4 P0.020
G1 X27.271 Y26.688 F650.0
M68 E2 Q38.315
G1 X27.469 Y26.518 F650.0
M68 E2 Q31.418
G1 X27.547 Y26.452 F650.0
(ROT_RINGS CONT L1 X27.547 Y26.452 -> X27.919 Y26.172)
M68 E2 Q31.418
G4 P0.020
G1 X27.629 Y26.390 F650.0
M68 E2 Q38.315
G1 X27.838 Y26.234 F650.0
M68 E2 Q31.418
G1 X27.919 Y26.172 F650.0
(ROT_RINGS CONT L1 X27.919 Y26.172 -> X28.309 Y25.918)
M68 E2 Q31.418
G4 P0.020
G1 X28.005 Y26.116 F650.0
M68 E2 Q38.315
G1 X28.224 Y25.974 F650.0
M68 E2 Q31.418
G1 X28.309 Y25.918 F650.0
(ROT_RINGS CONT L1 X28.309 Y25.918 -> X28.715 Y25.690)
M68 E2 Q31.418
G4 P0.020
G1 X28.399 Y25.868 F650.0
M68 E2 Q38.315
G1 X28.626 Y25.740 F650.0
M68 E2 Q31.418
G1 X28.715 Y25.690 F650.0
(ROT_RINGS CONT L1 X28.715 Y25.690 -> X29.135 Y25.488)
M68 E2 Q31.418
G4 P0.020
G1 X28.807 Y25.645 F650.0
M68 E2 Q38.315
G1 X29.042 Y25.533 F650.0
M68 E2 Q31.418
G1 X29.135 Y25.488 F650.0
(ROT_RINGS CONT L1 X29.135 Y25.488 -> X29.567 Y25.315)
M68 E2 Q31.418
G4 P0.020
G1 X29.230 Y25.450 F650.0
M68 E2 Q38.315
G1 X29.472 Y25.353 F650.0
M68 E2 Q31.418
G1 X29.567 Y25.315 F650.0
(ROT_RINGS CONT L1 X29.567 Y25.315 -> X30.009 Y25.170)
M68 E2 Q31.418
G4 P0.020
G1 X29.664 Y25.283 F650.0
M68 E2 Q38.315
G1 X29.912 Y25.202 F650.0
M68 E2 Q31.418
G1 X30.009 Y25.170 F650.0
(ROT_RINGS CONT L1 X30.009 Y25.170 -> X30.460 Y25.054)
M68 E2 Q31.418
G4 P0.020
G1 X30.108 Y25.145 F650.0
M68 E2 Q38.315
G1 X30.361 Y25.080 F650.0
M68 E2 Q31.418
G1 X30.460 Y25.054 F650.0
(ROT_RINGS CONT L1 X30.460 Y25.054 -> X30.918 Y24.969)
M68 E2 Q31.418
G4 P0.020
G1 X30.561 Y25.036 F650.0
M68 E2 Q38.315
G1 X30.817 Y24.987 F650.0
M68 E2 Q31.418
G1 X30.918 Y24.969 F650.0
(ROT_RINGS CONT L1 X30.918 Y24.969 -> X31.380 Y24.913)
M68 E2 Q31.418
G4 P0.020
G1 X31.019 Y24.956 F650.0
M68 E2 Q38.315
G1 X31.278 Y24.925 F650.0
M68 E2 Q31.418
G1 X31.380 Y24.913 F650.0
(ROT_RINGS CONT L1 X31.380 Y24.913 -> X31.845 Y24.887)
M68 E2 Q31.418
G4 P0.020
G1 X31.482 Y24.907 F650.0
M68 E2 Q38.315
G1 X31.743 Y24.893 F650.0
M68 E2 Q31.418
G1 X31.845 Y24.887 F650.0
(ROT_RINGS CONT L1 X31.845 Y24.887 -> X32.310 Y24.893)
M68 E2 Q31.418
G4 P0.020
G1 X31.947 Y24.889 F650.0
M68 E2 Q38.315
G1 X32.208 Y24.891 F650.0
M68 E2 Q31.418
G1 X32.310 Y24.893 F650.0
(ROT_RINGS CONT L1 X32.310 Y24.893 -> X32.775 Y24.928)
M68 E2 Q31.418
G4 P0.020
G1 X32.412 Y24.900 F650.0
M68 E2 Q38.315
G1 X32.672 Y24.920 F650.0
M68 E2 Q31.418
G1 X32.775 Y24.928 F650.0
(ROT_RINGS CONT L1 X32.775 Y24.928 -> X33.235 Y24.994)
M68 E2 Q31.418
G4 P0.020
G1 X32.876 Y24.943 F650.0
M68 E2 Q38.315
G1 X33.134 Y24.979 F650.0
M68 E2 Q31.418
G1 X33.235 Y24.994 F650.0
(ROT_RINGS CONT L1 X33.235 Y24.994 -> X33.691 Y25.090)
M68 E2 Q31.418
G4 P0.020
G1 X33.336 Y25.015 F650.0
M68 E2 Q38.315
G1 X33.591 Y25.069 F650.0
M68 E2 Q31.418
G1 X33.691 Y25.090 F650.0
(ROT_RINGS CONT L1 X33.691 Y25.090 -> X34.139 Y25.215)
M68 E2 Q31.418
G4 P0.020
G1 X33.790 Y25.117 F650.0
M68 E2 Q38.315
G1 X34.041 Y25.187 F650.0
M68 E2 Q31.418
G1 X34.139 Y25.215 F650.0
(ROT_RINGS CONT L1 X34.139 Y25.215 -> X34.578 Y25.370)
M68 E2 Q31.418
G4 P0.020
G1 X34.236 Y25.249 F650.0
M68 E2 Q38.315
G1 X34.482 Y25.336 F650.0
M68 E2 Q31.418
G1 X34.578 Y25.370 F650.0
(ROT_RINGS CONT L1 X34.578 Y25.370 -> X35.007 Y25.552)
M68 E2 Q31.418
G4 P0.020
G1 X34.673 Y25.410 F650.0
M68 E2 Q38.315
G1 X34.912 Y25.512 F650.0
M68 E2 Q31.418
G1 X35.007 Y25.552 F650.0
(ROT_RINGS CONT L1 X35.007 Y25.552 -> X35.422 Y25.763)
M68 E2 Q31.418
G4 P0.020
G1 X35.098 Y25.599 F650.0
M68 E2 Q38.315
G1 X35.330 Y25.716 F650.0
M68 E2 Q31.418
G1 X35.422 Y25.763 F650.0
(ROT_RINGS CONT L1 X35.422 Y25.763 -> X35.822 Y26.000)
M68 E2 Q31.418
G4 P0.020
G1 X35.510 Y25.815 F650.0
M68 E2 Q38.315
G1 X35.734 Y25.948 F650.0
M68 E2 Q31.418
G1 X35.822 Y26.000 F650.0
(ROT_RINGS CONT L1 X35.822 Y26.000 -> X36.207 Y26.263)
M68 E2 Q31.418
G4 P0.020
G1 X35.907 Y26.058 F650.0
M68 E2 Q38.315
G1 X36.122 Y26.205 F650.0
M68 E2 Q31.418
G1 X36.207 Y26.263 F650.0
(ROT_RINGS CONT L1 X36.207 Y26.263 -> X36.573 Y26.550)
M68 E2 Q31.418
G4 P0.020
G1 X36.287 Y26.326 F650.0
M68 E2 Q38.315
G1 X36.492 Y26.487 F650.0
M68 E2 Q31.418
G1 X36.573 Y26.550 F650.0
(ROT_RINGS CONT L1 X36.573 Y26.550 -> X36.920 Y26.861)
M68 E2 Q31.418
G4 P0.020
G1 X36.649 Y26.619 F650.0
M68 E2 Q38.315
G1 X36.843 Y26.793 F650.0
M68 E2 Q31.418
G1 X36.920 Y26.861 F650.0
(ROT_RINGS CONT L1 X36.920 Y26.861 -> X37.245 Y27.194)
M68 E2 Q31.418
G4 P0.020
G1 X36.991 Y26.934 F650.0
M68 E2 Q38.315
G1 X37.174 Y27.121 F650.0
M68 E2 Q31.418
G1 X37.245 Y27.194 F650.0
(ROT_RINGS CONT L1 X37.245 Y27.194 -> X37.548 Y27.547)
M68 E2 Q31.418
G4 P0.020
G1 X37.312 Y27.271 F650.0
M68 E2 Q38.315
G1 X37.482 Y27.469 F650.0
M68 E2 Q31.418
G1 X37.548 Y27.547 F650.0
(ROT_RINGS CONT L1 X37.548 Y27.547 -> X37.828 Y27.919)
M68 E2 Q31.418
G4 P0.020
G1 X37.610 Y27.629 F650.0
M68 E2 Q38.315
G1 X37.766 Y27.838 F650.0
M68 E2 Q31.418
G1 X37.828 Y27.919 F650.0
(ROT_RINGS CONT L1 X37.828 Y27.919 -> X38.082 Y28.309)
M68 E2 Q31.418
G4 P0.020
G1 X37.884 Y28.005 F650.0
M68 E2 Q38.315
G1 X38.026 Y28.224 F650.0
M68 E2 Q31.418
G1 X38.082 Y28.309 F650.0
(ROT_RINGS CONT L1 X38.082 Y28.309 -> X38.310 Y28.715)
M68 E2 Q31.418
G4 P0.020
G1 X38.132 Y28.399 F650.0
M68 E2 Q38.315
G1 X38.260 Y28.626 F650.0
M68 E2 Q31.418
G1 X38.310 Y28.715 F650.0
(ROT_RINGS CONT L1 X38.310 Y28.715 -> X38.512 Y29.135)
M68 E2 Q31.418
G4 P0.020
G1 X38.355 Y28.807 F650.0
M68 E2 Q38.315
G1 X38.467 Y29.042 F650.0
M68 E2 Q31.418
G1 X38.512 Y29.135 F650.0
(ROT_RINGS CONT L1 X38.512 Y29.135 -> X38.685 Y29.567)
M68 E2 Q31.418
G4 P0.020
G1 X38.550 Y29.230 F650.0
M68 E2 Q38.315
G1 X38.647 Y29.472 F650.0
M68 E2 Q31.418
G1 X38.685 Y29.567 F650.0
(ROT_RINGS CONT L1 X38.685 Y29.567 -> X38.830 Y30.009)
M68 E2 Q31.418
G4 P0.020
G1 X38.717 Y29.664 F650.0
M68 E2 Q38.315
G1 X38.798 Y29.912 F650.0
M68 E2 Q31.418
G1 X38.830 Y30.009 F650.0
(ROT_RINGS CONT L1 X38.830 Y30.009 -> X38.946 Y30.460)
M68 E2 Q31.418
G4 P0.020
G1 X38.855 Y30.108 F650.0
M68 E2 Q38.315
G1 X38.920 Y30.361 F650.0
M68 E2 Q31.418
G1 X38.946 Y30.460 F650.0
(ROT_RINGS CONT L1 X38.946 Y30.460 -> X39.031 Y30.918)
M68 E2 Q31.418
G4 P0.020
G1 X38.964 Y30.561 F650.0
M68 E2 Q38.315
G1 X39.013 Y30.817 F650.0
M68 E2 Q31.418
G1 X39.031 Y30.918 F650.0
(ROT_RINGS CONT L1 X39.031 Y30.918 -> X39.087 Y31.380)
M68 E2 Q31.418
G4 P0.020
G1 X39.044 Y31.019 F650.0
M68 E2 Q38.315
G1 X39.075 Y31.278 F650.0
M68 E2 Q31.418
G1 X39.087 Y31.380 F650.0
(ROT_RINGS CONT L1 X39.087 Y31.380 -> X39.113 Y31.845)
M68 E2 Q31.418
G4 P0.020
G1 X39.093 Y31.482 F650.0
M68 E2 Q38.315
G1 X39.107 Y31.743 F650.0
M68 E2 Q31.418
G1 X39.113 Y31.845 F650.0
(ROT_RINGS CONT L1 X39.113 Y31.845 -> X39.107 Y32.310)
M68 E2 Q31.418
G4 P0.020
G1 X39.111 Y31.947 F650.0
M68 E2 Q38.315
G1 X39.109 Y32.208 F650.0
M68 E2 Q31.418
G1 X39.107 Y32.310 F650.0
(ROT_RINGS CONT L1 X39.107 Y32.310 -> X39.072 Y32.775)
M68 E2 Q31.418
G4 P0.020
G1 X39.100 Y32.412 F650.0
M68 E2 Q38.315
G1 X39.080 Y32.672 F650.0
M68 E2 Q31.418
G1 X39.072 Y32.775 F650.0
(ROT_RINGS CONT L1 X39.072 Y32.775 -> X39.006 Y33.235)
M68 E2 Q31.418
G4 P0.020
G1 X39.057 Y32.876 F650.0
M68 E2 Q38.315
G1 X39.021 Y33.134 F650.0
M68 E2 Q31.418
G1 X39.006 Y33.235 F650.0
(ROT_RINGS CONT L1 X39.006 Y33.235 -> X38.910 Y33.691)
M68 E2 Q31.418
G4 P0.020
G1 X38.985 Y33.336 F650.0
M68 E2 Q38.315
G1 X38.931 Y33.591 F650.0
M68 E2 Q31.418
G1 X38.910 Y33.691 F650.0
(ROT_RINGS CONT L1 X38.910 Y33.691 -> X38.785 Y34.139)
M68 E2 Q31.418
G4 P0.020
G1 X38.883 Y33.790 F650.0
M68 E2 Q38.315
G1 X38.813 Y34.041 F650.0
M68 E2 Q31.418
G1 X38.785 Y34.139 F650.0
(ROT_RINGS CONT L1 X38.785 Y34.139 -> X38.630 Y34.578)
M68 E2 Q31.418
G4 P0.020
G1 X38.751 Y34.236 F650.0
M68 E2 Q38.315
G1 X38.664 Y34.482 F650.0
M68 E2 Q31.418
G1 X38.630 Y34.578 F650.0
(ROT_RINGS CONT L1 X38.630 Y34.578 -> X38.448 Y35.007)
M68 E2 Q31.418
G4 P0.020
G1 X38.590 Y34.673 F650.0
M68 E2 Q38.315
G1 X38.488 Y34.912 F650.0
M68 E2 Q31.418
G1 X38.448 Y35.007 F650.0
(ROT_RINGS CONT L1 X38.448 Y35.007 -> X38.237 Y35.422)
M68 E2 Q31.418
G4 P0.020
G1 X38.401 Y35.098 F650.0
M68 E2 Q38.315
G1 X38.284 Y35.330 F650.0
M68 E2 Q31.418
G1 X38.237 Y35.422 F650.0
(ROT_RINGS CONT L1 X38.237 Y35.422 -> X38.000 Y35.822)
M68 E2 Q31.418
G4 P0.020
G1 X38.185 Y35.510 F650.0
M68 E2 Q38.315
G1 X38.052 Y35.734 F650.0
M68 E2 Q31.418
G1 X38.000 Y35.822 F650.0
(ROT_RINGS CONT L1 X38.000 Y35.822 -> X37.737 Y36.207)
M68 E2 Q31.418
G4 P0.020
G1 X37.942 Y35.907 F650.0
M68 E2 Q38.315
G1 X37.795 Y36.122 F650.0
M68 E2 Q31.418
G1 X37.737 Y36.207 F650.0
(ROT_RINGS CONT L1 X37.737 Y36.207 -> X37.450 Y36.573)
M68 E2 Q31.418
G4 P0.020
G1 X37.674 Y36.287 F650.0
M68 E2 Q38.315
G1 X37.513 Y36.492 F650.0
M68 E2 Q31.418
G1 X37.450 Y36.573 F650.0
(ROT_RINGS CONT L1 X37.450 Y36.573 -> X37.139 Y36.920)
M68 E2 Q31.418
G4 P0.020
G1 X37.381 Y36.649 F650.0
M68 E2 Q38.315
G1 X37.207 Y36.843 F650.0
M68 E2 Q31.418
G1 X37.139 Y36.920 F650.0
(ROT_RINGS CONT L1 X37.139 Y36.920 -> X36.806 Y37.245)
M68 E2 Q31.418
G4 P0.020
G1 X37.066 Y36.991 F650.0
M68 E2 Q38.315
G1 X36.879 Y37.174 F650.0
M68 E2 Q31.418
G1 X36.806 Y37.245 F650.0
(ROT_RINGS CONT L1 X36.806 Y37.245 -> X36.453 Y37.548)
M68 E2 Q31.418
G4 P0.020
G1 X36.729 Y37.312 F650.0
M68 E2 Q38.315
G1 X36.531 Y37.482 F650.0
M68 E2 Q31.418
G1 X36.453 Y37.548 F650.0
(ROT_RINGS CONT L1 X36.453 Y37.548 -> X36.081 Y37.828)
M68 E2 Q31.418
G4 P0.020
G1 X36.371 Y37.610 F650.0
M68 E2 Q38.315
G1 X36.162 Y37.766 F650.0
M68 E2 Q31.418
G1 X36.081 Y37.828 F650.0
(ROT_RINGS CONT L1 X36.081 Y37.828 -> X35.691 Y38.082)
M68 E2 Q31.418
G4 P0.020
G1 X35.995 Y37.884 F650.0
M68 E2 Q38.315
G1 X35.776 Y38.026 F650.0
M68 E2 Q31.418
G1 X35.691 Y38.082 F650.0
(ROT_RINGS CONT L1 X35.691 Y38.082 -> X35.285 Y38.310)
M68 E2 Q31.418
G4 P0.020
G1 X35.601 Y38.132 F650.0
M68 E2 Q38.315
G1 X35.374 Y38.260 F650.0
M68 E2 Q31.418
G1 X35.285 Y38.310 F650.0
(ROT_RINGS CONT L1 X35.285 Y38.310 -> X34.865 Y38.512)
M68 E2 Q31.418
G4 P0.020
G1 X35.193 Y38.355 F650.0
M68 E2 Q38.315
G1 X34.958 Y38.467 F650.0
M68 E2 Q31.418
G1 X34.865 Y38.512 F650.0
(ROT_RINGS CONT L1 X34.865 Y38.512 -> X34.433 Y38.685)
M68 E2 Q31.418
G4 P0.020
G1 X34.770 Y38.550 F650.0
M68 E2 Q38.315
G1 X34.528 Y38.647 F650.0
M68 E2 Q31.418
G1 X34.433 Y38.685 F650.0
M68 E2 Q0.000
G1 X32.000 Y37.114 F845.0
(ROT_RINGS CONT L1 X32.000 Y37.114 -> X32.334 Y37.103)
M68 E2 Q31.418
G4 P0.020
G1 X32.074 Y37.112 F650.0
M68 E2 Q38.315
G1 X32.261 Y37.106 F650.0
M68 E2 Q31.418
G1 X32.334 Y37.103 F650.0
(ROT_RINGS CONT L1 X32.334 Y37.103 -> X32.668 Y37.070)
M68 E2 Q31.418
G4 P0.020
G1 X32.408 Y37.096 F650.0
M68 E2 Q38.315
G1 X32.594 Y37.078 F650.0
M68 E2 Q31.418
G1 X32.668 Y37.070 F650.0
(ROT_RINGS CONT L1 X32.668 Y37.070 -> X32.998 Y37.016)
M68 E2 Q31.418
G4 P0.020
G1 X32.740 Y37.058 F650.0
M68 E2 Q38.315
G1 X32.925 Y37.028 F650.0
M68 E2 Q31.418
G1 X32.998 Y37.016 F650.0
(ROT_RINGS CONT L1 X32.998 Y37.016 -> X33.324 Y36.940)
M68 E2 Q31.418
G4 P0.020
G1 X33.069 Y36.999 F650.0
M68 E2 Q38.315
G1 X33.252 Y36.957 F650.0
M68 E2 Q31.418
G1 X33.324 Y36.940 F650.0
(ROT_RINGS CONT L1 X33.324 Y36.940 -> X33.644 Y36.843)
M68 E2 Q31.418
G4 P0.020
G1 X33.394 Y36.919 F650.0
M68 E2 Q38.315
G1 X33.573 Y36.864 F650.0
M68 E2 Q31.418
G1 X33.644 Y36.843 F650.0
(ROT_RINGS CONT L1 X33.644 Y36.843 -> X33.957 Y36.725)
M68 E2 Q31.418
G4 P0.020
G1 X33.713 Y36.817 F650.0
M68 E2 Q38.315
G1 X33.888 Y36.751 F650.0
M68 E2 Q31.418
G1 X33.957 Y36.725 F650.0
(ROT_RINGS CONT L1 X33.957 Y36.725 -> X34.262 Y36.587)
M68 E2 Q31.418
G4 P0.020
G1 X34.024 Y36.695 F650.0
M68 E2 Q38.315
G1 X34.195 Y36.617 F650.0
M68 E2 Q31.418
G1 X34.262 Y36.587 F650.0
(ROT_RINGS CONT L1 X34.262 Y36.587 -> X34.557 Y36.429)
M68 E2 Q31.418
G4 P0.020
G1 X34.327 Y36.552 F650.0
M68 E2 Q38.315
G1 X34.492 Y36.464 F650.0
M68 E2 Q31.418
G1 X34.557 Y36.429 F650.0
(ROT_RINGS CONT L1 X34.557 Y36.429 -> X34.841 Y36.252)
M68 E2 Q31.418
G4 P0.020
G1 X34.620 Y36.390 F650.0
M68 E2 Q38.315
G1 X34.779 Y36.291 F650.0
M68 E2 Q31.418
G1 X34.841 Y36.252 F650.0
(ROT_RINGS CONT L1 X34.841 Y36.252 -> X35.113 Y36.057)
M68 E2 Q31.418
G4 P0.020
G1 X34.901 Y36.209 F650.0
M68 E2 Q38.315
G1 X35.053 Y36.100 F650.0
M68 E2 Q31.418
G1 X35.113 Y36.057 F650.0
(ROT_RINGS CONT L1 X35.113 Y36.057 -> X35.372 Y35.845)
M68 E2 Q31.418
G4 P0.020
G1 X35.170 Y36.011 F650.0
M68 E2 Q38.315
G1 X35.315 Y35.892 F650.0
M68 E2 Q31.418
G1 X35.372 Y35.845 F650.0
(ROT_RINGS CONT L1 X35.372 Y35.845 -> X35.616 Y35.616)
M68 E2 Q31.418
G4 P0.020
G1 X35.426 Y35.795 F650.0
M68 E2 Q38.315
G1 X35.563 Y35.667 F650.0
M68 E2 Q31.418
G1 X35.616 Y35.616 F650.0
(ROT_RINGS CONT L1 X35.616 Y35.616 -> X35.845 Y35.372)
M68 E2 Q31.418
G4 P0.020
G1 X35.667 Y35.563 F650.0
M68 E2 Q38.315
G1 X35.795 Y35.426 F650.0
M68 E2 Q31.418
G1 X35.845 Y35.372 F650.0
(ROT_RINGS CONT L1 X35.845 Y35.372 -> X36.057 Y35.113)
M68 E2 Q31.418
G4 P0.020
G1 X35.892 Y35.315 F650.0
M68 E2 Q38.315
G1 X36.011 Y35.170 F650.0
M68 E2 Q31.418
G1 X36.057 Y35.113 F650.0
(ROT_RINGS CONT L1 X36.057 Y35.113 -> X36.252 Y34.841)
M68 E2 Q31.418
G4 P0.020
G1 X36.100 Y35.053 F650.0
M68 E2 Q38.315
G1 X36.209 Y34.901 F650.0
M68 E2 Q31.418
G1 X36.252 Y34.841 F650.0
(ROT_RINGS CONT L1 X36.252 Y34.841 -> X36.429 Y34.557)
M68 E2 Q31.418
G4 P0.020
G1 X36.291 Y34.779 F650.0
M68 E2 Q38.315
G1 X36.390 Y34.620 F650.0
M68 E2 Q31.418
G1 X36.429 Y34.557 F650.0
(ROT_RINGS CONT L1 X36.429 Y34.557 -> X36.587 Y34.262)
M68 E2 Q31.418
G4 P0.020
G1 X36.464 Y34.492 F650.0
M68 E2 Q38.315
G1 X36.552 Y34.327 F650.0
M68 E2 Q31.418
G1 X36.587 Y34.262 F650.0
(ROT_RINGS CONT L1 X36.587 Y34.262 -> X36.725 Y33.957)
M68 E2 Q31.418
G4 P0.020
G1 X36.617 Y34.195 F650.0
M68 E2 Q38.315
G1 X36.695 Y34.024 F650.0
M68 E2 Q31.418
G1 X36.725 Y33.957 F650.0
(ROT_RINGS CONT L1 X36.725 Y33.957 -> X36.843 Y33.644)
M68 E2 Q31.418
G4 P0.020
G1 X36.751 Y33.888 F650.0
M68 E2 Q38.315
G1 X36.817 Y33.713 F650.0
M68 E2 Q31.418
G1 X36.843 Y33.644 F650.0
(ROT_RINGS CONT L1 X36.843 Y33.644 -> X36.940 Y33.324)
M68 E2 Q31.418
G4 P0.020
G1 X36.864 Y33.573 F650.0
M68 E2 Q38.315
G1 X36.919 Y33.394 F650.0
M68 E2 Q31.418
G1 X36.940 Y33.324 F650.0
(ROT_RINGS CONT L1 X36.940 Y33.324 -> X37.016 Y32.998)
M68 E2 Q31.418
G4 P0.020
G1 X36.957 Y33.252 F650.0
M68 E2 Q38.315
G1 X36.999 Y33.069 F650.0
M68 E2 Q31.418
G1 X37.016 Y32.998 F650.0
(ROT_RINGS CONT L1 X37.016 Y32.998 -> X37.070 Y32.668)
M68 E2 Q31.418
G4 P0.020
G1 X37.028 Y32.925 F650.0
M68 E2 Q38.315
G1 X37.058 Y32.740 F650.0
M68 E2 Q31.418
G1 X37.070 Y32.668 F650.0
(ROT_RINGS CONT L1 X37.070 Y32.668 -> X37.103 Y32.334)
M68 E2 Q31.418
G4 P0.020
G1 X37.078 Y32.594 F650.0
M68 E2 Q38.315
G1 X37.096 Y32.408 F650.0
M68 E2 Q31.418
G1 X37.103 Y32.334 F650.0
(ROT_RINGS CONT L1 X37.103 Y32.334 -> X37.114 Y32.000)
M68 E2 Q31.418
G4 P0.020
G1 X37.106 Y32.261 F650.0
M68 E2 Q38.315
G1 X37.112 Y32.074 F650.0
M68 E2 Q31.418
G1 X37.114 Y32.000 F650.0
(ROT_RINGS CONT L1 X37.114 Y32.000 -> X37.103 Y31.666)
M68 E2 Q31.418
G4 P0.020
G1 X37.112 Y31.926 F650.0
M68 E2 Q38.315
G1 X37.106 Y31.739 F650.0
M68 E2 Q31.418
G1 X37.103 Y31.666 F650.0
(ROT_RINGS CONT L1 X37.103 Y31.666 -> X37.070 Y31.332)
M68 E2 Q31.418
G4 P0.020
G1 X37.096 Y31.592 F650.0
M68 E2 Q38.315
G1 X37.078 Y31.406 F650.0
M68 E2 Q31.418
G1 X37.070 Y31.332 F650.0
(ROT_RINGS CONT L1 X37.070 Y31.332 -> X37.016 Y31.002)
M68 E2 Q31.418
G4 P0.020
G1 X37.058 Y31.260 F650.0
M68 E2 Q38.315
G1 X37.028 Y31.075 F650.0
M68 E2 Q31.418
G1 X37.016 Y31.002 F650.0
(ROT_RINGS CONT L1 X37.016 Y31.002 -> X36.940 Y30.676)
M68 E2 Q31.418
G4 P0.020
G1 X36.999 Y30.931 F650.0
M68 E2 Q38.315
G1 X36.957 Y30.748 F650.0
M68 E2 Q31.418
G1 X36.940 Y30.676 F650.0
(ROT_RINGS CONT L1 X36.940 Y30.676 -> X36.843 Y30.356)
M68 E2 Q31.418
G4 P0.020
G1 X36.919 Y30.606 F650.0
M68 E2 Q38.315
G1 X36.864 Y30.427 F650.0
M68 E2 Q31.418
G1 X36.843 Y30.356 F650.0
(ROT_RINGS CONT L1 X36.843 Y30.356 -> X36.725 Y30.043)
M68 E2 Q31.418
G4 P0.020
G1 X36.817 Y30.287 F650.0
M68 E2 Q38.315
G1 X36.751 Y30.112 F650.0
M68 E2 Q31.418
G1 X36.725 Y30.043 F650.0
(ROT_RINGS CONT L1 X36.725 Y30.043 -> X36.587 Y29.738)
M68 E2 Q31.418
G4 P0.020
G1 X36.695 Y29.976 F650.0
M68 E2 Q38.315
G1 X36.617 Y29.805 F650.0
M68 E2 Q31.418
G1 X36.587 Y29.738 F650.0
(ROT_RINGS CONT L1 X36.587 Y29.738 -> X36.429 Y29.443)
M68 E2 Q31.418
G4 P0.020
G1 X36.552 Y29.673 F650.0
M68 E2 Q38.315
G1 X36.464 Y29.508 F650.0
M68 E2 Q31.418
G1 X36.429 Y29.443 F650.0
(ROT_RINGS CONT L1 X36.429 Y29.443 -> X36.252 Y29.159)
M68 E2 Q31.418
G4 P0.020
G1 X36.390 Y29.380 F650.0
M68 E2 Q38.315
G1 X36.291 Y29.221 F650.0
M68 E2 Q31.418
G1 X36.252 Y29.159 F650.0
(ROT_RINGS CONT L1 X36.252 Y29.159 -> X36.057 Y28.887)
M68 E2 Q31.418
G4 P0.020
G1 X36.209 Y29.099 F650.0
M68 E2 Q38.315
G1 X36.100 Y28.947 F650.0
M68 E2 Q31.418
G1 X36.057 Y28.887 F650.0
(ROT_RINGS CONT L1 X36.057 Y28.887 -> X35.845 Y28.628)
M68 E2 Q31.418
G4 P0.020
G1 X36.011 Y28.830 F650.0
M68 E2 Q38.315
G1 X35.892 Y28.685 F650.0
M68 E2 Q31.418
G1 X35.845 Y28.628 F650.0
(ROT_RINGS CONT L1 X35.845 Y28.628 -> X35.616 Y28.384)
M68 E2 Q31.418
G4 P0.020
G1 X35.795 Y28.574 F650.0
M68 E2 Q38.315
G1 X35.667 Y28.437 F650.0
M68 E2 Q31.418
G1 X35.616 Y28.384 F650.0
(ROT_RINGS CONT L1 X35.616 Y28.384 -> X35.372 Y28.155)
M68 E2 Q31.418
G4 P0.020
G1 X35.563 Y28.333 F650.0
M68 E2 Q38.315
G1 X35.426 Y28.205 F650.0
M68 E2 Q31.418
G1 X35.372 Y28.155 F650.0
(ROT_RINGS CONT L1 X35.372 Y28.155 -> X35.113 Y27.943)
M68 E2 Q31.418
G4 P0.020
G1 X35.315 Y28.108 F650.0
M68 E2 Q38.315
G1 X35.170 Y27.989 F650.0
M68 E2 Q31.418
G1 X35.113 Y27.943 F650.0
(ROT_RINGS CONT L1 X35.113 Y27.943 -> X34.841 Y27.748)
M68 E2 Q31.418
G4 P0.020
G1 X35.053 Y27.900 F650.0
M68 E2 Q38.315
G1 X34.901 Y27.791 F650.0
M68 E2 Q31.418
G1 X34.841 Y27.748 F650.0
(ROT_RINGS CONT L1 X34.841 Y27.748 -> X34.557 Y27.571)
M68 E2 Q31.418
G4 P0.020
G1 X34.779 Y27.709 F650.0
M68 E2 Q38.315
G1 X34.620 Y27.610 F650.0
M68 E2 Q31.418
G1 X34.557 Y27.571 F650.0
(ROT_RINGS CONT L1 X34.557 Y27.571 -> X34.262 Y27.413)
M68 E2 Q31.418
G4 P0.020
G1 X34.492 Y27.536 F650.0
M68 E2 Q38.315
G1 X34.327 Y27.448 F650.0
M68 E2 Q31.418
G1 X34.262 Y27.413 F650.0
(ROT_RINGS CONT L1 X34.262 Y27.413 -> X33.957 Y27.275)
M68 E2 Q31.418
G4 P0.020
G1 X34.195 Y27.383 F650.0
M68 E2 Q38.315
G1 X34.024 Y27.305 F650.0
M68 E2 Q31.418
G1 X33.957 Y27.275 F650.0
(ROT_RINGS CONT L1 X33.957 Y27.275 -> X33.644 Y27.157)
M68 E2 Q31.418
G4 P0.020
G1 X33.888 Y27.249 F650.0
M68 E2 Q38.315
G1 X33.713 Y27.183 F650.0
M68 E2 Q31.418
G1 X33.644 Y27.157 F650.0
(ROT_RINGS CONT L1 X33.644 Y27.157 -> X33.324 Y27.060)
M68 E2 Q31.418
G4 P0.020
G1 X33.573 Y27.136 F650.0
M68 E2 Q38.315
G1 X33.394 Y27.081 F650.0
M68 E2 Q31.418
G1 X33.324 Y27.060 F650.0
(ROT_RINGS CONT L1 X33.324 Y27.060 -> X32.998 Y26.984)
M68 E2 Q31.418
G4 P0.020
G1 X33.252 Y27.043 F650.0
M68 E2 Q38.315
G1 X33.069 Y27.001 F650.0
M68 E2 Q31.418
G1 X32.998 Y26.984 F650.0
(ROT_RINGS CONT L1 X32.998 Y26.984 -> X32.668 Y26.930)
M68 E2 Q31.418
G4 P0.020
G1 X32.925 Y26.972 F650.0
M68 E2 Q38.315
G1 X32.740 Y26.942 F650.0
M68 E2 Q31.418
G1 X32.668 Y26.930 F650.0
(ROT_RINGS CONT L1 X32.668 Y26.930 -> X32.334 Y26.897)
M68 E2 Q31.418
G4 P0.020
G1 X32.594 Y26.922 F650.0
M68 E2 Q38.315
G1 X32.408 Y26.904 F650.0
M68 E2 Q31.418
G1 X32.334 Y26.897 F650.0
(ROT_RINGS CONT L1 X32.334 Y26.897 -> X32.000 Y26.886)
M68 E2 Q31.418
G4 P0.020
G1 X32.261 Y26.894 F650.0
M68 E2 Q38.315
G1 X32.074 Y26.888 F650.0
M68 E2 Q31.418
G1 X32.000 Y26.886 F650.0
(ROT_RINGS CONT L1 X32.000 Y26.886 -> X31.666 Y26.897)
M68 E2 Q31.418
G4 P0.020
G1 X31.926 Y26.888 F650.0
M68 E2 Q38.315
G1 X31.739 Y26.894 F650.0
M68 E2 Q31.418
G1 X31.666 Y26.897 F650.0
(ROT_RINGS CONT L1 X31.666 Y26.897 -> X31.332 Y26.930)
M68 E2 Q31.418
G4 P0.020
G1 X31.592 Y26.904 F650.0
M68 E2 Q38.315
G1 X31.406 Y26.922 F650.0
M68 E2 Q31.418
G1 X31.332 Y26.930 F650.0
(ROT_RINGS CONT L1 X31.332 Y26.930 -> X31.002 Y26.984)
M68 E2 Q31.418
G4 P0.020
G1 X31.260 Y26.942 F650.0
M68 E2 Q38.315
G1 X31.075 Y26.972 F650.0
M68 E2 Q31.418
G1 X31.002 Y26.984 F650.0
(ROT_RINGS CONT L1 X31.002 Y26.984 -> X30.676 Y27.060)
M68 E2 Q31.418
G4 P0.020
G1 X30.931 Y27.001 F650.0
M68 E2 Q38.315
G1 X30.748 Y27.043 F650.0
M68 E2 Q31.418
G1 X30.676 Y27.060 F650.0
(ROT_RINGS CONT L1 X30.676 Y27.060 -> X30.356 Y27.157)
M68 E2 Q31.418
G4 P0.020
G1 X30.606 Y27.081 F650.0
M68 E2 Q38.315
G1 X30.427 Y27.136 F650.0
M68 E2 Q31.418
G1 X30.356 Y27.157 F650.0
(ROT_RINGS CONT L1 X30.356 Y27.157 -> X30.043 Y27.275)
M68 E2 Q31.418
G4 P0.020
G1 X30.287 Y27.183 F650.0
M68 E2 Q38.315
G1 X30.112 Y27.249 F650.0
M68 E2 Q31.418
G1 X30.043 Y27.275 F650.0
(ROT_RINGS CONT L1 X30.043 Y27.275 -> X29.738 Y27.413)
M68 E2 Q31.418
G4 P0.020
G1 X29.976 Y27.305 F650.0
M68 E2 Q38.315
G1 X29.805 Y27.383 F650.0
M68 E2 Q31.418
G1 X29.738 Y27.413 F650.0
(ROT_RINGS CONT L1 X29.738 Y27.413 -> X29.443 Y27.571)
M68 E2 Q31.418
G4 P0.020
G1 X29.673 Y27.448 F650.0
M68 E2 Q38.315
G1 X29.508 Y27.536 F650.0
M68 E2 Q31.418
G1 X29.443 Y27.571 F650.0
(ROT_RINGS CONT L1 X29.443 Y27.571 -> X29.159 Y27.748)
M68 E2 Q31.418
G4 P0.020
G1 X29.380 Y27.610 F650.0
M68 E2 Q38.315
G1 X29.221 Y27.709 F650.0
M68 E2 Q31.418
G1 X29.159 Y27.748 F650.0
(ROT_RINGS CONT L1 X29.159 Y27.748 -> X28.887 Y27.943)
M68 E2 Q31.418
G4 P0.020
G1 X29.099 Y27.791 F650.0
M68 E2 Q38.315
G1 X28.947 Y27.900 F650.0
M68 E2 Q31.418
G1 X28.887 Y27.943 F650.0
(ROT_RINGS CONT L1 X28.887 Y27.943 -> X28.628 Y28.155)
M68 E2 Q31.418
G4 P0.020
G1 X28.830 Y27.989 F650.0
M68 E2 Q38.315
G1 X28.685 Y28.108 F650.0
M68 E2 Q31.418
G1 X28.628 Y28.155 F650.0
(ROT_RINGS CONT L1 X28.628 Y28.155 -> X28.384 Y28.384)
M68 E2 Q31.418
G4 P0.020
G1 X28.574 Y28.205 F650.0
M68 E2 Q38.315
G1 X28.437 Y28.333 F650.0
M68 E2 Q31.418
G1 X28.384 Y28.384 F650.0
(ROT_RINGS CONT L1 X28.384 Y28.384 -> X28.155 Y28.628)
M68 E2 Q31.418
G4 P0.020
G1 X28.333 Y28.437 F650.0
M68 E2 Q38.315
G1 X28.205 Y28.574 F650.0
M68 E2 Q31.418
G1 X28.155 Y28.628 F650.0
(ROT_RINGS CONT L1 X28.155 Y28.628 -> X27.943 Y28.887)
M68 E2 Q31.418
G4 P0.020
G1 X28.108 Y28.685 F650.0
M68 E2 Q38.315
G1 X27.989 Y28.830 F650.0
M68 E2 Q31.418
G1 X27.943 Y28.887 F650.0
(ROT_RINGS CONT L1 X27.943 Y28.887 -> X27.748 Y29.159)
M68 E2 Q31.418
G4 P0.020
G1 X27.900 Y28.947 F650.0
M68 E2 Q38.315
G1 X27.791 Y29.099 F650.0
M68 E2 Q31.418
G1 X27.748 Y29.159 F650.0
(ROT_RINGS CONT L1 X27.748 Y29.159 -> X27.571 Y29.443)
M68 E2 Q31.418
G4 P0.020
G1 X27.709 Y29.221 F650.0
M68 E2 Q38.315
G1 X27.610 Y29.380 F650.0
M68 E2 Q31.418
G1 X27.571 Y29.443 F650.0
(ROT_RINGS CONT L1 X27.571 Y29.443 -> X27.413 Y29.738)
M68 E2 Q31.418
G4 P0.020
G1 X27.536 Y29.508 F650.0
M68 E2 Q38.315
G1 X27.448 Y29.673 F650.0
M68 E2 Q31.418
G1 X27.413 Y29.738 F650.0
(ROT_RINGS CONT L1 X27.413 Y29.738 -> X27.275 Y30.043)
M68 E2 Q31.418
G4 P0.020
G1 X27.383 Y29.805 F650.0
M68 E2 Q38.315
G1 X27.305 Y29.976 F650.0
M68 E2 Q31.418
G1 X27.275 Y30.043 F650.0
(ROT_RINGS CONT L1 X27.275 Y30.043 -> X27.157 Y30.356)
M68 E2 Q31.418
G4 P0.020
G1 X27.249 Y30.112 F650.0
M68 E2 Q38.315
G1 X27.183 Y30.287 F650.0
M68 E2 Q31.418
G1 X27.157 Y30.356 F650.0
(ROT_RINGS CONT L1 X27.157 Y30.356 -> X27.060 Y30.676)
M68 E2 Q31.418
G4 P0.020
G1 X27.136 Y30.427 F650.0
M68 E2 Q38.315
G1 X27.081 Y30.606 F650.0
M68 E2 Q31.418
G1 X27.060 Y30.676 F650.0
(ROT_RINGS CONT L1 X27.060 Y30.676 -> X26.984 Y31.002)
M68 E2 Q31.418
G4 P0.020
G1 X27.043 Y30.748 F650.0
M68 E2 Q38.315
G1 X27.001 Y30.931 F650.0
M68 E2 Q31.418
G1 X26.984 Y31.002 F650.0
(ROT_RINGS CONT L1 X26.984 Y31.002 -> X26.930 Y31.332)
M68 E2 Q31.418
G4 P0.020
G1 X26.972 Y31.075 F650.0
M68 E2 Q38.315
G1 X26.942 Y31.260 F650.0
M68 E2 Q31.418
G1 X26.930 Y31.332 F650.0
(ROT_RINGS CONT L1 X26.930 Y31.332 -> X26.897 Y31.666)
M68 E2 Q31.418
G4 P0.020
G1 X26.922 Y31.406 F650.0
M68 E2 Q38.315
G1 X26.904 Y31.592 F650.0
M68 E2 Q31.418
G1 X26.897 Y31.666 F650.0
(ROT_RINGS CONT L1 X26.897 Y31.666 -> X26.886 Y32.000)
M68 E2 Q31.418
G4 P0.020
G1 X26.894 Y31.739 F650.0
M68 E2 Q38.315
G1 X26.888 Y31.926 F650.0
M68 E2 Q31.418
G1 X26.886 Y32.000 F650.0
(ROT_RINGS CONT L1 X26.886 Y32.000 -> X26.897 Y32.334)
M68 E2 Q31.418
G4 P0.020
G1 X26.888 Y32.074 F650.0
M68 E2 Q38.315
G1 X26.894 Y32.261 F650.0
M68 E2 Q31.418
G1 X26.897 Y32.334 F650.0
(ROT_RINGS CONT L1 X26.897 Y32.334 -> X26.930 Y32.668)
M68 E2 Q31.418
G4 P0.020
G1 X26.904 Y32.408 F650.0
M68 E2 Q38.315
G1 X26.922 Y32.594 F650.0
M68 E2 Q31.418
G1 X26.930 Y32.668 F650.0
(ROT_RINGS CONT L1 X26.930 Y32.668 -> X26.984 Y32.998)
M68 E2 Q31.418
G4 P0.020
G1 X26.942 Y32.740 F650.0
M68 E2 Q38.315
G1 X26.972 Y32.925 F650.0
M68 E2 Q31.418
G1 X26.984 Y32.998 F650.0
(ROT_RINGS CONT L1 X26.984 Y32.998 -> X27.060 Y33.324)
M68 E2 Q31.418
G4 P0.020
G1 X27.001 Y33.069 F650.0
M68 E2 Q38.315
G1 X27.043 Y33.252 F650.0
M68 E2 Q31.418
G1 X27.060 Y33.324 F650.0
(ROT_RINGS CONT L1 X27.060 Y33.324 -> X27.157 Y33.644)
M68 E2 Q31.418
G4 P0.020
G1 X27.081 Y33.394 F650.0
M68 E2 Q38.315
G1 X27.136 Y33.573 F650.0
M68 E2 Q31.418
G1 X27.157 Y33.644 F650.0
(ROT_RINGS CONT L1 X27.157 Y33.644 -> X27.275 Y33.957)
M68 E2 Q31.418
G4 P0.020
G1 X27.183 Y33.713 F650.0
M68 E2 Q38.315
G1 X27.249 Y33.888 F650.0
M68 E2 Q31.418
G1 X27.275 Y33.957 F650.0
(ROT_RINGS CONT L1 X27.275 Y33.957 -> X27.413 Y34.262)
M68 E2 Q31.418
G4 P0.020
G1 X27.305 Y34.024 F650.0
M68 E2 Q38.315
G1 X27.383 Y34.195 F650.0
M68 E2 Q31.418
G1 X27.413 Y34.262 F650.0
(ROT_RINGS CONT L1 X27.413 Y34.262 -> X27.571 Y34.557)
M68 E2 Q31.418
G4 P0.020
G1 X27.448 Y34.327 F650.0
M68 E2 Q38.315
G1 X27.536 Y34.492 F650.0
M68 E2 Q31.418
G1 X27.571 Y34.557 F650.0
(ROT_RINGS CONT L1 X27.571 Y34.557 -> X27.748 Y34.841)
M68 E2 Q31.418
G4 P0.020
G1 X27.610 Y34.620 F650.0
M68 E2 Q38.315
G1 X27.709 Y34.779 F650.0
M68 E2 Q31.418
G1 X27.748 Y34.841 F650.0
(ROT_RINGS CONT L1 X27.748 Y34.841 -> X27.943 Y35.113)
M68 E2 Q31.418
G4 P0.020
G1 X27.791 Y34.901 F650.0
M68 E2 Q38.315
G1 X27.900 Y35.053 F650.0
M68 E2 Q31.418
G1 X27.943 Y35.113 F650.0
(ROT_RINGS CONT L1 X27.943 Y35.113 -> X28.155 Y35.372)
M68 E2 Q31.418
G4 P0.020
G1 X27.989 Y35.170 F650.0
M68 E2 Q38.315
G1 X28.108 Y35.315 F650.0
M68 E2 Q31.418
G1 X28.155 Y35.372 F650.0
(ROT_RINGS CONT L1 X28.155 Y35.372 -> X28.384 Y35.616)
M68 E2 Q31.418
G4 P0.020
G1 X28.205 Y35.426 F650.0
M68 E2 Q38.315
G1 X28.333 Y35.563 F650.0
M68 E2 Q31.418
G1 X28.384 Y35.616 F650.0
(ROT_RINGS CONT L1 X28.384 Y35.616 -> X28.628 Y35.845)
M68 E2 Q31.418
G4 P0.020
G1 X28.437 Y35.667 F650.0
M68 E2 Q38.315
G1 X28.574 Y35.795 F650.0
M68 E2 Q31.418
G1 X28.628 Y35.845 F650.0
(ROT_RINGS CONT L1 X28.628 Y35.845 -> X28.887 Y36.057)
M68 E2 Q31.418
G4 P0.020
G1 X28.685 Y35.892 F650.0
M68 E2 Q38.315
G1 X28.830 Y36.011 F650.0
M68 E2 Q31.418
G1 X28.887 Y36.057 F650.0
(ROT_RINGS CONT L1 X28.887 Y36.057 -> X29.159 Y36.252)
M68 E2 Q31.418
G4 P0.020
G1 X28.947 Y36.100 F650.0
M68 E2 Q38.315
G1 X29.099 Y36.209 F650.0
M68 E2 Q31.418
G1 X29.159 Y36.252 F650.0
(ROT_RINGS CONT L1 X29.159 Y36.252 -> X29.443 Y36.429)
M68 E2 Q31.418
G4 P0.020
G1 X29.221 Y36.291 F650.0
M68 E2 Q38.315
G1 X29.380 Y36.390 F650.0
M68 E2 Q31.418
G1 X29.443 Y36.429 F650.0
(ROT_RINGS CONT L1 X29.443 Y36.429 -> X29.738 Y36.587)
M68 E2 Q31.418
G4 P0.020
G1 X29.508 Y36.464 F650.0
M68 E2 Q38.315
G1 X29.673 Y36.552 F650.0
M68 E2 Q31.418
G1 X29.738 Y36.587 F650.0
(ROT_RINGS CONT L1 X29.738 Y36.587 -> X30.043 Y36.725)
M68 E2 Q31.418
G4 P0.020
G1 X29.805 Y36.617 F650.0
M68 E2 Q38.315
G1 X29.976 Y36.695 F650.0
M68 E2 Q31.418
G1 X30.043 Y36.725 F650.0
(ROT_RINGS CONT L1 X30.043 Y36.725 -> X30.356 Y36.843)
M68 E2 Q31.418
G4 P0.020
G1 X30.112 Y36.751 F650.0
M68 E2 Q38.315
G1 X30.287 Y36.817 F650.0
M68 E2 Q31.418
G1 X30.356 Y36.843 F650.0
(ROT_RINGS CONT L1 X30.356 Y36.843 -> X30.676 Y36.940)
M68 E2 Q31.418
G4 P0.020
G1 X30.427 Y36.864 F650.0
M68 E2 Q38.315
G1 X30.606 Y36.919 F650.0
M68 E2 Q31.418
G1 X30.676 Y36.940 F650.0
(ROT_RINGS CONT L1 X30.676 Y36.940 -> X31.002 Y37.016)
M68 E2 Q31.418
G4 P0.020
G1 X30.748 Y36.957 F650.0
M68 E2 Q38.315
G1 X30.931 Y36.999 F650.0
M68 E2 Q31.418
G1 X31.002 Y37.016 F650.0
(ROT_RINGS CONT L1 X31.002 Y37.016 -> X31.332 Y37.070)
M68 E2 Q31.418
G4 P0.020
G1 X31.075 Y37.028 F650.0
M68 E2 Q38.315
G1 X31.260 Y37.058 F650.0
M68 E2 Q31.418
G1 X31.332 Y37.070 F650.0
(ROT_RINGS CONT L1 X31.332 Y37.070 -> X31.666 Y37.103)
M68 E2 Q31.418
G4 P0.020
G1 X31.406 Y37.078 F650.0
M68 E2 Q38.315
G1 X31.592 Y37.096 F650.0
M68 E2 Q31.418
G1 X31.666 Y37.103 F650.0
(ROT_RINGS CONT L1 X31.666 Y37.103 -> X32.000 Y37.114)
M68 E2 Q31.418
G4 P0.020
G1 X31.739 Y37.106 F650.0
M68 E2 Q38.315
G1 X31.926 Y37.112 F650.0
M68 E2 Q31.418
G1 X32.000 Y37.114 F650.0
M68 E2 Q0.000
G1 X30.935 Y34.926 F845.0
(ROT_RINGS CONT L1 X30.935 Y34.926 -> X30.746 Y34.850)
M68 E2 Q31.418
G4 P0.020
G1 X30.888 Y34.908 F650.0
M68 E2 Q38.315
G1 X30.792 Y34.869 F650.0
M68 E2 Q31.418
G1 X30.746 Y34.850 F650.0
(ROT_RINGS CONT L1 X30.746 Y34.850 -> X30.562 Y34.762)
M68 E2 Q31.418
G4 P0.020
G1 X30.701 Y34.829 F650.0
M68 E2 Q38.315
G1 X30.607 Y34.784 F650.0
M68 E2 Q31.418
G1 X30.562 Y34.762 F650.0
(ROT_RINGS CONT L1 X30.562 Y34.762 -> X30.384 Y34.662)
M68 E2 Q31.418
G4 P0.020
G1 X30.518 Y34.738 F650.0
M68 E2 Q38.315
G1 X30.428 Y34.687 F650.0
M68 E2 Q31.418
G1 X30.384 Y34.662 F650.0
(ROT_RINGS CONT L1 X30.384 Y34.662 -> X30.214 Y34.551)
M68 E2 Q31.418
G4 P0.020
G1 X30.343 Y34.635 F650.0
M68 E2 Q38.315
G1 X30.256 Y34.578 F650.0
M68 E2 Q31.418
G1 X30.214 Y34.551 F650.0
(ROT_RINGS CONT L1 X30.214 Y34.551 -> X30.051 Y34.429)
M68 E2 Q31.418
G4 P0.020
G1 X30.174 Y34.521 F650.0
M68 E2 Q38.315
G1 X30.091 Y34.459 F650.0
M68 E2 Q31.418
G1 X30.051 Y34.429 F650.0
(ROT_RINGS CONT L1 X30.051 Y34.429 -> X29.896 Y34.296)
M68 E2 Q31.418
G4 P0.020
G1 X30.013 Y34.396 F650.0
M68 E2 Q38.315
G1 X29.934 Y34.329 F650.0
M68 E2 Q31.418
G1 X29.896 Y34.296 F650.0
(ROT_RINGS CONT L1 X29.896 Y34.296 -> X29.750 Y34.154)
M68 E2 Q31.418
G4 P0.020
G1 X29.860 Y34.261 F650.0
M68 E2 Q38.315
G1 X29.786 Y34.188 F650.0
M68 E2 Q31.418
G1 X29.750 Y34.154 F650.0
(ROT_RINGS CONT L1 X29.750 Y34.154 -> X29.614 Y34.002)
M68 E2 Q31.418
G4 P0.020
G1 X29.717 Y34.116 F650.0
M68 E2 Q38.315
G1 X29.648 Y34.039 F650.0
M68 E2 Q31.418
G1 X29.614 Y34.002 F650.0
(ROT_RINGS CONT L1 X29.614 Y34.002 -> X29.489 Y33.841)
M68 E2 Q31.418
G4 P0.020
G1 X29.584 Y33.962 F650.0
M68 E2 Q38.315
G1 X29.519 Y33.881 F650.0
M68 E2 Q31.418
G1 X29.489 Y33.841 F650.0
(ROT_RINGS CONT L1 X29.489 Y33.841 -> X29.374 Y33.673)
M68 E2 Q31.418
G4 P0.020
G1 X29.460 Y33.800 F650.0
M68 E2 Q38.315
G1 X29.402 Y33.715 F650.0
M68 E2 Q31.418
G1 X29.374 Y33.673 F650.0
(ROT_RINGS CONT L1 X29.374 Y33.673 -> X29.270 Y33.498)
M68 E2 Q31.418
G4 P0.020
G1 X29.348 Y33.630 F650.0
M68 E2 Q38.315
G1 X29.295 Y33.541 F650.0
M68 E2 Q31.418
G1 X29.270 Y33.498 F650.0
(ROT_RINGS CONT L1 X29.270 Y33.498 -> X29.178 Y33.316)
M68 E2 Q31.418
G4 P0.020
G1 X29.247 Y33.453 F650.0
M68 E2 Q38.315
G1 X29.200 Y33.361 F650.0
M68 E2 Q31.418
G1 X29.178 Y33.316 F650.0
(ROT_RINGS CONT L1 X29.178 Y33.316 -> X29.098 Y33.129)
M68 E2 Q31.418
G4 P0.020
G1 X29.158 Y33.270 F650.0
M68 E2 Q38.315
G1 X29.117 Y33.175 F650.0
M68 E2 Q31.418
G1 X29.098 Y33.129 F650.0
(ROT_RINGS CONT L1 X29.098 Y33.129 -> X29.030 Y32.936)
M68 E2 Q31.418
G4 P0.020
G1 X29.081 Y33.082 F650.0
M68 E2 Q38.315
G1 X29.047 Y32.984 F650.0
M68 E2 Q31.418
G1 X29.030 Y32.936 F650.0
(ROT_RINGS CONT L1 X29.030 Y32.936 -> X28.975 Y32.740)
M68 E2 Q31.418
G4 P0.020
G1 X29.016 Y32.888 F650.0
M68 E2 Q38.315
G1 X28.989 Y32.788 F650.0
M68 E2 Q31.418
G1 X28.975 Y32.740 F650.0
(ROT_RINGS CONT L1 X28.975 Y32.740 -> X28.933 Y32.541)
M68 E2 Q31.418
G4 P0.020
G1 X28.965 Y32.691 F650.0
M68 E2 Q38.315
G1 X28.943 Y32.590 F650.0
M68 E2 Q31.418
G1 X28.933 Y32.541 F650.0
(ROT_RINGS CONT L1 X28.933 Y32.541 -> X28.904 Y32.339)
M68 E2 Q31.418
G4 P0.020
G1 X28.926 Y32.491 F650.0
M68 E2 Q38.315
G1 X28.911 Y32.389 F650.0
M68 E2 Q31.418
G1 X28.904 Y32.339 F650.0
(ROT_RINGS CONT L1 X28.904 Y32.339 -> X28.889 Y32.136)
M68 E2 Q31.418
G4 P0.020
G1 X28.900 Y32.289 F650.0
M68 E2 Q38.315
G1 X28.893 Y32.186 F650.0
M68 E2 Q31.418
G1 X28.889 Y32.136 F650.0
(ROT_RINGS CONT L1 X28.889 Y32.136 -> X28.887 Y31.932)
M68 E2 Q31.418
G4 P0.020
G1 X28.888 Y32.086 F650.0
M68 E2 Q38.315
G1 X28.887 Y31.982 F650.0
M68 E2 Q31.418
G1 X28.887 Y31.932 F650.0
(ROT_RINGS CONT L1 X28.887 Y31.932 -> X28.898 Y31.729)
M68 E2 Q31.418
G4 P0.020
G1 X28.889 Y31.882 F650.0
M68 E2 Q38.315
G1 X28.895 Y31.779 F650.0
M68 E2 Q31.418
G1 X28.898 Y31.729 F650.0
(ROT_RINGS CONT L1 X28.898 Y31.729 -> X28.922 Y31.526)
M68 E2 Q31.418
G4 P0.020
G1 X28.904 Y31.679 F650.0
M68 E2 Q38.315
G1 X28.916 Y31.576 F650.0
M68 E2 Q31.418
G1 X28.922 Y31.526 F650.0
(ROT_RINGS CONT L1 X28.922 Y31.526 -> X28.960 Y31.326)
M68 E2 Q31.418
G4 P0.020
G1 X28.931 Y31.477 F650.0
M68 E2 Q38.315
G1 X28.950 Y31.375 F650.0
M68 E2 Q31.418
G1 X28.960 Y31.326 F650.0
(ROT_RINGS CONT L1 X28.960 Y31.326 -> X29.010 Y31.129)
M68 E2 Q31.418
G4 P0.020
G1 X28.972 Y31.278 F650.0
M68 E2 Q38.315
G1 X28.998 Y31.177 F650.0
M68 E2 Q31.418
G1 X29.010 Y31.129 F650.0
(ROT_RINGS CONT L1 X29.010 Y31.129 -> X29.074 Y30.935)
M68 E2 Q31.418
G4 P0.020
G1 X29.026 Y31.081 F650.0
M68 E2 Q38.315
G1 X29.058 Y30.982 F650.0
M68 E2 Q31.418
G1 X29.074 Y30.935 F650.0
(ROT_RINGS CONT L1 X29.074 Y30.935 -> X29.150 Y30.746)
M68 E2 Q31.418
G4 P0.020
G1 X29.092 Y30.888 F650.0
M68 E2 Q38.315
G1 X29.131 Y30.792 F650.0
M68 E2 Q31.418
G1 X29.150 Y30.746 F650.0
(ROT_RINGS CONT L1 X29.150 Y30.746 -> X29.238 Y30.562)
M68 E2 Q31.418
G4 P0.020
G1 X29.171 Y30.701 F650.0
M68 E2 Q38.315
G1 X29.216 Y30.607 F650.0
M68 E2 Q31.418
G1 X29.238 Y30.562 F650.0
(ROT_RINGS CONT L1 X29.238 Y30.562 -> X29.338 Y30.384)
M68 E2 Q31.418
G4 P0.020
G1 X29.262 Y30.518 F650.0
M68 E2 Q38.315
G1 X29.313 Y30.428 F650.0
M68 E2 Q31.418
G1 X29.338 Y30.384 F650.0
(ROT_RINGS CONT L1 X29.338 Y30.384 -> X29.449 Y30.214)
M68 E2 Q31.418
G4 P0.020
G1 X29.365 Y30.343 F650.0
M68 E2 Q38.315
G1 X29.422 Y30.256 F650.0
M68 E2 Q31.418
G1 X29.449 Y30.214 F650.0
(ROT_RINGS CONT L1 X29.449 Y30.214 -> X29.571 Y30.051)
M68 E2 Q31.418
G4 P0.020
G1 X29.479 Y30.174 F650.0
M68 E2 Q38.315
G1 X29.541 Y30.091 F650.0
M68 E2 Q31.418
G1 X29.571 Y30.051 F650.0
(ROT_RINGS CONT L1 X29.571 Y30.051 -> X29.704 Y29.896)
M68 E2 Q31.418
G4 P0.020
G1 X29.604 Y30.013 F650.0
M68 E2 Q38.315
G1 X29.671 Y29.934 F650.0
M68 E2 Q31.418
G1 X29.704 Y29.896 F650.0
(ROT_RINGS CONT L1 X29.704 Y29.896 -> X29.846 Y29.750)
M68 E2 Q31.418
G4 P0.020
G1 X29.739 Y29.860 F650.0
M68 E2 Q38.315
G1 X29.812 Y29.786 F650.0
M68 E2 Q31.418
G1 X29.846 Y29.750 F650.0
(ROT_RINGS CONT L1 X29.846 Y29.750 -> X29.998 Y29.614)
M68 E2 Q31.418
G4 P0.020
G1 X29.884 Y29.717 F650.0
M68 E2 Q38.315
G1 X29.961 Y29.648 F650.0
M68 E2 Q31.418
G1 X29.998 Y29.614 F650.0
(ROT_RINGS CONT L1 X29.998 Y29.614 -> X30.159 Y29.489)
M68 E2 Q31.418
G4 P0.020
G1 X30.038 Y29.584 F650.0
M68 E2 Q38.315
G1 X30.119 Y29.519 F650.0
M68 E2 Q31.418
G1 X30.159 Y29.489 F650.0
(ROT_RINGS CONT L1 X30.159 Y29.489 -> X30.327 Y29.374)
M68 E2 Q31.418
G4 P0.020
G1 X30.200 Y29.460 F650.0
M68 E2 Q38.315
G1 X30.285 Y29.402 F650.0
M68 E2 Q31.418
G1 X30.327 Y29.374 F650.0
(ROT_RINGS CONT L1 X30.327 Y29.374 -> X30.502 Y29.270)
M68 E2 Q31.418
G4 P0.020
G1 X30.370 Y29.348 F650.0
M68 E2 Q38.315
G1 X30.459 Y29.295 F650.0
M68 E2 Q31.418
G1 X30.502 Y29.270 F650.0
(ROT_RINGS CONT L1 X30.502 Y29.270 -> X30.684 Y29.178)
M68 E2 Q31.418
G4 P0.020
G1 X30.547 Y29.247 F650.0
M68 E2 Q38.315
G1 X30.639 Y29.200 F650.0
M68 E2 Q31.418
G1 X30.684 Y29.178 F650.0
(ROT_RINGS CONT L1 X30.684 Y29.178 -> X30.871 Y29.098)
M68 E2 Q31.418
G4 P0.020
G1 X30.730 Y29.158 F650.0
M68 E2 Q38.315
G1 X30.825 Y29.117 F650.0
M68 E2 Q31.418
G1 X30.871 Y29.098 F650.0
(ROT_RINGS CONT L1 X30.871 Y29.098 -> X31.064 Y29.030)
M68 E2 Q31.418
G4 P0.020
G1 X30.918 Y29.081 F650.0
M68 E2 Q38.315
G1 X31.016 Y29.047 F650.0
M68 E2 Q31.418
G1 X31.064 Y29.030 F650.0
(ROT_RINGS CONT L1 X31.064 Y29.030 -> X31.260 Y28.975)
M68 E2 Q31.418
G4 P0.020
G1 X31.112 Y29.016 F650.0
M68 E2 Q38.315
G1 X31.212 Y28.989 F650.0
M68 E2 Q31.418
G1 X31.260 Y28.975 F650.0
(ROT_RINGS CONT L1 X31.260 Y28.975 -> X31.459 Y28.933)
M68 E2 Q31.418
G4 P0.020
G1 X31.309 Y28.965 F650.0
M68 E2 Q38.315
G1 X31.410 Y28.943 F650.0
M68 E2 Q31.418
G1 X31.459 Y28.933 F650.0
(ROT_RINGS CONT L1 X31.459 Y28.933 -> X31.661 Y28.904)
M68 E2 Q31.418
G4 P0.020
G1 X31.509 Y28.926 F650.0
M68 E2 Q38.315
G1 X31.611 Y28.911 F650.0
M68 E2 Q31.418
G1 X31.661 Y28.904 F650.0
(ROT_RINGS CONT L1 X31.661 Y28.904 -> X31.864 Y28.889)
M68 E2 Q31.418
G4 P0.020
G1 X31.711 Y28.900 F650.0
M68 E2 Q38.315
G1 X31.814 Y28.893 F650.0
M68 E2 Q31.418
G1 X31.864 Y28.889 F650.0
(ROT_RINGS CONT L1 X31.864 Y28.889 -> X32.068 Y28.887)
M68 E2 Q31.418
G4 P0.020
G1 X31.914 Y28.888 F650.0
M68 E2 Q38.315
G1 X32.018 Y28.887 F650.0
M68 E2 Q31.418
G1 X32.068 Y28.887 F650.0
(ROT_RINGS CONT L1 X32.068 Y28.887 -> X32.271 Y28.898)
M68 E2 Q31.418
G4 P0.020
G1 X32.118 Y28.889 F650.0
M68 E2 Q38.315
G1 X32.221 Y28.895 F650.0
M68 E2 Q31.418
G1 X32.271 Y28.898 F650.0
(ROT_RINGS CONT L1 X32.271 Y28.898 -> X32.474 Y28.922)
M68 E2 Q31.418
G4 P0.020
G1 X32.321 Y28.904 F650.0
M68 E2 Q38.315
G1 X32.424 Y28.916 F650.0
M68 E2 Q31.418
G1 X32.474 Y28.922 F650.0
(ROT_RINGS CONT L1 X32.474 Y28.922 -> X32.674 Y28.960)
M68 E2 Q31.418
G4 P0.020
G1 X32.523 Y28.931 F650.0
M68 E2 Q38.315
G1 X32.625 Y28.950 F650.0
M68 E2 Q31.418
G1 X32.674 Y28.960 F650.0
(ROT_RINGS CONT L1 X32.674 Y28.960 -> X32.871 Y29.010)
M68 E2 Q31.418
G4 P0.020
G1 X32.722 Y28.972 F650.0
M68 E2 Q38.315
G1 X32.823 Y28.998 F650.0
M68 E2 Q31.418
G1 X32.871 Y29.010 F650.0
(ROT_RINGS CONT L1 X32.871 Y29.010 -> X33.065 Y29.074)
M68 E2 Q31.418
G4 P0.020
G1 X32.919 Y29.026 F650.0
M68 E2 Q38.315
G1 X33.018 Y29.058 F650.0
M68 E2 Q31.418
G1 X33.065 Y29.074 F650.0
(ROT_RINGS CONT L1 X33.065 Y29.074 -> X33.254 Y29.150)
M68 E2 Q31.418
G4 P0.020
G1 X33.112 Y29.092 F650.0
M68 E2 Q38.315
G1 X33.208 Y29.131 F650.0
M68 E2 Q31.418
G1 X33.254 Y29.150 F650.0
(ROT_RINGS CONT L1 X33.254 Y29.150 -> X33.438 Y29.238)
M68 E2 Q31.418
G4 P0.020
G1 X33.299 Y29.171 F650.0
M68 E2 Q38.315
G1 X33.393 Y29.216 F650.0
M68 E2 Q31.418
G1 X33.438 Y29.238 F650.0
(ROT_RINGS CONT L1 X33.438 Y29.238 -> X33.616 Y29.338)
M68 E2 Q31.418
G4 P0.020
G1 X33.482 Y29.262 F650.0
M68 E2 Q38.315
G1 X33.572 Y29.313 F650.0
M68 E2 Q31.418
G1 X33.616 Y29.338 F650.0
(ROT_RINGS CONT L1 X33.616 Y29.338 -> X33.786 Y29.449)
M68 E2 Q31.418
G4 P0.020
G1 X33.657 Y29.365 F650.0
M68 E2 Q38.315
G1 X33.744 Y29.422 F650.0
M68 E2 Q31.418
G1 X33.786 Y29.449 F650.0
(ROT_RINGS CONT L1 X33.786 Y29.449 -> X33.949 Y29.571)
M68 E2 Q31.418
G4 P0.020
G1 X33.826 Y29.479 F650.0
M68 E2 Q38.315
G1 X33.909 Y29.541 F650.0
M68 E2 Q31.418
G1 X33.949 Y29.571 F650.0
(ROT_RINGS CONT L1 X33.949 Y29.571 -> X34.104 Y29.704)
M68 E2 Q31.418
G4 P0.020
G1 X33.987 Y29.604 F650.0
M68 E2 Q38.315
G1 X34.066 Y29.671 F650.0
M68 E2 Q31.418
G1 X34.104 Y29.704 F650.0
(ROT_RINGS CONT L1 X34.104 Y29.704 -> X34.250 Y29.846)
M68 E2 Q31.418
G4 P0.020
G1 X34.140 Y29.739 F650.0
M68 E2 Q38.315
G1 X34.214 Y29.812 F650.0
M68 E2 Q31.418
G1 X34.250 Y29.846 F650.0
(ROT_RINGS CONT L1 X34.250 Y29.846 -> X34.386 Y29.998)
M68 E2 Q31.418
G4 P0.020
G1 X34.283 Y29.884 F650.0
M68 E2 Q38.315
G1 X34.352 Y29.961 F650.0
M68 E2 Q31.418
G1 X34.386 Y29.998 F650.0
(ROT_RINGS CONT L1 X34.386 Y29.998 -> X34.511 Y30.159)
M68 E2 Q31.418
G4 P0.020
G1 X34.416 Y30.038 F650.0
M68 E2 Q38.315
G1 X34.481 Y30.119 F650.0
M68 E2 Q31.418
G1 X34.511 Y30.159 F650.0
(ROT_RINGS CONT L1 X34.511 Y30.159 -> X34.626 Y30.327)
M68 E2 Q31.418
G4 P0.020
G1 X34.540 Y30.200 F650.0
M68 E2 Q38.315
G1 X34.598 Y30.285 F650.0
M68 E2 Q31.418
G1 X34.626 Y30.327 F650.0
(ROT_RINGS CONT L1 X34.626 Y30.327 -> X34.730 Y30.502)
M68 E2 Q31.418
G4 P0.020
G1 X34.652 Y30.370 F650.0
M68 E2 Q38.315
G1 X34.705 Y30.459 F650.0
M68 E2 Q31.418
G1 X34.730 Y30.502 F650.0
(ROT_RINGS CONT L1 X34.730 Y30.502 -> X34.822 Y30.684)
M68 E2 Q31.418
G4 P0.020
G1 X34.753 Y30.547 F650.0
M68 E2 Q38.315
G1 X34.800 Y30.639 F650.0
M68 E2 Q31.418
G1 X34.822 Y30.684 F650.0
(ROT_RINGS CONT L1 X34.822 Y30.684 -> X34.902 Y30.871)
M68 E2 Q31.418
G4 P0.020
G1 X34.842 Y30.730 F650.0
M68 E2 Q38.315
G1 X34.883 Y30.825 F650.0
M68 E2 Q31.418
G1 X34.902 Y30.871 F650.0
(ROT_RINGS CONT L1 X34.902 Y30.871 -> X34.970 Y31.064)
M68 E2 Q31.418
G4 P0.020
G1 X34.919 Y30.918 F650.0
M68 E2 Q38.315
G1 X34.953 Y31.016 F650.0
M68 E2 Q31.418
G1 X34.970 Y31.064 F650.0
(ROT_RINGS CONT L1 X34.970 Y31.064 -> X35.025 Y31.260)
M68 E2 Q31.418
G4 P0.020
G1 X34.984 Y31.112 F650.0
M68 E2 Q38.315
G1 X35.011 Y31.212 F650.0
M68 E2 Q31.418
G1 X35.025 Y31.260 F650.0
(ROT_RINGS CONT L1 X35.025 Y31.260 -> X35.067 Y31.459)
M68 E2 Q31.418
G4 P0.020
G1 X35.035 Y31.309 F650.0
M68 E2 Q38.315
G1 X35.057 Y31.410 F650.0
M68 E2 Q31.418
G1 X35.067 Y31.459 F650.0
(ROT_RINGS CONT L1 X35.067 Y31.459 -> X35.096 Y31.661)
M68 E2 Q31.418
G4 P0.020
G1 X35.074 Y31.509 F650.0
M68 E2 Q38.315
G1 X35.089 Y31.611 F650.0
M68 E2 Q31.418
G1 X35.096 Y31.661 F650.0
(ROT_RINGS CONT L1 X35.096 Y31.661 -> X35.111 Y31.864)
M68 E2 Q31.418
G4 P0.020
G1 X35.100 Y31.711 F650.0
M68 E2 Q38.315
G1 X35.107 Y31.814 F650.0
M68 E2 Q31.418
G1 X35.111 Y31.864 F650.0
(ROT_RINGS CONT L1 X35.111 Y31.864 -> X35.113 Y32.068)
M68 E2 Q31.418
G4 P0.020
G1 X35.112 Y31.914 F650.0
M68 E2 Q38.315
G1 X35.113 Y32.018 F650.0
M68 E2 Q31.418
G1 X35.113 Y32.068 F650.0
(ROT_RINGS CONT L1 X35.113 Y32.068 -> X35.102 Y32.271)
M68 E2 Q31.418
G4 P0.020
G1 X35.111 Y32.118 F650.0
M68 E2 Q38.315
G1 X35.105 Y32.221 F650.0
M68 E2 Q31.418
G1 X35.102 Y32.271 F650.0
(ROT_RINGS CONT L1 X35.102 Y32.271 -> X35.078 Y32.474)
M68 E2 Q31.418
G4 P0.020
G1 X35.096 Y32.321 F650.0
M68 E2 Q38.315
G1 X35.084 Y32.424 F650.0
M68 E2 Q31.418
G1 X35.078 Y32.474 F650.0
(ROT_RINGS CONT L1 X35.078 Y32.474 -> X35.040 Y32.674)
M68 E2 Q31.418
G4 P0.020
G1 X35.069 Y32.523 F650.0
M68 E2 Q38.315
G1 X35.050 Y32.625 F650.0
M68 E2 Q31.418
G1 X35.040 Y32.674 F650.0
(ROT_RINGS CONT L1 X35.040 Y32.674 -> X34.990 Y32.871)
M68 E2 Q31.418
G4 P0.020
G1 X35.028 Y32.722 F650.0
M68 E2 Q38.315
G1 X35.002 Y32.823 F650.0
M68 E2 Q31.418
G1 X34.990 Y32.871 F650.0
(ROT_RINGS CONT L1 X34.990 Y32.871 -> X34.926 Y33.065)
M68 E2 Q31.418
G4 P0.020
G1 X34.974 Y32.919 F650.0
M68 E2 Q38.315
G1 X34.942 Y33.018 F650.0
M68 E2 Q31.418
G1 X34.926 Y33.065 F650.0
(ROT_RINGS CONT L1 X34.926 Y33.065 -> X34.850 Y33.254)
M68 E2 Q31.418
G4 P0.020
G1 X34.908 Y33.112 F650.0
M68 E2 Q38.315
G1 X34.869 Y33.208 F650.0
M68 E2 Q31.418
G1 X34.850 Y33.254 F650.0
(ROT_RINGS CONT L1 X34.850 Y33.254 -> X34.762 Y33.438)
M68 E2 Q31.418
G4 P0.020
G1 X34.829 Y33.299 F650.0
M68 E2 Q38.315
G1 X34.784 Y33.393 F650.0
M68 E2 Q31.418
G1 X34.762 Y33.438 F650.0
(ROT_RINGS CONT L1 X34.762 Y33.438 -> X34.662 Y33.616)
M68 E2 Q31.418
G4 P0.020
G1 X34.738 Y33.482 F650.0
M68 E2 Q38.315
G1 X34.687 Y33.572 F650.0
M68 E2 Q31.418
G1 X34.662 Y33.616 F650.0
(ROT_RINGS CONT L1 X34.662 Y33.616 -> X34.551 Y33.786)
M68 E2 Q31.418
G4 P0.020
G1 X34.635 Y33.657 F650.0
M68 E2 Q38.315
G1 X34.578 Y33.744 F650.0
M68 E2 Q31.418
G1 X34.551 Y33.786 F650.0
(ROT_RINGS CONT L1 X34.551 Y33.786 -> X34.429 Y33.949)
M68 E2 Q31.418
G4 P0.020
G1 X34.521 Y33.826 F650.0
M68 E2 Q38.315
G1 X34.459 Y33.909 F650.0
M68 E2 Q31.418
G1 X34.429 Y33.949 F650.0
(ROT_RINGS CONT L1 X34.429 Y33.949 -> X34.296 Y34.104)
M68 E2 Q31.418
G4 P0.020
G1 X34.396 Y33.987 F650.0
M68 E2 Q38.315
G1 X34.329 Y34.066 F650.0
M68 E2 Q31.418
G1 X34.296 Y34.104 F650.0
(ROT_RINGS CONT L1 X34.296 Y34.104 -> X34.154 Y34.250)
M68 E2 Q31.418
G4 P0.020
G1 X34.261 Y34.140 F650.0
M68 E2 Q38.315
G1 X34.188 Y34.214 F650.0
M68 E2 Q31.418
G1 X34.154 Y34.250 F650.0
(ROT_RINGS CONT L1 X34.154 Y34.250 -> X34.002 Y34.386)
M68 E2 Q31.418
G4 P0.020
G1 X34.116 Y34.283 F650.0
M68 E2 Q38.315
G1 X34.039 Y34.352 F650.0
M68 E2 Q31.418
G1 X34.002 Y34.386 F650.0
(ROT_RINGS CONT L1 X34.002 Y34.386 -> X33.841 Y34.511)
M68 E2 Q31.418
G4 P0.020
G1 X33.962 Y34.416 F650.0
M68 E2 Q38.315
G1 X33.881 Y34.481 F650.0
M68 E2 Q31.418
G1 X33.841 Y34.511 F650.0
(ROT_RINGS CONT L1 X33.841 Y34.511 -> X33.673 Y34.626)
M68 E2 Q31.418
G4 P0.020
G1 X33.800 Y34.540 F650.0
M68 E2 Q38.315
G1 X33.715 Y34.598 F650.0
M68 E2 Q31.418
G1 X33.673 Y34.626 F650.0
(ROT_RINGS CONT L1 X33.673 Y34.626 -> X33.498 Y34.730)
M68 E2 Q31.418
G4 P0.020
G1 X33.630 Y34.652 F650.0
M68 E2 Q38.315
G1 X33.541 Y34.705 F650.0
M68 E2 Q31.418
G1 X33.498 Y34.730 F650.0
(ROT_RINGS CONT L1 X33.498 Y34.730 -> X33.316 Y34.822)
M68 E2 Q31.418
G4 P0.020
G1 X33.453 Y34.753 F650.0
M68 E2 Q38.315
G1 X33.361 Y34.800 F650.0
M68 E2 Q31.418
G1 X33.316 Y34.822 F650.0
(ROT_RINGS CONT L1 X33.316 Y34.822 -> X33.129 Y34.902)
M68 E2 Q31.418
G4 P0.020
G1 X33.270 Y34.842 F650.0
M68 E2 Q38.315
G1 X33.175 Y34.883 F650.0
M68 E2 Q31.418
G1 X33.129 Y34.902 F650.0
(ROT_RINGS CONT L1 X33.129 Y34.902 -> X32.936 Y34.970)
M68 E2 Q31.418
G4 P0.020
G1 X33.082 Y34.919 F650.0
M68 E2 Q38.315
G1 X32.984 Y34.953 F650.0
M68 E2 Q31.418
G1 X32.936 Y34.970 F650.0
(ROT_RINGS CONT L1 X32.936 Y34.970 -> X32.740 Y35.025)
M68 E2 Q31.418
G4 P0.020
G1 X32.888 Y34.984 F650.0
M68 E2 Q38.315
G1 X32.788 Y35.011 F650.0
M68 E2 Q31.418
G1 X32.740 Y35.025 F650.0
(ROT_RINGS CONT L1 X32.740 Y35.025 -> X32.541 Y35.067)
M68 E2 Q31.418
G4 P0.020
G1 X32.691 Y35.035 F650.0
M68 E2 Q38.315
G1 X32.590 Y35.057 F650.0
M68 E2 Q31.418
G1 X32.541 Y35.067 F650.0
(ROT_RINGS CONT L1 X32.541 Y35.067 -> X32.339 Y35.096)
M68 E2 Q31.418
G4 P0.020
G1 X32.491 Y35.074 F650.0
M68 E2 Q38.315
G1 X32.389 Y35.089 F650.0
M68 E2 Q31.418
G1 X32.339 Y35.096 F650.0
(ROT_RINGS CONT L1 X32.339 Y35.096 -> X32.136 Y35.111)
M68 E2 Q31.418
G4 P0.020
G1 X32.289 Y35.100 F650.0
M68 E2 Q38.315
G1 X32.186 Y35.107 F650.0
M68 E2 Q31.418
G1 X32.136 Y35.111 F650.0
(ROT_RINGS CONT L1 X32.136 Y35.111 -> X31.932 Y35.113)
M68 E2 Q31.418
G4 P0.020
G1 X32.086 Y35.112 F650.0
M68 E2 Q38.315
G1 X31.982 Y35.113 F650.0
M68 E2 Q31.418
G1 X31.932 Y35.113 F650.0
(ROT_RINGS CONT L1 X31.932 Y35.113 -> X31.729 Y35.102)
M68 E2 Q31.418
G4 P0.020
G1 X31.882 Y35.111 F650.0
M68 E2 Q38.315
G1 X31.779 Y35.105 F650.0
M68 E2 Q31.418
G1 X31.729 Y35.102 F650.0
(ROT_RINGS CONT L1 X31.729 Y35.102 -> X31.526 Y35.078)
M68 E2 Q31.418
G4 P0.020
G1 X31.679 Y35.096 F650.0
M68 E2 Q38.315
G1 X31.576 Y35.084 F650.0
M68 E2 Q31.418
G1 X31.526 Y35.078 F650.0
(ROT_RINGS CONT L1 X31.526 Y35.078 -> X31.326 Y35.040)
M68 E2 Q31.418
G4 P0.020
G1 X31.477 Y35.069 F650.0
M68 E2 Q38.315
G1 X31.375 Y35.050 F650.0
M68 E2 Q31.418
G1 X31.326 Y35.040 F650.0
(ROT_RINGS CONT L1 X31.326 Y35.040 -> X31.129 Y34.990)
M68 E2 Q31.418
G4 P0.020
G1 X31.278 Y35.028 F650.0
M68 E2 Q38.315
G1 X31.177 Y35.002 F650.0
M68 E2 Q31.418
G1 X31.129 Y34.990 F650.0
(ROT_RINGS CONT L1 X31.129 Y34.990 -> X30.935 Y34.926)
M68 E2 Q31.418
G4 P0.020
G1 X31.081 Y34.974 F650.0
M68 E2 Q38.315
G1 X30.982 Y34.942 F650.0
M68 E2 Q31.418
G1 X30.935 Y34.926 F650.0
M68 E2 Q0.000
G1 X31.284 Y32.854 F845.0
(ROT_RINGS CONT L1 X31.284 Y32.854 -> X31.341 Y32.899)
M68 E2 Q31.418
G4 P0.020
G1 X31.307 Y32.872 F650.0
M68 E2 Q38.315
G1 X31.318 Y32.881 F650.0
M68 E2 Q31.418
G1 X31.341 Y32.899 F650.0
(ROT_RINGS CONT L1 X31.341 Y32.899 -> X31.401 Y32.940)
M68 E2 Q31.418
G4 P0.020
G1 X31.365 Y32.915 F650.0
M68 E2 Q38.315
G1 X31.377 Y32.923 F650.0
M68 E2 Q31.418
G1 X31.401 Y32.940 F650.0
(ROT_RINGS CONT L1 X31.401 Y32.940 -> X31.464 Y32.977)
M68 E2 Q31.418
G4 P0.020
G1 X31.426 Y32.955 F650.0
M68 E2 Q38.315
G1 X31.439 Y32.962 F650.0
M68 E2 Q31.418
G1 X31.464 Y32.977 F650.0
(ROT_RINGS CONT L1 X31.464 Y32.977 -> X31.529 Y33.010)
M68 E2 Q31.418
G4 P0.020
G1 X31.490 Y32.990 F650.0
M68 E2 Q38.315
G1 X31.503 Y32.997 F650.0
M68 E2 Q31.418
G1 X31.529 Y33.010 F650.0
(ROT_RINGS CONT L1 X31.529 Y33.010 -> X31.596 Y33.038)
M68 E2 Q31.418
G4 P0.020
G1 X31.556 Y33.021 F650.0
M68 E2 Q38.315
G1 X31.569 Y33.027 F650.0
M68 E2 Q31.418
G1 X31.596 Y33.038 F650.0
(ROT_RINGS CONT L1 X31.596 Y33.038 -> X31.665 Y33.063)
M68 E2 Q31.418
G4 P0.020
G1 X31.624 Y33.048 F650.0
M68 E2 Q38.315
G1 X31.637 Y33.053 F650.0
M68 E2 Q31.418
G1 X31.665 Y33.063 F650.0
(ROT_RINGS CONT L1 X31.665 Y33.063 -> X31.735 Y33.082)
M68 E2 Q31.418
G4 P0.020
G1 X31.693 Y33.070 F650.0
M68 E2 Q38.315
G1 X31.707 Y33.074 F650.0
M68 E2 Q31.418
G1 X31.735 Y33.082 F650.0
(ROT_RINGS CONT L1 X31.735 Y33.082 -> X31.807 Y33.097)
M68 E2 Q31.418
G4 P0.020
G1 X31.764 Y33.088 F650.0
M68 E2 Q38.315
G1 X31.778 Y33.091 F650.0
M68 E2 Q31.418
G1 X31.807 Y33.097 F650.0
(ROT_RINGS CONT L1 X31.807 Y33.097 -> X31.879 Y33.108)
M68 E2 Q31.418
G4 P0.020
G1 X31.835 Y33.101 F650.0
M68 E2 Q38.315
G1 X31.850 Y33.103 F650.0
M68 E2 Q31.418
G1 X31.879 Y33.108 F650.0
(ROT_RINGS CONT L1 X31.879 Y33.108 -> X31.951 Y33.113)
M68 E2 Q31.418
G4 P0.020
G1 X31.908 Y33.110 F650.0
M68 E2 Q38.315
G1 X31.922 Y33.111 F650.0
M68 E2 Q31.418
G1 X31.951 Y33.113 F650.0
(ROT_RINGS CONT L1 X31.951 Y33.113 -> X32.024 Y33.114)
M68 E2 Q31.418
G4 P0.020
G1 X31.981 Y33.113 F650.0
M68 E2 Q38.315
G1 X31.995 Y33.114 F650.0
M68 E2 Q31.418
G1 X32.024 Y33.114 F650.0
(ROT_RINGS CONT L1 X32.024 Y33.114 -> X32.097 Y33.110)
M68 E2 Q31.418
G4 P0.020
G1 X32.053 Y33.112 F650.0
M68 E2 Q38.315
G1 X32.068 Y33.112 F650.0
M68 E2 Q31.418
G1 X32.097 Y33.110 F650.0
(ROT_RINGS CONT L1 X32.097 Y33.110 -> X32.169 Y33.101)
M68 E2 Q31.418
G4 P0.020
G1 X32.126 Y33.106 F650.0
M68 E2 Q38.315
G1 X32.141 Y33.105 F650.0
M68 E2 Q31.418
G1 X32.169 Y33.101 F650.0
(ROT_RINGS CONT L1 X32.169 Y33.101 -> X32.241 Y33.088)
M68 E2 Q31.418
G4 P0.020
G1 X32.198 Y33.096 F650.0
M68 E2 Q38.315
G1 X32.212 Y33.093 F650.0
M68 E2 Q31.418
G1 X32.241 Y33.088 F650.0
(ROT_RINGS CONT L1 X32.241 Y33.088 -> X32.312 Y33.070)
M68 E2 Q31.418
G4 P0.020
G1 X32.269 Y33.081 F650.0
M68 E2 Q38.315
G1 X32.284 Y33.077 F650.0
M68 E2 Q31.418
G1 X32.312 Y33.070 F650.0
(ROT_RINGS CONT L1 X32.312 Y33.070 -> X32.381 Y33.047)
M68 E2 Q31.418
G4 P0.020
G1 X32.340 Y33.061 F650.0
M68 E2 Q38.315
G1 X32.353 Y33.056 F650.0
M68 E2 Q31.418
G1 X32.381 Y33.047 F650.0
(ROT_RINGS CONT L1 X32.381 Y33.047 -> X32.449 Y33.020)
M68 E2 Q31.418
G4 P0.020
G1 X32.408 Y33.036 F650.0
M68 E2 Q38.315
G1 X32.422 Y33.031 F650.0
M68 E2 Q31.418
G1 X32.449 Y33.020 F650.0
(ROT_RINGS CONT L1 X32.449 Y33.020 -> X32.514 Y32.988)
M68 E2 Q31.418
G4 P0.020
G1 X32.475 Y33.007 F650.0
M68 E2 Q38.315
G1 X32.488 Y33.001 F650.0
M68 E2 Q31.418
G1 X32.514 Y32.988 F650.0
(ROT_RINGS CONT L1 X32.514 Y32.988 -> X32.578 Y32.953)
M68 E2 Q31.418
G4 P0.020
G1 X32.540 Y32.974 F650.0
M68 E2 Q38.315
G1 X32.553 Y32.967 F650.0
M68 E2 Q31.418
G1 X32.578 Y32.953 F650.0
(ROT_RINGS CONT L1 X32.578 Y32.953 -> X32.639 Y32.913)
M68 E2 Q31.418
G4 P0.020
G1 X32.602 Y32.937 F650.0
M68 E2 Q38.315
G1 X32.615 Y32.929 F650.0
M68 E2 Q31.418
G1 X32.639 Y32.913 F650.0
(ROT_RINGS CONT L1 X32.639 Y32.913 -> X32.697 Y32.869)
M68 E2 Q31.418
G4 P0.020
G1 X32.662 Y32.895 F650.0
M68 E2 Q38.315
G1 X32.674 Y32.886 F650.0
M68 E2 Q31.418
G1 X32.697 Y32.869 F650.0
(ROT_RINGS CONT L1 X32.697 Y32.869 -> X32.753 Y32.821)
M68 E2 Q31.418
G4 P0.020
G1 X32.720 Y32.850 F650.0
M68 E2 Q38.315
G1 X32.731 Y32.840 F650.0
M68 E2 Q31.418
G1 X32.753 Y32.821 F650.0
(ROT_RINGS CONT L1 X32.753 Y32.821 -> X32.805 Y32.770)
M68 E2 Q31.418
G4 P0.020
G1 X32.774 Y32.801 F650.0
M68 E2 Q38.315
G1 X32.784 Y32.791 F650.0
M68 E2 Q31.418
G1 X32.805 Y32.770 F650.0
(ROT_RINGS CONT L1 X32.805 Y32.770 -> X32.854 Y32.716)
M68 E2 Q31.418
G4 P0.020
G1 X32.824 Y32.749 F650.0
M68 E2 Q38.315
G1 X32.834 Y32.738 F650.0
M68 E2 Q31.418
G1 X32.854 Y32.716 F650.0
(ROT_RINGS CONT L1 X32.854 Y32.716 -> X32.899 Y32.659)
M68 E2 Q31.418
G4 P0.020
G1 X32.872 Y32.693 F650.0
M68 E2 Q38.315
G1 X32.881 Y32.682 F650.0
M68 E2 Q31.418
G1 X32.899 Y32.659 F650.0
(ROT_RINGS CONT L1 X32.899 Y32.659 -> X32.940 Y32.599)
M68 E2 Q31.418
G4 P0.020
G1 X32.915 Y32.635 F650.0
M68 E2 Q38.315
G1 X32.923 Y32.623 F650.0
M68 E2 Q31.418
G1 X32.940 Y32.599 F650.0
(ROT_RINGS CONT L1 X32.940 Y32.599 -> X32.977 Y32.536)
M68 E2 Q31.418
G4 P0.020
G1 X32.955 Y32.574 F650.0
M68 E2 Q38.315
G1 X32.962 Y32.561 F650.0
M68 E2 Q31.418
G1 X32.977 Y32.536 F650.0
(ROT_RINGS CONT L1 X32.977 Y32.536 -> X33.010 Y32.471)
M68 E2 Q31.418
G4 P0.020
G1 X32.990 Y32.510 F650.0
M68 E2 Q38.315
G1 X32.997 Y32.497 F650.0
M68 E2 Q31.418
G1 X33.010 Y32.471 F650.0
(ROT_RINGS CONT L1 X33.010 Y32.471 -> X33.038 Y32.404)
M68 E2 Q31.418
G4 P0.020
G1 X33.021 Y32.444 F650.0
M68 E2 Q38.315
G1 X33.027 Y32.431 F650.0
M68 E2 Q31.418
G1 X33.038 Y32.404 F650.0
(ROT_RINGS CONT L1 X33.038 Y32.404 -> X33.063 Y32.335)
M68 E2 Q31.418
G4 P0.020
G1 X33.048 Y32.376 F650.0
M68 E2 Q38.315
G1 X33.053 Y32.363 F650.0
M68 E2 Q31.418
G1 X33.063 Y32.335 F650.0
(ROT_RINGS CONT L1 X33.063 Y32.335 -> X33.082 Y32.265)
M68 E2 Q31.418
G4 P0.020
G1 X33.070 Y32.307 F650.0
M68 E2 Q38.315
G1 X33.074 Y32.293 F650.0
M68 E2 Q31.418
G1 X33.082 Y32.265 F650.0
(ROT_RINGS CONT L1 X33.082 Y32.265 -> X33.097 Y32.193)
M68 E2 Q31.418
G4 P0.020
G1 X33.088 Y32.236 F650.0
M68 E2 Q38.315
G1 X33.091 Y32.222 F650.0
M68 E2 Q31.418
G1 X33.097 Y32.193 F650.0
(ROT_RINGS CONT L1 X33.097 Y32.193 -> X33.108 Y32.121)
M68 E2 Q31.418
G4 P0.020
G1 X33.101 Y32.165 F650.0
M68 E2 Q38.315
G1 X33.103 Y32.150 F650.0
M68 E2 Q31.418
G1 X33.108 Y32.121 F650.0
(ROT_RINGS CONT L1 X33.108 Y32.121 -> X33.113 Y32.049)
M68 E2 Q31.418
G4 P0.020
G1 X33.110 Y32.092 F650.0
M68 E2 Q38.315
G1 X33.111 Y32.078 F650.0
M68 E2 Q31.418
G1 X33.113 Y32.049 F650.0
(ROT_RINGS CONT L1 X33.113 Y32.049 -> X33.114 Y31.976)
M68 E2 Q31.418
G4 P0.020
G1 X33.113 Y32.019 F650.0
M68 E2 Q38.315
G1 X33.114 Y32.005 F650.0
M68 E2 Q31.418
G1 X33.114 Y31.976 F650.0
(ROT_RINGS CONT L1 X33.114 Y31.976 -> X33.110 Y31.903)
M68 E2 Q31.418
G4 P0.020
G1 X33.112 Y31.947 F650.0
M68 E2 Q38.315
G1 X33.112 Y31.932 F650.0
M68 E2 Q31.418
G1 X33.110 Y31.903 F650.0
(ROT_RINGS CONT L1 X33.110 Y31.903 -> X33.101 Y31.831)
M68 E2 Q31.418
G4 P0.020
G1 X33.106 Y31.874 F650.0
M68 E2 Q38.315
G1 X33.105 Y31.859 F650.0
M68 E2 Q31.418
G1 X33.101 Y31.831 F650.0
(ROT_RINGS CONT L1 X33.101 Y31.831 -> X33.088 Y31.759)
M68 E2 Q31.418
G4 P0.020
G1 X33.096 Y31.802 F650.0
M68 E2 Q38.315
G1 X33.093 Y31.788 F650.0
M68 E2 Q31.418
G1 X33.088 Y31.759 F650.0
(ROT_RINGS CONT L1 X33.088 Y31.759 -> X33.070 Y31.688)
M68 E2 Q31.418
G4 P0.020
G1 X33.081 Y31.731 F650.0
M68 E2 Q38.315
G1 X33.077 Y31.716 F650.0
M68 E2 Q31.418
G1 X33.070 Y31.688 F650.0
(ROT_RINGS CONT L1 X33.070 Y31.688 -> X33.047 Y31.619)
M68 E2 Q31.418
G4 P0.020
G1 X33.061 Y31.660 F650.0
M68 E2 Q38.315
G1 X33.056 Y31.647 F650.0
M68 E2 Q31.418
G1 X33.047 Y31.619 F650.0
(ROT_RINGS CONT L1 X33.047 Y31.619 -> X33.020 Y31.551)
M68 E2 Q31.418
G4 P0.020
G1 X33.036 Y31.592 F650.0
M68 E2 Q38.315
G1 X33.031 Y31.578 F650.0
M68 E2 Q31.418
G1 X33.020 Y31.551 F650.0
(ROT_RINGS CONT L1 X33.020 Y31.551 -> X32.988 Y31.486)
M68 E2 Q31.418
G4 P0.020
G1 X33.007 Y31.525 F650.0
M68 E2 Q38.315
G1 X33.001 Y31.512 F650.0
M68 E2 Q31.418
G1 X32.988 Y31.486 F650.0
(ROT_RINGS CONT L1 X32.988 Y31.486 -> X32.953 Y31.422)
M68 E2 Q31.418
G4 P0.020
G1 X32.974 Y31.460 F650.0
M68 E2 Q38.315
G1 X32.967 Y31.447 F650.0
M68 E2 Q31.418
G1 X32.953 Y31.422 F650.0
(ROT_RINGS CONT L1 X32.953 Y31.422 -> X32.913 Y31.361)
M68 E2 Q31.418
G4 P0.020
G1 X32.937 Y31.398 F650.0
M68 E2 Q38.315
G1 X32.929 Y31.385 F650.0
M68 E2 Q31.418
G1 X32.913 Y31.361 F650.0
(ROT_RINGS CONT L1 X32.913 Y31.361 -> X32.869 Y31.303)
M68 E2 Q31.418
G4 P0.020
G1 X32.895 Y31.338 F650.0
M68 E2 Q38.315
G1 X32.886 Y31.326 F650.0
M68 E2 Q31.418
G1 X32.869 Y31.303 F650.0
(ROT_RINGS CONT L1 X32.869 Y31.303 -> X32.821 Y31.247)
M68 E2 Q31.418
G4 P0.020
G1 X32.850 Y31.280 F650.0
M68 E2 Q38.315
G1 X32.840 Y31.269 F650.0
M68 E2 Q31.418
G1 X32.821 Y31.247 F650.0
(ROT_RINGS CONT L1 X32.821 Y31.247 -> X32.770 Y31.195)
M68 E2 Q31.418
G4 P0.020
G1 X32.801 Y31.226 F650.0
M68 E2 Q38.315
G1 X32.791 Y31.216 F650.0
M68 E2 Q31.418
G1 X32.770 Y31.195 F650.0
(ROT_RINGS CONT L1 X32.770 Y31.195 -> X32.716 Y31.146)
M68 E2 Q31.418
G4 P0.020
G1 X32.749 Y31.176 F650.0
M68 E2 Q38.315
G1 X32.738 Y31.166 F650.0
M68 E2 Q31.418
G1 X32.716 Y31.146 F650.0
(ROT_RINGS CONT L1 X32.716 Y31.146 -> X32.659 Y31.101)
M68 E2 Q31.418
G4 P0.020
G1 X32.693 Y31.128 F650.0
M68 E2 Q38.315
G1 X32.682 Y31.119 F650.0
M68 E2 Q31.418
G1 X32.659 Y31.101 F650.0
(ROT_RINGS CONT L1 X32.659 Y31.101 -> X32.599 Y31.060)
M68 E2 Q31.418
G4 P0.020
G1 X32.635 Y31.085 F650.0
M68 E2 Q38.315
G1 X32.623 Y31.077 F650.0
M68 E2 Q31.418
G1 X32.599 Y31.060 F650.0
(ROT_RINGS CONT L1 X32.599 Y31.060 -> X32.536 Y31.023)
M68 E2 Q31.418
G4 P0.020
G1 X32.574 Y31.045 F650.0
M68 E2 Q38.315
G1 X32.561 Y31.038 F650.0
M68 E2 Q31.418
G1 X32.536 Y31.023 F650.0
(ROT_RINGS CONT L1 X32.536 Y31.023 -> X32.471 Y30.990)
M68 E2 Q31.418
G4 P0.020
G1 X32.510 Y31.010 F650.0
M68 E2 Q38.315
G1 X32.497 Y31.003 F650.0
M68 E2 Q31.418
G1 X32.471 Y30.990 F650.0
(ROT_RINGS CONT L1 X32.471 Y30.990 -> X32.404 Y30.962)
M68 E2 Q31.418
G4 P0.020
G1 X32.444 Y30.979 F650.0
M68 E2 Q38.315
G1 X32.431 Y30.973 F650.0
M68 E2 Q31.418
G1 X32.404 Y30.962 F650.0
(ROT_RINGS CONT L1 X32.404 Y30.962 -> X32.335 Y30.937)
M68 E2 Q31.418
G4 P0.020
G1 X32.376 Y30.952 F650.0
M68 E2 Q38.315
G1 X32.363 Y30.947 F650.0
M68 E2 Q31.418
G1 X32.335 Y30.937 F650.0
(ROT_RINGS CONT L1 X32.335 Y30.937 -> X32.265 Y30.918)
M68 E2 Q31.418
G4 P0.020
G1 X32.307 Y30.930 F650.0
M68 E2 Q38.315
G1 X32.293 Y30.926 F650.0
M68 E2 Q31.418
G1 X32.265 Y30.918 F650.0
(ROT_RINGS CONT L1 X32.265 Y30.918 -> X32.193 Y30.903)
M68 E2 Q31.418
G4 P0.020
G1 X32.236 Y30.912 F650.0
M68 E2 Q38.315
G1 X32.222 Y30.909 F650.0
M68 E2 Q31.418
G1 X32.193 Y30.903 F650.0
(ROT_RINGS CONT L1 X32.193 Y30.903 -> X32.121 Y30.892)
M68 E2 Q31.418
G4 P0.020
G1 X32.165 Y30.899 F650.0
M68 E2 Q38.315
G1 X32.150 Y30.897 F650.0
M68 E2 Q31.418
G1 X32.121 Y30.892 F650.0
(ROT_RINGS CONT L1 X32.121 Y30.892 -> X32.049 Y30.887)
M68 E2 Q31.418
G4 P0.020
G1 X32.092 Y30.890 F650.0
M68 E2 Q38.315
G1 X32.078 Y30.889 F650.0
M68 E2 Q31.418
G1 X32.049 Y30.887 F650.0
(ROT_RINGS CONT L1 X32.049 Y30.887 -> X31.976 Y30.886)
M68 E2 Q31.418
G4 P0.020
G1 X32.019 Y30.887 F650.0
M68 E2 Q38.315
G1 X32.005 Y30.886 F650.0
M68 E2 Q31.418
G1 X31.976 Y30.886 F650.0
(ROT_RINGS CONT L1 X31.976 Y30.886 -> X31.903 Y30.890)
M68 E2 Q31.418
G4 P0.020
G1 X31.947 Y30.888 F650.0
M68 E2 Q38.315
G1 X31.932 Y30.888 F650.0
M68 E2 Q31.418
G1 X31.903 Y30.890 F650.0
(ROT_RINGS CONT L1 X31.903 Y30.890 -> X31.831 Y30.899)
M68 E2 Q31.418
G4 P0.020
G1 X31.874 Y30.894 F650.0
M68 E2 Q38.315
G1 X31.859 Y30.895 F650.0
M68 E2 Q31.418
G1 X31.831 Y30.899 F650.0
(ROT_RINGS CONT L1 X31.831 Y30.899 -> X31.759 Y30.912)
M68 E2 Q31.418
G4 P0.020
G1 X31.802 Y30.904 F650.0
M68 E2 Q38.315
G1 X31.788 Y30.907 F650.0
M68 E2 Q31.418
G1 X31.759 Y30.912 F650.0
(ROT_RINGS CONT L1 X31.759 Y30.912 -> X31.688 Y30.930)
M68 E2 Q31.418
G4 P0.020
G1 X31.731 Y30.919 F650.0
M68 E2 Q38.315
G1 X31.716 Y30.923 F650.0
M68 E2 Q31.418
G1 X31.688 Y30.930 F650.0
(ROT_RINGS CONT L1 X31.688 Y30.930 -> X31.619 Y30.953)
M68 E2 Q31.418
G4 P0.020
G1 X31.660 Y30.939 F650.0
M68 E2 Q38.315
G1 X31.647 Y30.944 F650.0
M68 E2 Q31.418
G1 X31.619 Y30.953 F650.0
(ROT_RINGS CONT L1 X31.619 Y30.953 -> X31.551 Y30.980)
M68 E2 Q31.418
G4 P0.020
G1 X31.592 Y30.964 F650.0
M68 E2 Q38.315
G1 X31.578 Y30.969 F650.0
M68 E2 Q31.418
G1 X31.551 Y30.980 F650.0
(ROT_RINGS CONT L1 X31.551 Y30.980 -> X31.486 Y31.012)
M68 E2 Q31.418
G4 P0.020
G1 X31.525 Y30.993 F650.0
M68 E2 Q38.315
G1 X31.512 Y30.999 F650.0
M68 E2 Q31.418
G1 X31.486 Y31.012 F650.0
(ROT_RINGS CONT L1 X31.486 Y31.012 -> X31.422 Y31.047)
M68 E2 Q31.418
G4 P0.020
G1 X31.460 Y31.026 F650.0
M68 E2 Q38.315
G1 X31.447 Y31.033 F650.0
M68 E2 Q31.418
G1 X31.422 Y31.047 F650.0
(ROT_RINGS CONT L1 X31.422 Y31.047 -> X31.361 Y31.087)
M68 E2 Q31.418
G4 P0.020
G1 X31.398 Y31.063 F650.0
M68 E2 Q38.315
G1 X31.385 Y31.071 F650.0
M68 E2 Q31.418
G1 X31.361 Y31.087 F650.0
(ROT_RINGS CONT L1 X31.361 Y31.087 -> X31.303 Y31.131)
M68 E2 Q31.418
G4 P0.020
G1 X31.338 Y31.105 F650.0
M68 E2 Q38.315
G1 X31.326 Y31.114 F650.0
M68 E2 Q31.418
G1 X31.303 Y31.131 F650.0
(ROT_RINGS CONT L1 X31.303 Y31.131 -> X31.247 Y31.179)
M68 E2 Q31.418
G4 P0.020
G1 X31.280 Y31.150 F650.0
M68 E2 Q38.315
G1 X31.269 Y31.160 F650.0
M68 E2 Q31.418
G1 X31.247 Y31.179 F650.0
(ROT_RINGS CONT L1 X31.247 Y31.179 -> X31.195 Y31.230)
M68 E2 Q31.418
G4 P0.020
G1 X31.226 Y31.199 F650.0
M68 E2 Q38.315
G1 X31.216 Y31.209 F650.0
M68 E2 Q31.418
G1 X31.195 Y31.230 F650.0
(ROT_RINGS CONT L1 X31.195 Y31.230 -> X31.146 Y31.284)
M68 E2 Q31.418
G4 P0.020
G1 X31.176 Y31.251 F650.0
M68 E2 Q38.315
G1 X31.166 Y31.262 F650.0
M68 E2 Q31.418
G1 X31.146 Y31.284 F650.0
(ROT_RINGS CONT L1 X31.146 Y31.284 -> X31.101 Y31.341)
M68 E2 Q31.418
G4 P0.020
G1 X31.128 Y31.307 F650.0
M68 E2 Q38.315
G1 X31.119 Y31.318 F650.0
M68 E2 Q31.418
G1 X31.101 Y31.341 F650.0
(ROT_RINGS CONT L1 X31.101 Y31.341 -> X31.060 Y31.401)
M68 E2 Q31.418
G4 P0.020
G1 X31.085 Y31.365 F650.0
M68 E2 Q38.315
G1 X31.077 Y31.377 F650.0
M68 E2 Q31.418
G1 X31.060 Y31.401 F650.0
(ROT_RINGS CONT L1 X31.060 Y31.401 -> X31.023 Y31.464)
M68 E2 Q31.418
G4 P0.020
G1 X31.045 Y31.426 F650.0
M68 E2 Q38.315
G1 X31.038 Y31.439 F650.0
M68 E2 Q31.418
G1 X31.023 Y31.464 F650.0
(ROT_RINGS CONT L1 X31.023 Y31.464 -> X30.990 Y31.529)
M68 E2 Q31.418
G4 P0.020
G1 X31.010 Y31.490 F650.0
M68 E2 Q38.315
G1 X31.003 Y31.503 F650.0
M68 E2 Q31.418
G1 X30.990 Y31.529 F650.0
(ROT_RINGS CONT L1 X30.990 Y31.529 -> X30.962 Y31.596)
M68 E2 Q31.418
G4 P0.020
G1 X30.979 Y31.556 F650.0
M68 E2 Q38.315
G1 X30.973 Y31.569 F650.0
M68 E2 Q31.418
G1 X30.962 Y31.596 F650.0
(ROT_RINGS CONT L1 X30.962 Y31.596 -> X30.937 Y31.665)
M68 E2 Q31.418
G4 P0.020
G1 X30.952 Y31.624 F650.0
M68 E2 Q38.315
G1 X30.947 Y31.637 F650.0
M68 E2 Q31.418
G1 X30.937 Y31.665 F650.0
(ROT_RINGS CONT L1 X30.937 Y31.665 -> X30.918 Y31.735)
M68 E2 Q31.418
G4 P0.020
G1 X30.930 Y31.693 F650.0
M68 E2 Q38.315
G1 X30.926 Y31.707 F650.0
M68 E2 Q31.418
G1 X30.918 Y31.735 F650.0
(ROT_RINGS CONT L1 X30.918 Y31.735 -> X30.903 Y31.807)
M68 E2 Q31.418
G4 P0.020
G1 X30.912 Y31.764 F650.0
M68 E2 Q38.315
G1 X30.909 Y31.778 F650.0
M68 E2 Q31.418
G1 X30.903 Y31.807 F650.0
(ROT_RINGS CONT L1 X30.903 Y31.807 -> X30.892 Y31.879)
M68 E2 Q31.418
G4 P0.020
G1 X30.899 Y31.835 F650.0
M68 E2 Q38.315
G1 X30.897 Y31.850 F650.0
M68 E2 Q31.418
G1 X30.892 Y31.879 F650.0
(ROT_RINGS CONT L1 X30.892 Y31.879 -> X30.887 Y31.951)
M68 E2 Q31.418
G4 P0.020
G1 X30.890 Y31.908 F650.0
M68 E2 Q38.315
G1 X30.889 Y31.922 F650.0
M68 E2 Q31.418
G1 X30.887 Y31.951 F650.0
(ROT_RINGS CONT L1 X30.887 Y31.951 -> X30.886 Y32.024)
M68 E2 Q31.418
G4 P0.020
G1 X30.887 Y31.981 F650.0
M68 E2 Q38.315
G1 X30.886 Y31.995 F650.0
M68 E2 Q31.418
G1 X30.886 Y32.024 F650.0
(ROT_RINGS CONT L1 X30.886 Y32.024 -> X30.890 Y32.097)
M68 E2 Q31.418
G4 P0.020
G1 X30.888 Y32.053 F650.0
M68 E2 Q38.315
G1 X30.888 Y32.068 F650.0
M68 E2 Q31.418
G1 X30.890 Y32.097 F650.0
(ROT_RINGS CONT L1 X30.890 Y32.097 -> X30.899 Y32.169)
M68 E2 Q31.418
G4 P0.020
G1 X30.894 Y32.126 F650.0
M68 E2 Q38.315
G1 X30.895 Y32.141 F650.0
M68 E2 Q31.418
G1 X30.899 Y32.169 F650.0
(ROT_RINGS CONT L1 X30.899 Y32.169 -> X30.912 Y32.241)
M68 E2 Q31.418
G4 P0.020
G1 X30.904 Y32.198 F650.0
M68 E2 Q38.315
G1 X30.907 Y32.212 F650.0
M68 E2 Q31.418
G1 X30.912 Y32.241 F650.0
(ROT_RINGS CONT L1 X30.912 Y32.241 -> X30.930 Y32.312)
M68 E2 Q31.418
G4 P0.020
G1 X30.919 Y32.269 F650.0
M68 E2 Q38.315
G1 X30.923 Y32.284 F650.0
M68 E2 Q31.418
G1 X30.930 Y32.312 F650.0
(ROT_RINGS CONT L1 X30.930 Y32.312 -> X30.953 Y32.381)
M68 E2 Q31.418
G4 P0.020
G1 X30.939 Y32.340 F650.0
M68 E2 Q38.315
G1 X30.944 Y32.353 F650.0
M68 E2 Q31.418
G1 X30.953 Y32.381 F650.0
(ROT_RINGS CONT L1 X30.953 Y32.381 -> X30.980 Y32.449)
M68 E2 Q31.418
G4 P0.020
G1 X30.964 Y32.408 F650.0
M68 E2 Q38.315
G1 X30.969 Y32.422 F650.0
M68 E2 Q31.418
G1 X30.980 Y32.449 F650.0
(ROT_RINGS CONT L1 X30.980 Y32.449 -> X31.012 Y32.514)
M68 E2 Q31.418
G4 P0.020
G1 X30.993 Y32.475 F650.0
M68 E2 Q38.315
G1 X30.999 Y32.488 F650.0
M68 E2 Q31.418
G1 X31.012 Y32.514 F650.0
(ROT_RINGS CONT L1 X31.012 Y32.514 -> X31.047 Y32.578)
M68 E2 Q31.418
G4 P0.020
G1 X31.026 Y32.540 F650.0
M68 E2 Q38.315
G1 X31.033 Y32.553 F650.0
M68 E2 Q31.418
G1 X31.047 Y32.578 F650.0
(ROT_RINGS CONT L1 X31.047 Y32.578 -> X31.087 Y32.639)
M68 E2 Q31.418
G4 P0.020
G1 X31.063 Y32.602 F650.0
M68 E2 Q38.315
G1 X31.071 Y32.615 F650.0
M68 E2 Q31.418
G1 X31.087 Y32.639 F650.0
(ROT_RINGS CONT L1 X31.087 Y32.639 -> X31.131 Y32.697)
M68 E2 Q31.418
G4 P0.020
G1 X31.105 Y32.662 F650.0
M68 E2 Q38.315
G1 X31.114 Y32.674 F650.0
M68 E2 Q31.418
G1 X31.131 Y32.697 F650.0
(ROT_RINGS CONT L1 X31.131 Y32.697 -> X31.179 Y32.753)
M68 E2 Q31.418
G4 P0.020
G1 X31.150 Y32.720 F650.0
M68 E2 Q38.315
G1 X31.160 Y32.731 F650.0
M68 E2 Q31.418
G1 X31.179 Y32.753 F650.0
(ROT_RINGS CONT L1 X31.179 Y32.753 -> X31.230 Y32.805)
M68 E2 Q31.418
G4 P0.020
G1 X31.199 Y32.774 F650.0
M68 E2 Q38.315
G1 X31.209 Y32.784 F650.0
M68 E2 Q31.418
G1 X31.230 Y32.805 F650.0
(ROT_RINGS CONT L1 X31.230 Y32.805 -> X31.284 Y32.854)
M68 E2 Q31.418
G4 P0.020
G1 X31.251 Y32.824 F650.0
M68 E2 Q38.315
G1 X31.262 Y32.834 F650.0
M68 E2 Q31.418
G1 X31.284 Y32.854 F650.0
M68 E2 Q0.000
G4 P0.030
M68 E0 Q0.000
G0 Z7.000
G4 P0.100 (layer thermal stabilization)
(--- LAYER 2/5 Z=2.000 ROTATIONAL_RINGS I=28.478 F=653.0 WIRE=38.492 SEG=576 ---)
(--- CONTINUOUS ROT_RINGS PASS L2: 576 lines, beam stays ON ---)
G0 Z9.000
G0 X37.982 Y42.361
G1 Z2.000 F240.0
M68 E0 Q28.478
G4 P0.030
(ROT_RINGS CONT L2 X37.982 Y42.361 -> X38.647 Y41.947)
M68 E2 Q31.563
G4 P0.020
G1 X38.128 Y42.270 F653.0
M68 E2 Q38.492
G1 X38.500 Y42.038 F653.0
M68 E2 Q31.563
G1 X38.647 Y41.947 F653.0
(ROT_RINGS CONT L2 X38.647 Y41.947 -> X39.283 Y41.491)
M68 E2 Q31.563
G4 P0.020
G1 X38.787 Y41.847 F653.0
M68 E2 Q38.492
G1 X39.143 Y41.592 F653.0
M68 E2 Q31.563
G1 X39.283 Y41.491 F653.0
(ROT_RINGS CONT L2 X39.283 Y41.491 -> X39.888 Y40.995)
M68 E2 Q31.563
G4 P0.020
G1 X39.416 Y41.382 F653.0
M68 E2 Q38.492
G1 X39.755 Y41.104 F653.0
M68 E2 Q31.563
G1 X39.888 Y40.995 F653.0
(ROT_RINGS CONT L2 X39.888 Y40.995 -> X40.460 Y40.460)
M68 E2 Q31.563
G4 P0.020
G1 X40.014 Y40.877 F653.0
M68 E2 Q38.492
G1 X40.334 Y40.577 F653.0
M68 E2 Q31.563
G1 X40.460 Y40.460 F653.0
(ROT_RINGS CONT L2 X40.460 Y40.460 -> X40.995 Y39.888)
M68 E2 Q31.563
G4 P0.020
G1 X40.577 Y40.334 F653.0
M68 E2 Q38.492
G1 X40.877 Y40.014 F653.0
M68 E2 Q31.563
G1 X40.995 Y39.888 F653.0
(ROT_RINGS CONT L2 X40.995 Y39.888 -> X41.491 Y39.283)
M68 E2 Q31.563
G4 P0.020
G1 X41.104 Y39.755 F653.0
M68 E2 Q38.492
G1 X41.382 Y39.416 F653.0
M68 E2 Q31.563
G1 X41.491 Y39.283 F653.0
(ROT_RINGS CONT L2 X41.491 Y39.283 -> X41.947 Y38.647)
M68 E2 Q31.563
G4 P0.020
G1 X41.592 Y39.143 F653.0
M68 E2 Q38.492
G1 X41.847 Y38.787 F653.0
M68 E2 Q31.563
G1 X41.947 Y38.647 F653.0
(ROT_RINGS CONT L2 X41.947 Y38.647 -> X42.361 Y37.982)
M68 E2 Q31.563
G4 P0.020
G1 X42.038 Y38.500 F653.0
M68 E2 Q38.492
G1 X42.270 Y38.128 F653.0
M68 E2 Q31.563
G1 X42.361 Y37.982 F653.0
(ROT_RINGS CONT L2 X42.361 Y37.982 -> X42.730 Y37.291)
M68 E2 Q31.563
G4 P0.020
G1 X42.442 Y37.830 F653.0
M68 E2 Q38.492
G1 X42.649 Y37.443 F653.0
M68 E2 Q31.563
G1 X42.730 Y37.291 F653.0
(ROT_RINGS CONT L2 X42.730 Y37.291 -> X43.053 Y36.578)
M68 E2 Q31.563
G4 P0.020
G1 X42.801 Y37.134 F653.0
M68 E2 Q38.492
G1 X42.982 Y36.735 F653.0
M68 E2 Q31.563
G1 X43.053 Y36.578 F653.0
(ROT_RINGS CONT L2 X43.053 Y36.578 -> X43.329 Y35.846)
M68 E2 Q31.563
G4 P0.020
G1 X43.114 Y36.417 F653.0
M68 E2 Q38.492
G1 X43.268 Y36.007 F653.0
M68 E2 Q31.563
G1 X43.329 Y35.846 F653.0
(ROT_RINGS CONT L2 X43.329 Y35.846 -> X43.556 Y35.096)
M68 E2 Q31.563
G4 P0.020
G1 X43.379 Y35.681 F653.0
M68 E2 Q38.492
G1 X43.506 Y35.261 F653.0
M68 E2 Q31.563
G1 X43.556 Y35.096 F653.0
(ROT_RINGS CONT L2 X43.556 Y35.096 -> X43.734 Y34.334)
M68 E2 Q31.563
G4 P0.020
G1 X43.595 Y34.929 F653.0
M68 E2 Q38.492
G1 X43.695 Y34.502 F653.0
M68 E2 Q31.563
G1 X43.734 Y34.334 F653.0
(ROT_RINGS CONT L2 X43.734 Y34.334 -> X43.861 Y33.562)
M68 E2 Q31.563
G4 P0.020
G1 X43.762 Y34.164 F653.0
M68 E2 Q38.492
G1 X43.833 Y33.731 F653.0
M68 E2 Q31.563
G1 X43.861 Y33.562 F653.0
(ROT_RINGS CONT L2 X43.861 Y33.562 -> X43.938 Y32.782)
M68 E2 Q31.563
G4 P0.020
G1 X43.878 Y33.390 F653.0
M68 E2 Q38.492
G1 X43.921 Y32.954 F653.0
M68 E2 Q31.563
G1 X43.938 Y32.782 F653.0
(ROT_RINGS CONT L2 X43.938 Y32.782 -> X43.964 Y32.000)
M68 E2 Q31.563
G4 P0.020
G1 X43.944 Y32.610 F653.0
M68 E2 Q38.492
G1 X43.958 Y32.172 F653.0
M68 E2 Q31.563
G1 X43.964 Y32.000 F653.0
(ROT_RINGS CONT L2 X43.964 Y32.000 -> X43.938 Y31.218)
M68 E2 Q31.563
G4 P0.020
G1 X43.958 Y31.828 F653.0
M68 E2 Q38.492
G1 X43.944 Y31.390 F653.0
M68 E2 Q31.563
G1 X43.938 Y31.218 F653.0
(ROT_RINGS CONT L2 X43.938 Y31.218 -> X43.861 Y30.438)
M68 E2 Q31.563
G4 P0.020
G1 X43.921 Y31.046 F653.0
M68 E2 Q38.492
G1 X43.878 Y30.610 F653.0
M68 E2 Q31.563
G1 X43.861 Y30.438 F653.0
(ROT_RINGS CONT L2 X43.861 Y30.438 -> X43.734 Y29.666)
M68 E2 Q31.563
G4 P0.020
G1 X43.833 Y30.269 F653.0
M68 E2 Q38.492
G1 X43.762 Y29.836 F653.0
M68 E2 Q31.563
G1 X43.734 Y29.666 F653.0
(ROT_RINGS CONT L2 X43.734 Y29.666 -> X43.556 Y28.904)
M68 E2 Q31.563
G4 P0.020
G1 X43.695 Y29.498 F653.0
M68 E2 Q38.492
G1 X43.595 Y29.071 F653.0
M68 E2 Q31.563
G1 X43.556 Y28.904 F653.0
(ROT_RINGS CONT L2 X43.556 Y28.904 -> X43.329 Y28.154)
M68 E2 Q31.563
G4 P0.020
G1 X43.506 Y28.739 F653.0
M68 E2 Q38.492
G1 X43.379 Y28.319 F653.0
M68 E2 Q31.563
G1 X43.329 Y28.154 F653.0
(ROT_RINGS CONT L2 X43.329 Y28.154 -> X43.053 Y27.422)
M68 E2 Q31.563
G4 P0.020
G1 X43.268 Y27.993 F653.0
M68 E2 Q38.492
G1 X43.114 Y27.583 F653.0
M68 E2 Q31.563
G1 X43.053 Y27.422 F653.0
(ROT_RINGS CONT L2 X43.053 Y27.422 -> X42.730 Y26.709)
M68 E2 Q31.563
G4 P0.020
G1 X42.982 Y27.265 F653.0
M68 E2 Q38.492
G1 X42.801 Y26.866 F653.0
M68 E2 Q31.563
G1 X42.730 Y26.709 F653.0
(ROT_RINGS CONT L2 X42.730 Y26.709 -> X42.361 Y26.018)
M68 E2 Q31.563
G4 P0.020
G1 X42.649 Y26.557 F653.0
M68 E2 Q38.492
G1 X42.442 Y26.170 F653.0
M68 E2 Q31.563
G1 X42.361 Y26.018 F653.0
(ROT_RINGS CONT L2 X42.361 Y26.018 -> X41.947 Y25.353)
M68 E2 Q31.563
G4 P0.020
G1 X42.270 Y25.872 F653.0
M68 E2 Q38.492
G1 X42.038 Y25.500 F653.0
M68 E2 Q31.563
G1 X41.947 Y25.353 F653.0
(ROT_RINGS CONT L2 X41.947 Y25.353 -> X41.491 Y24.717)
M68 E2 Q31.563
G4 P0.020
G1 X41.847 Y25.213 F653.0
M68 E2 Q38.492
G1 X41.592 Y24.857 F653.0
M68 E2 Q31.563
G1 X41.491 Y24.717 F653.0
(ROT_RINGS CONT L2 X41.491 Y24.717 -> X40.995 Y24.112)
M68 E2 Q31.563
G4 P0.020
G1 X41.382 Y24.584 F653.0
M68 E2 Q38.492
G1 X41.104 Y24.245 F653.0
M68 E2 Q31.563
G1 X40.995 Y24.112 F653.0
(ROT_RINGS CONT L2 X40.995 Y24.112 -> X40.460 Y23.540)
M68 E2 Q31.563
G4 P0.020
G1 X40.877 Y23.986 F653.0
M68 E2 Q38.492
G1 X40.577 Y23.666 F653.0
M68 E2 Q31.563
G1 X40.460 Y23.540 F653.0
(ROT_RINGS CONT L2 X40.460 Y23.540 -> X39.888 Y23.005)
M68 E2 Q31.563
G4 P0.020
G1 X40.334 Y23.423 F653.0
M68 E2 Q38.492
G1 X40.014 Y23.123 F653.0
M68 E2 Q31.563
G1 X39.888 Y23.005 F653.0
(ROT_RINGS CONT L2 X39.888 Y23.005 -> X39.283 Y22.509)
M68 E2 Q31.563
G4 P0.020
G1 X39.755 Y22.896 F653.0
M68 E2 Q38.492
G1 X39.416 Y22.618 F653.0
M68 E2 Q31.563
G1 X39.283 Y22.509 F653.0
(ROT_RINGS CONT L2 X39.283 Y22.509 -> X38.647 Y22.053)
M68 E2 Q31.563
G4 P0.020
G1 X39.143 Y22.408 F653.0
M68 E2 Q38.492
G1 X38.787 Y22.153 F653.0
M68 E2 Q31.563
G1 X38.647 Y22.053 F653.0
(ROT_RINGS CONT L2 X38.647 Y22.053 -> X37.982 Y21.639)
M68 E2 Q31.563
G4 P0.020
G1 X38.500 Y21.962 F653.0
M68 E2 Q38.492
G1 X38.128 Y21.730 F653.0
M68 E2 Q31.563
G1 X37.982 Y21.639 F653.0
(ROT_RINGS CONT L2 X37.982 Y21.639 -> X37.291 Y21.270)
M68 E2 Q31.563
G4 P0.020
G1 X37.830 Y21.558 F653.0
M68 E2 Q38.492
G1 X37.443 Y21.351 F653.0
M68 E2 Q31.563
G1 X37.291 Y21.270 F653.0
(ROT_RINGS CONT L2 X37.291 Y21.270 -> X36.578 Y20.947)
M68 E2 Q31.563
G4 P0.020
G1 X37.134 Y21.199 F653.0
M68 E2 Q38.492
G1 X36.735 Y21.018 F653.0
M68 E2 Q31.563
G1 X36.578 Y20.947 F653.0
(ROT_RINGS CONT L2 X36.578 Y20.947 -> X35.846 Y20.671)
M68 E2 Q31.563
G4 P0.020
G1 X36.417 Y20.886 F653.0
M68 E2 Q38.492
G1 X36.007 Y20.732 F653.0
M68 E2 Q31.563
G1 X35.846 Y20.671 F653.0
(ROT_RINGS CONT L2 X35.846 Y20.671 -> X35.096 Y20.444)
M68 E2 Q31.563
G4 P0.020
G1 X35.681 Y20.621 F653.0
M68 E2 Q38.492
G1 X35.261 Y20.494 F653.0
M68 E2 Q31.563
G1 X35.096 Y20.444 F653.0
(ROT_RINGS CONT L2 X35.096 Y20.444 -> X34.334 Y20.266)
M68 E2 Q31.563
G4 P0.020
G1 X34.929 Y20.405 F653.0
M68 E2 Q38.492
G1 X34.502 Y20.305 F653.0
M68 E2 Q31.563
G1 X34.334 Y20.266 F653.0
(ROT_RINGS CONT L2 X34.334 Y20.266 -> X33.562 Y20.139)
M68 E2 Q31.563
G4 P0.020
G1 X34.164 Y20.238 F653.0
M68 E2 Q38.492
G1 X33.731 Y20.167 F653.0
M68 E2 Q31.563
G1 X33.562 Y20.139 F653.0
(ROT_RINGS CONT L2 X33.562 Y20.139 -> X32.782 Y20.062)
M68 E2 Q31.563
G4 P0.020
G1 X33.390 Y20.122 F653.0
M68 E2 Q38.492
G1 X32.954 Y20.079 F653.0
M68 E2 Q31.563
G1 X32.782 Y20.062 F653.0
(ROT_RINGS CONT L2 X32.782 Y20.062 -> X32.000 Y20.036)
M68 E2 Q31.563
G4 P0.020
G1 X32.610 Y20.056 F653.0
M68 E2 Q38.492
G1 X32.172 Y20.042 F653.0
M68 E2 Q31.563
G1 X32.000 Y20.036 F653.0
(ROT_RINGS CONT L2 X32.000 Y20.036 -> X31.218 Y20.062)
M68 E2 Q31.563
G4 P0.020
G1 X31.828 Y20.042 F653.0
M68 E2 Q38.492
G1 X31.390 Y20.056 F653.0
M68 E2 Q31.563
G1 X31.218 Y20.062 F653.0
(ROT_RINGS CONT L2 X31.218 Y20.062 -> X30.438 Y20.139)
M68 E2 Q31.563
G4 P0.020
G1 X31.046 Y20.079 F653.0
M68 E2 Q38.492
G1 X30.610 Y20.122 F653.0
M68 E2 Q31.563
G1 X30.438 Y20.139 F653.0
(ROT_RINGS CONT L2 X30.438 Y20.139 -> X29.666 Y20.266)
M68 E2 Q31.563
G4 P0.020
G1 X30.269 Y20.167 F653.0
M68 E2 Q38.492
G1 X29.836 Y20.238 F653.0
M68 E2 Q31.563
G1 X29.666 Y20.266 F653.0
(ROT_RINGS CONT L2 X29.666 Y20.266 -> X28.904 Y20.444)
M68 E2 Q31.563
G4 P0.020
G1 X29.498 Y20.305 F653.0
M68 E2 Q38.492
G1 X29.071 Y20.405 F653.0
M68 E2 Q31.563
G1 X28.904 Y20.444 F653.0
(ROT_RINGS CONT L2 X28.904 Y20.444 -> X28.154 Y20.671)
M68 E2 Q31.563
G4 P0.020
G1 X28.739 Y20.494 F653.0
M68 E2 Q38.492
G1 X28.319 Y20.621 F653.0
M68 E2 Q31.563
G1 X28.154 Y20.671 F653.0
(ROT_RINGS CONT L2 X28.154 Y20.671 -> X27.422 Y20.947)
M68 E2 Q31.563
G4 P0.020
G1 X27.993 Y20.732 F653.0
M68 E2 Q38.492
G1 X27.583 Y20.886 F653.0
M68 E2 Q31.563
G1 X27.422 Y20.947 F653.0
(ROT_RINGS CONT L2 X27.422 Y20.947 -> X26.709 Y21.270)
M68 E2 Q31.563
G4 P0.020
G1 X27.265 Y21.018 F653.0
M68 E2 Q38.492
G1 X26.866 Y21.199 F653.0
M68 E2 Q31.563
G1 X26.709 Y21.270 F653.0
(ROT_RINGS CONT L2 X26.709 Y21.270 -> X26.018 Y21.639)
M68 E2 Q31.563
G4 P0.020
G1 X26.557 Y21.351 F653.0
M68 E2 Q38.492
G1 X26.170 Y21.558 F653.0
M68 E2 Q31.563
G1 X26.018 Y21.639 F653.0
(ROT_RINGS CONT L2 X26.018 Y21.639 -> X25.353 Y22.053)
M68 E2 Q31.563
G4 P0.020
G1 X25.872 Y21.730 F653.0
M68 E2 Q38.492
G1 X25.500 Y21.962 F653.0
M68 E2 Q31.563
G1 X25.353 Y22.053 F653.0
(ROT_RINGS CONT L2 X25.353 Y22.053 -> X24.717 Y22.509)
M68 E2 Q31.563
G4 P0.020
G1 X25.213 Y22.153 F653.0
M68 E2 Q38.492
G1 X24.857 Y22.408 F653.0
M68 E2 Q31.563
G1 X24.717 Y22.509 F653.0
(ROT_RINGS CONT L2 X24.717 Y22.509 -> X24.112 Y23.005)
M68 E2 Q31.563
G4 P0.020
G1 X24.584 Y22.618 F653.0
M68 E2 Q38.492
G1 X24.245 Y22.896 F653.0
M68 E2 Q31.563
G1 X24.112 Y23.005 F653.0
(ROT_RINGS CONT L2 X24.112 Y23.005 -> X23.540 Y23.540)
M68 E2 Q31.563
G4 P0.020
G1 X23.986 Y23.123 F653.0
M68 E2 Q38.492
G1 X23.666 Y23.423 F653.0
M68 E2 Q31.563
G1 X23.540 Y23.540 F653.0
(ROT_RINGS CONT L2 X23.540 Y23.540 -> X23.005 Y24.112)
M68 E2 Q31.563
G4 P0.020
G1 X23.423 Y23.666 F653.0
M68 E2 Q38.492
G1 X23.123 Y23.986 F653.0
M68 E2 Q31.563
G1 X23.005 Y24.112 F653.0
(ROT_RINGS CONT L2 X23.005 Y24.112 -> X22.509 Y24.717)
M68 E2 Q31.563
G4 P0.020
G1 X22.896 Y24.245 F653.0
M68 E2 Q38.492
G1 X22.618 Y24.584 F653.0
M68 E2 Q31.563
G1 X22.509 Y24.717 F653.0
(ROT_RINGS CONT L2 X22.509 Y24.717 -> X22.053 Y25.353)
M68 E2 Q31.563
G4 P0.020
G1 X22.408 Y24.857 F653.0
M68 E2 Q38.492
G1 X22.153 Y25.213 F653.0
M68 E2 Q31.563
G1 X22.053 Y25.353 F653.0
(ROT_RINGS CONT L2 X22.053 Y25.353 -> X21.639 Y26.018)
M68 E2 Q31.563
G4 P0.020
G1 X21.962 Y25.500 F653.0
M68 E2 Q38.492
G1 X21.730 Y25.872 F653.0
M68 E2 Q31.563
G1 X21.639 Y26.018 F653.0
(ROT_RINGS CONT L2 X21.639 Y26.018 -> X21.270 Y26.709)
M68 E2 Q31.563
G4 P0.020
G1 X21.558 Y26.170 F653.0
M68 E2 Q38.492
G1 X21.351 Y26.557 F653.0
M68 E2 Q31.563
G1 X21.270 Y26.709 F653.0
(ROT_RINGS CONT L2 X21.270 Y26.709 -> X20.947 Y27.422)
M68 E2 Q31.563
G4 P0.020
G1 X21.199 Y26.866 F653.0
M68 E2 Q38.492
G1 X21.018 Y27.265 F653.0
M68 E2 Q31.563
G1 X20.947 Y27.422 F653.0
(ROT_RINGS CONT L2 X20.947 Y27.422 -> X20.671 Y28.154)
M68 E2 Q31.563
G4 P0.020
G1 X20.886 Y27.583 F653.0
M68 E2 Q38.492
G1 X20.732 Y27.993 F653.0
M68 E2 Q31.563
G1 X20.671 Y28.154 F653.0
(ROT_RINGS CONT L2 X20.671 Y28.154 -> X20.444 Y28.904)
M68 E2 Q31.563
G4 P0.020
G1 X20.621 Y28.319 F653.0
M68 E2 Q38.492
G1 X20.494 Y28.739 F653.0
M68 E2 Q31.563
G1 X20.444 Y28.904 F653.0
(ROT_RINGS CONT L2 X20.444 Y28.904 -> X20.266 Y29.666)
M68 E2 Q31.563
G4 P0.020
G1 X20.405 Y29.071 F653.0
M68 E2 Q38.492
G1 X20.305 Y29.498 F653.0
M68 E2 Q31.563
G1 X20.266 Y29.666 F653.0
(ROT_RINGS CONT L2 X20.266 Y29.666 -> X20.139 Y30.438)
M68 E2 Q31.563
G4 P0.020
G1 X20.238 Y29.836 F653.0
M68 E2 Q38.492
G1 X20.167 Y30.269 F653.0
M68 E2 Q31.563
G1 X20.139 Y30.438 F653.0
(ROT_RINGS CONT L2 X20.139 Y30.438 -> X20.062 Y31.218)
M68 E2 Q31.563
G4 P0.020
G1 X20.122 Y30.610 F653.0
M68 E2 Q38.492
G1 X20.079 Y31.046 F653.0
M68 E2 Q31.563
G1 X20.062 Y31.218 F653.0
(ROT_RINGS CONT L2 X20.062 Y31.218 -> X20.036 Y32.000)
M68 E2 Q31.563
G4 P0.020
G1 X20.056 Y31.390 F653.0
M68 E2 Q38.492
G1 X20.042 Y31.828 F653.0
M68 E2 Q31.563
G1 X20.036 Y32.000 F653.0
(ROT_RINGS CONT L2 X20.036 Y32.000 -> X20.062 Y32.782)
M68 E2 Q31.563
G4 P0.020
G1 X20.042 Y32.172 F653.0
M68 E2 Q38.492
G1 X20.056 Y32.610 F653.0
M68 E2 Q31.563
G1 X20.062 Y32.782 F653.0
(ROT_RINGS CONT L2 X20.062 Y32.782 -> X20.139 Y33.562)
M68 E2 Q31.563
G4 P0.020
G1 X20.079 Y32.954 F653.0
M68 E2 Q38.492
G1 X20.122 Y33.390 F653.0
M68 E2 Q31.563
G1 X20.139 Y33.562 F653.0
(ROT_RINGS CONT L2 X20.139 Y33.562 -> X20.266 Y34.334)
M68 E2 Q31.563
G4 P0.020
G1 X20.167 Y33.731 F653.0
M68 E2 Q38.492
G1 X20.238 Y34.164 F653.0
M68 E2 Q31.563
G1 X20.266 Y34.334 F653.0
(ROT_RINGS CONT L2 X20.266 Y34.334 -> X20.444 Y35.096)
M68 E2 Q31.563
G4 P0.020
G1 X20.305 Y34.502 F653.0
M68 E2 Q38.492
G1 X20.405 Y34.929 F653.0
M68 E2 Q31.563
G1 X20.444 Y35.096 F653.0
(ROT_RINGS CONT L2 X20.444 Y35.096 -> X20.671 Y35.846)
M68 E2 Q31.563
G4 P0.020
G1 X20.494 Y35.261 F653.0
M68 E2 Q38.492
G1 X20.621 Y35.681 F653.0
M68 E2 Q31.563
G1 X20.671 Y35.846 F653.0
(ROT_RINGS CONT L2 X20.671 Y35.846 -> X20.947 Y36.578)
M68 E2 Q31.563
G4 P0.020
G1 X20.732 Y36.007 F653.0
M68 E2 Q38.492
G1 X20.886 Y36.417 F653.0
M68 E2 Q31.563
G1 X20.947 Y36.578 F653.0
(ROT_RINGS CONT L2 X20.947 Y36.578 -> X21.270 Y37.291)
M68 E2 Q31.563
G4 P0.020
G1 X21.018 Y36.735 F653.0
M68 E2 Q38.492
G1 X21.199 Y37.134 F653.0
M68 E2 Q31.563
G1 X21.270 Y37.291 F653.0
(ROT_RINGS CONT L2 X21.270 Y37.291 -> X21.639 Y37.982)
M68 E2 Q31.563
G4 P0.020
G1 X21.351 Y37.443 F653.0
M68 E2 Q38.492
G1 X21.558 Y37.830 F653.0
M68 E2 Q31.563
G1 X21.639 Y37.982 F653.0
(ROT_RINGS CONT L2 X21.639 Y37.982 -> X22.053 Y38.647)
M68 E2 Q31.563
G4 P0.020
G1 X21.730 Y38.128 F653.0
M68 E2 Q38.492
G1 X21.962 Y38.500 F653.0
M68 E2 Q31.563
G1 X22.053 Y38.647 F653.0
(ROT_RINGS CONT L2 X22.053 Y38.647 -> X22.509 Y39.283)
M68 E2 Q31.563
G4 P0.020
G1 X22.153 Y38.787 F653.0
M68 E2 Q38.492
G1 X22.408 Y39.143 F653.0
M68 E2 Q31.563
G1 X22.509 Y39.283 F653.0
(ROT_RINGS CONT L2 X22.509 Y39.283 -> X23.005 Y39.888)
M68 E2 Q31.563
G4 P0.020
G1 X22.618 Y39.416 F653.0
M68 E2 Q38.492
G1 X22.896 Y39.755 F653.0
M68 E2 Q31.563
G1 X23.005 Y39.888 F653.0
(ROT_RINGS CONT L2 X23.005 Y39.888 -> X23.540 Y40.460)
M68 E2 Q31.563
G4 P0.020
G1 X23.123 Y40.014 F653.0
M68 E2 Q38.492
G1 X23.423 Y40.334 F653.0
M68 E2 Q31.563
G1 X23.540 Y40.460 F653.0
(ROT_RINGS CONT L2 X23.540 Y40.460 -> X24.112 Y40.995)
M68 E2 Q31.563
G4 P0.020
G1 X23.666 Y40.577 F653.0
M68 E2 Q38.492
G1 X23.986 Y40.877 F653.0
M68 E2 Q31.563
G1 X24.112 Y40.995 F653.0
(ROT_RINGS CONT L2 X24.112 Y40.995 -> X24.717 Y41.491)
M68 E2 Q31.563
G4 P0.020
G1 X24.245 Y41.104 F653.0
M68 E2 Q38.492
G1 X24.584 Y41.382 F653.0
M68 E2 Q31.563
G1 X24.717 Y41.491 F653.0
(ROT_RINGS CONT L2 X24.717 Y41.491 -> X25.353 Y41.947)
M68 E2 Q31.563
G4 P0.020
G1 X24.857 Y41.592 F653.0
M68 E2 Q38.492
G1 X25.213 Y41.847 F653.0
M68 E2 Q31.563
G1 X25.353 Y41.947 F653.0
(ROT_RINGS CONT L2 X25.353 Y41.947 -> X26.018 Y42.361)
M68 E2 Q31.563
G4 P0.020
G1 X25.500 Y42.038 F653.0
M68 E2 Q38.492
G1 X25.872 Y42.270 F653.0
M68 E2 Q31.563
G1 X26.018 Y42.361 F653.0
(ROT_RINGS CONT L2 X26.018 Y42.361 -> X26.709 Y42.730)
M68 E2 Q31.563
G4 P0.020
G1 X26.170 Y42.442 F653.0
M68 E2 Q38.492
G1 X26.557 Y42.649 F653.0
M68 E2 Q31.563
G1 X26.709 Y42.730 F653.0
(ROT_RINGS CONT L2 X26.709 Y42.730 -> X27.422 Y43.053)
M68 E2 Q31.563
G4 P0.020
G1 X26.866 Y42.801 F653.0
M68 E2 Q38.492
G1 X27.265 Y42.982 F653.0
M68 E2 Q31.563
G1 X27.422 Y43.053 F653.0
(ROT_RINGS CONT L2 X27.422 Y43.053 -> X28.154 Y43.329)
M68 E2 Q31.563
G4 P0.020
G1 X27.583 Y43.114 F653.0
M68 E2 Q38.492
G1 X27.993 Y43.268 F653.0
M68 E2 Q31.563
G1 X28.154 Y43.329 F653.0
(ROT_RINGS CONT L2 X28.154 Y43.329 -> X28.904 Y43.556)
M68 E2 Q31.563
G4 P0.020
G1 X28.319 Y43.379 F653.0
M68 E2 Q38.492
G1 X28.739 Y43.506 F653.0
M68 E2 Q31.563
G1 X28.904 Y43.556 F653.0
(ROT_RINGS CONT L2 X28.904 Y43.556 -> X29.666 Y43.734)
M68 E2 Q31.563
G4 P0.020
G1 X29.071 Y43.595 F653.0
M68 E2 Q38.492
G1 X29.498 Y43.695 F653.0
M68 E2 Q31.563
G1 X29.666 Y43.734 F653.0
(ROT_RINGS CONT L2 X29.666 Y43.734 -> X30.438 Y43.861)
M68 E2 Q31.563
G4 P0.020
G1 X29.836 Y43.762 F653.0
M68 E2 Q38.492
G1 X30.269 Y43.833 F653.0
M68 E2 Q31.563
G1 X30.438 Y43.861 F653.0
(ROT_RINGS CONT L2 X30.438 Y43.861 -> X31.218 Y43.938)
M68 E2 Q31.563
G4 P0.020
G1 X30.610 Y43.878 F653.0
M68 E2 Q38.492
G1 X31.046 Y43.921 F653.0
M68 E2 Q31.563
G1 X31.218 Y43.938 F653.0
(ROT_RINGS CONT L2 X31.218 Y43.938 -> X32.000 Y43.964)
M68 E2 Q31.563
G4 P0.020
G1 X31.390 Y43.944 F653.0
M68 E2 Q38.492
G1 X31.828 Y43.958 F653.0
M68 E2 Q31.563
G1 X32.000 Y43.964 F653.0
(ROT_RINGS CONT L2 X32.000 Y43.964 -> X32.782 Y43.938)
M68 E2 Q31.563
G4 P0.020
G1 X32.172 Y43.958 F653.0
M68 E2 Q38.492
G1 X32.610 Y43.944 F653.0
M68 E2 Q31.563
G1 X32.782 Y43.938 F653.0
(ROT_RINGS CONT L2 X32.782 Y43.938 -> X33.562 Y43.861)
M68 E2 Q31.563
G4 P0.020
G1 X32.954 Y43.921 F653.0
M68 E2 Q38.492
G1 X33.390 Y43.878 F653.0
M68 E2 Q31.563
G1 X33.562 Y43.861 F653.0
(ROT_RINGS CONT L2 X33.562 Y43.861 -> X34.334 Y43.734)
M68 E2 Q31.563
G4 P0.020
G1 X33.731 Y43.833 F653.0
M68 E2 Q38.492
G1 X34.164 Y43.762 F653.0
M68 E2 Q31.563
G1 X34.334 Y43.734 F653.0
(ROT_RINGS CONT L2 X34.334 Y43.734 -> X35.096 Y43.556)
M68 E2 Q31.563
G4 P0.020
G1 X34.502 Y43.695 F653.0
M68 E2 Q38.492
G1 X34.929 Y43.595 F653.0
M68 E2 Q31.563
G1 X35.096 Y43.556 F653.0
(ROT_RINGS CONT L2 X35.096 Y43.556 -> X35.846 Y43.329)
M68 E2 Q31.563
G4 P0.020
G1 X35.261 Y43.506 F653.0
M68 E2 Q38.492
G1 X35.681 Y43.379 F653.0
M68 E2 Q31.563
G1 X35.846 Y43.329 F653.0
(ROT_RINGS CONT L2 X35.846 Y43.329 -> X36.578 Y43.053)
M68 E2 Q31.563
G4 P0.020
G1 X36.007 Y43.268 F653.0
M68 E2 Q38.492
G1 X36.417 Y43.114 F653.0
M68 E2 Q31.563
G1 X36.578 Y43.053 F653.0
(ROT_RINGS CONT L2 X36.578 Y43.053 -> X37.291 Y42.730)
M68 E2 Q31.563
G4 P0.020
G1 X36.735 Y42.982 F653.0
M68 E2 Q38.492
G1 X37.134 Y42.801 F653.0
M68 E2 Q31.563
G1 X37.291 Y42.730 F653.0
(ROT_RINGS CONT L2 X37.291 Y42.730 -> X37.982 Y42.361)
M68 E2 Q31.563
G4 P0.020
G1 X37.443 Y42.649 F653.0
M68 E2 Q38.492
G1 X37.830 Y42.442 F653.0
M68 E2 Q31.563
G1 X37.982 Y42.361 F653.0
M68 E2 Q0.000
G1 X33.730 Y41.812 F848.9
(ROT_RINGS CONT L2 X33.730 Y41.812 -> X33.085 Y41.904)
M68 E2 Q31.563
G4 P0.020
G1 X33.588 Y41.832 F653.0
M68 E2 Q38.492
G1 X33.227 Y41.884 F653.0
M68 E2 Q31.563
G1 X33.085 Y41.904 F653.0
(ROT_RINGS CONT L2 X33.085 Y41.904 -> X32.435 Y41.954)
M68 E2 Q31.563
G4 P0.020
G1 X32.942 Y41.915 F653.0
M68 E2 Q38.492
G1 X32.578 Y41.943 F653.0
M68 E2 Q31.563
G1 X32.435 Y41.954 F653.0
(ROT_RINGS CONT L2 X32.435 Y41.954 -> X31.783 Y41.961)
M68 E2 Q31.563
G4 P0.020
G1 X32.291 Y41.956 F653.0
M68 E2 Q38.492
G1 X31.926 Y41.960 F653.0
M68 E2 Q31.563
G1 X31.783 Y41.961 F653.0
(ROT_RINGS CONT L2 X31.783 Y41.961 -> X31.132 Y41.926)
M68 E2 Q31.563
G4 P0.020
G1 X31.639 Y41.953 F653.0
M68 E2 Q38.492
G1 X31.275 Y41.933 F653.0
M68 E2 Q31.563
G1 X31.132 Y41.926 F653.0
(ROT_RINGS CONT L2 X31.132 Y41.926 -> X30.484 Y41.848)
M68 E2 Q31.563
G4 P0.020
G1 X30.989 Y41.908 F653.0
M68 E2 Q38.492
G1 X30.627 Y41.865 F653.0
M68 E2 Q31.563
G1 X30.484 Y41.848 F653.0
(ROT_RINGS CONT L2 X30.484 Y41.848 -> X29.843 Y41.727)
M68 E2 Q31.563
G4 P0.020
G1 X30.343 Y41.821 F653.0
M68 E2 Q38.492
G1 X29.984 Y41.754 F653.0
M68 E2 Q31.563
G1 X29.843 Y41.727 F653.0
(ROT_RINGS CONT L2 X29.843 Y41.727 -> X29.212 Y41.566)
M68 E2 Q31.563
G4 P0.020
G1 X29.705 Y41.692 F653.0
M68 E2 Q38.492
G1 X29.351 Y41.601 F653.0
M68 E2 Q31.563
G1 X29.212 Y41.566 F653.0
(ROT_RINGS CONT L2 X29.212 Y41.566 -> X28.592 Y41.363)
M68 E2 Q31.563
G4 P0.020
G1 X29.076 Y41.521 F653.0
M68 E2 Q38.492
G1 X28.729 Y41.407 F653.0
M68 E2 Q31.563
G1 X28.592 Y41.363 F653.0
(ROT_RINGS CONT L2 X28.592 Y41.363 -> X27.987 Y41.120)
M68 E2 Q31.563
G4 P0.020
G1 X28.459 Y41.309 F653.0
M68 E2 Q38.492
G1 X28.120 Y41.173 F653.0
M68 E2 Q31.563
G1 X27.987 Y41.120 F653.0
(ROT_RINGS CONT L2 X27.987 Y41.120 -> X27.399 Y40.838)
M68 E2 Q31.563
G4 P0.020
G1 X27.858 Y41.058 F653.0
M68 E2 Q38.492
G1 X27.529 Y40.900 F653.0
M68 E2 Q31.563
G1 X27.399 Y40.838 F653.0
(ROT_RINGS CONT L2 X27.399 Y40.838 -> X26.831 Y40.518)
M68 E2 Q31.563
G4 P0.020
G1 X27.274 Y40.767 F653.0
M68 E2 Q38.492
G1 X26.956 Y40.588 F653.0
M68 E2 Q31.563
G1 X26.831 Y40.518 F653.0
(ROT_RINGS CONT L2 X26.831 Y40.518 -> X26.285 Y40.162)
M68 E2 Q31.563
G4 P0.020
G1 X26.711 Y40.440 F653.0
M68 E2 Q38.492
G1 X26.405 Y40.240 F653.0
M68 E2 Q31.563
G1 X26.285 Y40.162 F653.0
(ROT_RINGS CONT L2 X26.285 Y40.162 -> X25.764 Y39.770)
M68 E2 Q31.563
G4 P0.020
G1 X26.170 Y40.076 F653.0
M68 E2 Q38.492
G1 X25.878 Y39.857 F653.0
M68 E2 Q31.563
G1 X25.764 Y39.770 F653.0
(ROT_RINGS CONT L2 X25.764 Y39.770 -> X25.269 Y39.346)
M68 E2 Q31.563
G4 P0.020
G1 X25.655 Y39.677 F653.0
M68 E2 Q38.492
G1 X25.378 Y39.439 F653.0
M68 E2 Q31.563
G1 X25.269 Y39.346 F653.0
(ROT_RINGS CONT L2 X25.269 Y39.346 -> X24.803 Y38.890)
M68 E2 Q31.563
G4 P0.020
G1 X25.166 Y39.246 F653.0
M68 E2 Q38.492
G1 X24.905 Y38.990 F653.0
M68 E2 Q31.563
G1 X24.803 Y38.890 F653.0
(ROT_RINGS CONT L2 X24.803 Y38.890 -> X24.367 Y38.404)
M68 E2 Q31.563
G4 P0.020
G1 X24.707 Y38.783 F653.0
M68 E2 Q38.492
G1 X24.463 Y38.511 F653.0
M68 E2 Q31.563
G1 X24.367 Y38.404 F653.0
(ROT_RINGS CONT L2 X24.367 Y38.404 -> X23.965 Y37.892)
M68 E2 Q31.563
G4 P0.020
G1 X24.279 Y38.292 F653.0
M68 E2 Q38.492
G1 X24.053 Y38.004 F653.0
M68 E2 Q31.563
G1 X23.965 Y37.892 F653.0
(ROT_RINGS CONT L2 X23.965 Y37.892 -> X23.597 Y37.353)
M68 E2 Q31.563
G4 P0.020
G1 X23.884 Y37.773 F653.0
M68 E2 Q38.492
G1 X23.678 Y37.472 F653.0
M68 E2 Q31.563
G1 X23.597 Y37.353 F653.0
(ROT_RINGS CONT L2 X23.597 Y37.353 -> X23.265 Y36.792)
M68 E2 Q31.563
G4 P0.020
G1 X23.524 Y37.230 F653.0
M68 E2 Q38.492
G1 X23.338 Y36.916 F653.0
M68 E2 Q31.563
G1 X23.265 Y36.792 F653.0
(ROT_RINGS CONT L2 X23.265 Y36.792 -> X22.970 Y36.211)
M68 E2 Q31.563
G4 P0.020
G1 X23.200 Y36.664 F653.0
M68 E2 Q38.492
G1 X23.035 Y36.339 F653.0
M68 E2 Q31.563
G1 X22.970 Y36.211 F653.0
(ROT_RINGS CONT L2 X22.970 Y36.211 -> X22.714 Y35.611)
M68 E2 Q31.563
G4 P0.020
G1 X22.914 Y36.079 F653.0
M68 E2 Q38.492
G1 X22.770 Y35.743 F653.0
M68 E2 Q31.563
G1 X22.714 Y35.611 F653.0
(ROT_RINGS CONT L2 X22.714 Y35.611 -> X22.498 Y34.996)
M68 E2 Q31.563
G4 P0.020
G1 X22.666 Y35.476 F653.0
M68 E2 Q38.492
G1 X22.545 Y35.131 F653.0
M68 E2 Q31.563
G1 X22.498 Y34.996 F653.0
(ROT_RINGS CONT L2 X22.498 Y34.996 -> X22.322 Y34.368)
M68 E2 Q31.563
G4 P0.020
G1 X22.459 Y34.858 F653.0
M68 E2 Q38.492
G1 X22.361 Y34.506 F653.0
M68 E2 Q31.563
G1 X22.322 Y34.368 F653.0
(ROT_RINGS CONT L2 X22.322 Y34.368 -> X22.188 Y33.730)
M68 E2 Q31.563
G4 P0.020
G1 X22.292 Y34.228 F653.0
M68 E2 Q38.492
G1 X22.217 Y33.871 F653.0
M68 E2 Q31.563
G1 X22.188 Y33.730 F653.0
(ROT_RINGS CONT L2 X22.188 Y33.730 -> X22.096 Y33.085)
M68 E2 Q31.563
G4 P0.020
G1 X22.168 Y33.588 F653.0
M68 E2 Q38.492
G1 X22.116 Y33.227 F653.0
M68 E2 Q31.563
G1 X22.096 Y33.085 F653.0
(ROT_RINGS CONT L2 X22.096 Y33.085 -> X22.046 Y32.435)
M68 E2 Q31.563
G4 P0.020
G1 X22.085 Y32.942 F653.0
M68 E2 Q38.492
G1 X22.057 Y32.578 F653.0
M68 E2 Q31.563
G1 X22.046 Y32.435 F653.0
(ROT_RINGS CONT L2 X22.046 Y32.435 -> X22.039 Y31.783)
M68 E2 Q31.563
G4 P0.020
G1 X22.044 Y32.291 F653.0
M68 E2 Q38.492
G1 X22.040 Y31.926 F653.0
M68 E2 Q31.563
G1 X22.039 Y31.783 F653.0
(ROT_RINGS CONT L2 X22.039 Y31.783 -> X22.074 Y31.132)
M68 E2 Q31.563
G4 P0.020
G1 X22.047 Y31.639 F653.0
M68 E2 Q38.492
G1 X22.067 Y31.275 F653.0
M68 E2 Q31.563
G1 X22.074 Y31.132 F653.0
(ROT_RINGS CONT L2 X22.074 Y31.132 -> X22.152 Y30.484)
M68 E2 Q31.563
G4 P0.020
G1 X22.092 Y30.989 F653.0
M68 E2 Q38.492
G1 X22.135 Y30.627 F653.0
M68 E2 Q31.563
G1 X22.152 Y30.484 F653.0
(ROT_RINGS CONT L2 X22.152 Y30.484 -> X22.273 Y29.843)
M68 E2 Q31.563
G4 P0.020
G1 X22.179 Y30.343 F653.0
M68 E2 Q38.492
G1 X22.246 Y29.984 F653.0
M68 E2 Q31.563
G1 X22.273 Y29.843 F653.0
(ROT_RINGS CONT L2 X22.273 Y29.843 -> X22.434 Y29.212)
M68 E2 Q31.563
G4 P0.020
G1 X22.308 Y29.705 F653.0
M68 E2 Q38.492
G1 X22.399 Y29.351 F653.0
M68 E2 Q31.563
G1 X22.434 Y29.212 F653.0
(ROT_RINGS CONT L2 X22.434 Y29.212 -> X22.637 Y28.592)
M68 E2 Q31.563
G4 P0.020
G1 X22.479 Y29.076 F653.0
M68 E2 Q38.492
G1 X22.593 Y28.729 F653.0
M68 E2 Q31.563
G1 X22.637 Y28.592 F653.0
(ROT_RINGS CONT L2 X22.637 Y28.592 -> X22.880 Y27.987)
M68 E2 Q31.563
G4 P0.020
G1 X22.691 Y28.459 F653.0
M68 E2 Q38.492
G1 X22.827 Y28.120 F653.0
M68 E2 Q31.563
G1 X22.880 Y27.987 F653.0
(ROT_RINGS CONT L2 X22.880 Y27.987 -> X23.162 Y27.399)
M68 E2 Q31.563
G4 P0.020
G1 X22.942 Y27.858 F653.0
M68 E2 Q38.492
G1 X23.100 Y27.529 F653.0
M68 E2 Q31.563
G1 X23.162 Y27.399 F653.0
(ROT_RINGS CONT L2 X23.162 Y27.399 -> X23.482 Y26.831)
M68 E2 Q31.563
G4 P0.020
G1 X23.233 Y27.274 F653.0
M68 E2 Q38.492
G1 X23.412 Y26.956 F653.0
M68 E2 Q31.563
G1 X23.482 Y26.831 F653.0
(ROT_RINGS CONT L2 X23.482 Y26.831 -> X23.838 Y26.285)
M68 E2 Q31.563
G4 P0.020
G1 X23.560 Y26.711 F653.0
M68 E2 Q38.492
G1 X23.760 Y26.405 F653.0
M68 E2 Q31.563
G1 X23.838 Y26.285 F653.0
(ROT_RINGS CONT L2 X23.838 Y26.285 -> X24.230 Y25.764)
M68 E2 Q31.563
G4 P0.020
G1 X23.924 Y26.170 F653.0
M68 E2 Q38.492
G1 X24.143 Y25.878 F653.0
M68 E2 Q31.563
G1 X24.230 Y25.764 F653.0
(ROT_RINGS CONT L2 X24.230 Y25.764 -> X24.654 Y25.269)
M68 E2 Q31.563
G4 P0.020
G1 X24.323 Y25.655 F653.0
M68 E2 Q38.492
G1 X24.561 Y25.378 F653.0
M68 E2 Q31.563
G1 X24.654 Y25.269 F653.0
(ROT_RINGS CONT L2 X24.654 Y25.269 -> X25.110 Y24.803)
M68 E2 Q31.563
G4 P0.020
G1 X24.754 Y25.166 F653.0
M68 E2 Q38.492
G1 X25.010 Y24.905 F653.0
M68 E2 Q31.563
G1 X25.110 Y24.803 F653.0
(ROT_RINGS CONT L2 X25.110 Y24.803 -> X25.596 Y24.367)
M68 E2 Q31.563
G4 P0.020
G1 X25.217 Y24.707 F653.0
M68 E2 Q38.492
G1 X25.489 Y24.463 F653.0
M68 E2 Q31.563
G1 X25.596 Y24.367 F653.0
(ROT_RINGS CONT L2 X25.596 Y24.367 -> X26.108 Y23.965)
M68 E2 Q31.563
G4 P0.020
G1 X25.708 Y24.279 F653.0
M68 E2 Q38.492
G1 X25.996 Y24.053 F653.0
M68 E2 Q31.563
G1 X26.108 Y23.965 F653.0
(ROT_RINGS CONT L2 X26.108 Y23.965 -> X26.647 Y23.597)
M68 E2 Q31.563
G4 P0.020
G1 X26.227 Y23.884 F653.0
M68 E2 Q38.492
G1 X26.528 Y23.678 F653.0
M68 E2 Q31.563
G1 X26.647 Y23.597 F653.0
(ROT_RINGS CONT L2 X26.647 Y23.597 -> X27.208 Y23.265)
M68 E2 Q31.563
G4 P0.020
G1 X26.770 Y23.524 F653.0
M68 E2 Q38.492
G1 X27.084 Y23.338 F653.0
M68 E2 Q31.563
G1 X27.208 Y23.265 F653.0
(ROT_RINGS CONT L2 X27.208 Y23.265 -> X27.789 Y22.970)
M68 E2 Q31.563
G4 P0.020
G1 X27.336 Y23.200 F653.0
M68 E2 Q38.492
G1 X27.661 Y23.035 F653.0
M68 E2 Q31.563
G1 X27.789 Y22.970 F653.0
(ROT_RINGS CONT L2 X27.789 Y22.970 -> X28.389 Y22.714)
M68 E2 Q31.563
G4 P0.020
G1 X27.921 Y22.914 F653.0
M68 E2 Q38.492
G1 X28.257 Y22.770 F653.0
M68 E2 Q31.563
G1 X28.389 Y22.714 F653.0
(ROT_RINGS CONT L2 X28.389 Y22.714 -> X29.004 Y22.498)
M68 E2 Q31.563
G4 P0.020
G1 X28.524 Y22.666 F653.0
M68 E2 Q38.492
G1 X28.869 Y22.545 F653.0
M68 E2 Q31.563
G1 X29.004 Y22.498 F653.0
(ROT_RINGS CONT L2 X29.004 Y22.498 -> X29.632 Y22.322)
M68 E2 Q31.563
G4 P0.020
G1 X29.142 Y22.459 F653.0
M68 E2 Q38.492
G1 X29.494 Y22.361 F653.0
M68 E2 Q31.563
G1 X29.632 Y22.322 F653.0
(ROT_RINGS CONT L2 X29.632 Y22.322 -> X30.270 Y22.188)
M68 E2 Q31.563
G4 P0.020
G1 X29.772 Y22.292 F653.0
M68 E2 Q38.492
G1 X30.129 Y22.217 F653.0
M68 E2 Q31.563
G1 X30.270 Y22.188 F653.0
(ROT_RINGS CONT L2 X30.270 Y22.188 -> X30.915 Y22.096)
M68 E2 Q31.563
G4 P0.020
G1 X30.412 Y22.168 F653.0
M68 E2 Q38.492
G1 X30.773 Y22.116 F653.0
M68 E2 Q31.563
G1 X30.915 Y22.096 F653.0
(ROT_RINGS CONT L2 X30.915 Y22.096 -> X31.565 Y22.046)
M68 E2 Q31.563
G4 P0.020
G1 X31.058 Y22.085 F653.0
M68 E2 Q38.492
G1 X31.422 Y22.057 F653.0
M68 E2 Q31.563
G1 X31.565 Y22.046 F653.0
(ROT_RINGS CONT L2 X31.565 Y22.046 -> X32.217 Y22.039)
M68 E2 Q31.563
G4 P0.020
G1 X31.709 Y22.044 F653.0
M68 E2 Q38.492
G1 X32.074 Y22.040 F653.0
M68 E2 Q31.563
G1 X32.217 Y22.039 F653.0
(ROT_RINGS CONT L2 X32.217 Y22.039 -> X32.868 Y22.074)
M68 E2 Q31.563
G4 P0.020
G1 X32.361 Y22.047 F653.0
M68 E2 Q38.492
G1 X32.725 Y22.067 F653.0
M68 E2 Q31.563
G1 X32.868 Y22.074 F653.0
(ROT_RINGS CONT L2 X32.868 Y22.074 -> X33.516 Y22.152)
M68 E2 Q31.563
G4 P0.020
G1 X33.011 Y22.092 F653.0
M68 E2 Q38.492
G1 X33.373 Y22.135 F653.0
M68 E2 Q31.563
G1 X33.516 Y22.152 F653.0
(ROT_RINGS CONT L2 X33.516 Y22.152 -> X34.157 Y22.273)
M68 E2 Q31.563
G4 P0.020
G1 X33.657 Y22.179 F653.0
M68 E2 Q38.492
G1 X34.016 Y22.246 F653.0
M68 E2 Q31.563
G1 X34.157 Y22.273 F653.0
(ROT_RINGS CONT L2 X34.157 Y22.273 -> X34.788 Y22.434)
M68 E2 Q31.563
G4 P0.020
G1 X34.295 Y22.308 F653.0
M68 E2 Q38.492
G1 X34.649 Y22.399 F653.0
M68 E2 Q31.563
G1 X34.788 Y22.434 F653.0
(ROT_RINGS CONT L2 X34.788 Y22.434 -> X35.408 Y22.637)
M68 E2 Q31.563
G4 P0.020
G1 X34.924 Y22.479 F653.0
M68 E2 Q38.492
G1 X35.271 Y22.593 F653.0
M68 E2 Q31.563
G1 X35.408 Y22.637 F653.0
(ROT_RINGS CONT L2 X35.408 Y22.637 -> X36.013 Y22.880)
M68 E2 Q31.563
G4 P0.020
G1 X35.541 Y22.691 F653.0
M68 E2 Q38.492
G1 X35.880 Y22.827 F653.0
M68 E2 Q31.563
G1 X36.013 Y22.880 F653.0
(ROT_RINGS CONT L2 X36.013 Y22.880 -> X36.601 Y23.162)
M68 E2 Q31.563
G4 P0.020
G1 X36.142 Y22.942 F653.0
M68 E2 Q38.492
G1 X36.471 Y23.100 F653.0
M68 E2 Q31.563
G1 X36.601 Y23.162 F653.0
(ROT_RINGS CONT L2 X36.601 Y23.162 -> X37.169 Y23.482)
M68 E2 Q31.563
G4 P0.020
G1 X36.726 Y23.233 F653.0
M68 E2 Q38.492
G1 X37.044 Y23.412 F653.0
M68 E2 Q31.563
G1 X37.169 Y23.482 F653.0
(ROT_RINGS CONT L2 X37.169 Y23.482 -> X37.715 Y23.838)
M68 E2 Q31.563
G4 P0.020
G1 X37.289 Y23.560 F653.0
M68 E2 Q38.492
G1 X37.595 Y23.760 F653.0
M68 E2 Q31.563
G1 X37.715 Y23.838 F653.0
(ROT_RINGS CONT L2 X37.715 Y23.838 -> X38.236 Y24.230)
M68 E2 Q31.563
G4 P0.020
G1 X37.830 Y23.924 F653.0
M68 E2 Q38.492
G1 X38.122 Y24.143 F653.0
M68 E2 Q31.563
G1 X38.236 Y24.230 F653.0
(ROT_RINGS CONT L2 X38.236 Y24.230 -> X38.731 Y24.654)
M68 E2 Q31.563
G4 P0.020
G1 X38.345 Y24.323 F653.0
M68 E2 Q38.492
G1 X38.622 Y24.561 F653.0
M68 E2 Q31.563
G1 X38.731 Y24.654 F653.0
(ROT_RINGS CONT L2 X38.731 Y24.654 -> X39.197 Y25.110)
M68 E2 Q31.563
G4 P0.020
G1 X38.834 Y24.754 F653.0
M68 E2 Q38.492
G1 X39.095 Y25.010 F653.0
M68 E2 Q31.563
G1 X39.197 Y25.110 F653.0
(ROT_RINGS CONT L2 X39.197 Y25.110 -> X39.633 Y25.596)
M68 E2 Q31.563
G4 P0.020
G1 X39.293 Y25.217 F653.0
M68 E2 Q38.492
G1 X39.537 Y25.489 F653.0
M68 E2 Q31.563
G1 X39.633 Y25.596 F653.0
(ROT_RINGS CONT L2 X39.633 Y25.596 -> X40.035 Y26.108)
M68 E2 Q31.563
G4 P0.020
G1 X39.721 Y25.708 F653.0
M68 E2 Q38.492
G1 X39.947 Y25.996 F653.0
M68 E2 Q31.563
G1 X40.035 Y26.108 F653.0
(ROT_RINGS CONT L2 X40.035 Y26.108 -> X40.403 Y26.647)
M68 E2 Q31.563
G4 P0.020
G1 X40.116 Y26.227 F653.0
M68 E2 Q38.492
G1 X40.322 Y26.528 F653.0
M68 E2 Q31.563
G1 X40.403 Y26.647 F653.0
(ROT_RINGS CONT L2 X40.403 Y26.647 -> X40.735 Y27.208)
M68 E2 Q31.563
G4 P0.020
G1 X40.476 Y26.770 F653.0
M68 E2 Q38.492
G1 X40.662 Y27.084 F653.0
M68 E2 Q31.563
G1 X40.735 Y27.208 F653.0
(ROT_RINGS CONT L2 X40.735 Y27.208 -> X41.030 Y27.789)
M68 E2 Q31.563
G4 P0.020
G1 X40.800 Y27.336 F653.0
M68 E2 Q38.492
G1 X40.965 Y27.661 F653.0
M68 E2 Q31.563
G1 X41.030 Y27.789 F653.0
(ROT_RINGS CONT L2 X41.030 Y27.789 -> X41.286 Y28.389)
M68 E2 Q31.563
G4 P0.020
G1 X41.086 Y27.921 F653.0
M68 E2 Q38.492
G1 X41.230 Y28.257 F653.0
M68 E2 Q31.563
G1 X41.286 Y28.389 F653.0
(ROT_RINGS CONT L2 X41.286 Y28.389 -> X41.502 Y29.004)
M68 E2 Q31.563
G4 P0.020
G1 X41.334 Y28.524 F653.0
M68 E2 Q38.492
G1 X41.455 Y28.869 F653.0
M68 E2 Q31.563
G1 X41.502 Y29.004 F653.0
(ROT_RINGS CONT L2 X41.502 Y29.004 -> X41.678 Y29.632)
M68 E2 Q31.563
G4 P0.020
G1 X41.541 Y29.142 F653.0
M68 E2 Q38.492
G1 X41.639 Y29.494 F653.0
M68 E2 Q31.563
G1 X41.678 Y29.632 F653.0
(ROT_RINGS CONT L2 X41.678 Y29.632 -> X41.812 Y30.270)
M68 E2 Q31.563
G4 P0.020
G1 X41.708 Y29.772 F653.0
M68 E2 Q38.492
G1 X41.783 Y30.129 F653.0
M68 E2 Q31.563
G1 X41.812 Y30.270 F653.0
(ROT_RINGS CONT L2 X41.812 Y30.270 -> X41.904 Y30.915)
M68 E2 Q31.563
G4 P0.020
G1 X41.832 Y30.412 F653.0
M68 E2 Q38.492
G1 X41.884 Y30.773 F653.0
M68 E2 Q31.563
G1 X41.904 Y30.915 F653.0
(ROT_RINGS CONT L2 X41.904 Y30.915 -> X41.954 Y31.565)
M68 E2 Q31.563
G4 P0.020
G1 X41.915 Y31.058 F653.0
M68 E2 Q38.492
G1 X41.943 Y31.422 F653.0
M68 E2 Q31.563
G1 X41.954 Y31.565 F653.0
(ROT_RINGS CONT L2 X41.954 Y31.565 -> X41.961 Y32.217)
M68 E2 Q31.563
G4 P0.020
G1 X41.956 Y31.709 F653.0
M68 E2 Q38.492
G1 X41.960 Y32.074 F653.0
M68 E2 Q31.563
G1 X41.961 Y32.217 F653.0
(ROT_RINGS CONT L2 X41.961 Y32.217 -> X41.926 Y32.868)
M68 E2 Q31.563
G4 P0.020
G1 X41.953 Y32.361 F653.0
M68 E2 Q38.492
G1 X41.933 Y32.725 F653.0
M68 E2 Q31.563
G1 X41.926 Y32.868 F653.0
(ROT_RINGS CONT L2 X41.926 Y32.868 -> X41.848 Y33.516)
M68 E2 Q31.563
G4 P0.020
G1 X41.908 Y33.011 F653.0
M68 E2 Q38.492
G1 X41.865 Y33.373 F653.0
M68 E2 Q31.563
G1 X41.848 Y33.516 F653.0
(ROT_RINGS CONT L2 X41.848 Y33.516 -> X41.727 Y34.157)
M68 E2 Q31.563
G4 P0.020
G1 X41.821 Y33.657 F653.0
M68 E2 Q38.492
G1 X41.754 Y34.016 F653.0
M68 E2 Q31.563
G1 X41.727 Y34.157 F653.0
(ROT_RINGS CONT L2 X41.727 Y34.157 -> X41.566 Y34.788)
M68 E2 Q31.563
G4 P0.020
G1 X41.692 Y34.295 F653.0
M68 E2 Q38.492
G1 X41.601 Y34.649 F653.0
M68 E2 Q31.563
G1 X41.566 Y34.788 F653.0
(ROT_RINGS CONT L2 X41.566 Y34.788 -> X41.363 Y35.408)
M68 E2 Q31.563
G4 P0.020
G1 X41.521 Y34.924 F653.0
M68 E2 Q38.492
G1 X41.407 Y35.271 F653.0
M68 E2 Q31.563
G1 X41.363 Y35.408 F653.0
(ROT_RINGS CONT L2 X41.363 Y35.408 -> X41.120 Y36.013)
M68 E2 Q31.563
G4 P0.020
G1 X41.309 Y35.541 F653.0
M68 E2 Q38.492
G1 X41.173 Y35.880 F653.0
M68 E2 Q31.563
G1 X41.120 Y36.013 F653.0
(ROT_RINGS CONT L2 X41.120 Y36.013 -> X40.838 Y36.601)
M68 E2 Q31.563
G4 P0.020
G1 X41.058 Y36.142 F653.0
M68 E2 Q38.492
G1 X40.900 Y36.471 F653.0
M68 E2 Q31.563
G1 X40.838 Y36.601 F653.0
(ROT_RINGS CONT L2 X40.838 Y36.601 -> X40.518 Y37.169)
M68 E2 Q31.563
G4 P0.020
G1 X40.767 Y36.726 F653.0
M68 E2 Q38.492
G1 X40.588 Y37.044 F653.0
M68 E2 Q31.563
G1 X40.518 Y37.169 F653.0
(ROT_RINGS CONT L2 X40.518 Y37.169 -> X40.162 Y37.715)
M68 E2 Q31.563
G4 P0.020
G1 X40.440 Y37.289 F653.0
M68 E2 Q38.492
G1 X40.240 Y37.595 F653.0
M68 E2 Q31.563
G1 X40.162 Y37.715 F653.0
(ROT_RINGS CONT L2 X40.162 Y37.715 -> X39.770 Y38.236)
M68 E2 Q31.563
G4 P0.020
G1 X40.076 Y37.830 F653.0
M68 E2 Q38.492
G1 X39.857 Y38.122 F653.0
M68 E2 Q31.563
G1 X39.770 Y38.236 F653.0
(ROT_RINGS CONT L2 X39.770 Y38.236 -> X39.346 Y38.731)
M68 E2 Q31.563
G4 P0.020
G1 X39.677 Y38.345 F653.0
M68 E2 Q38.492
G1 X39.439 Y38.622 F653.0
M68 E2 Q31.563
G1 X39.346 Y38.731 F653.0
(ROT_RINGS CONT L2 X39.346 Y38.731 -> X38.890 Y39.197)
M68 E2 Q31.563
G4 P0.020
G1 X39.246 Y38.834 F653.0
M68 E2 Q38.492
G1 X38.990 Y39.095 F653.0
M68 E2 Q31.563
G1 X38.890 Y39.197 F653.0
(ROT_RINGS CONT L2 X38.890 Y39.197 -> X38.404 Y39.633)
M68 E2 Q31.563
G4 P0.020
G1 X38.783 Y39.293 F653.0
M68 E2 Q38.492
G1 X38.511 Y39.537 F653.0
M68 E2 Q31.563
G1 X38.404 Y39.633 F653.0
(ROT_RINGS CONT L2 X38.404 Y39.633 -> X37.892 Y40.035)
M68 E2 Q31.563
G4 P0.020
G1 X38.292 Y39.721 F653.0
M68 E2 Q38.492
G1 X38.004 Y39.947 F653.0
M68 E2 Q31.563
G1 X37.892 Y40.035 F653.0
(ROT_RINGS CONT L2 X37.892 Y40.035 -> X37.353 Y40.403)
M68 E2 Q31.563
G4 P0.020
G1 X37.773 Y40.116 F653.0
M68 E2 Q38.492
G1 X37.472 Y40.322 F653.0
M68 E2 Q31.563
G1 X37.353 Y40.403 F653.0
(ROT_RINGS CONT L2 X37.353 Y40.403 -> X36.792 Y40.735)
M68 E2 Q31.563
G4 P0.020
G1 X37.230 Y40.476 F653.0
M68 E2 Q38.492
G1 X36.916 Y40.662 F653.0
M68 E2 Q31.563
G1 X36.792 Y40.735 F653.0
(ROT_RINGS CONT L2 X36.792 Y40.735 -> X36.211 Y41.030)
M68 E2 Q31.563
G4 P0.020
G1 X36.664 Y40.800 F653.0
M68 E2 Q38.492
G1 X36.339 Y40.965 F653.0
M68 E2 Q31.563
G1 X36.211 Y41.030 F653.0
(ROT_RINGS CONT L2 X36.211 Y41.030 -> X35.611 Y41.286)
M68 E2 Q31.563
G4 P0.020
G1 X36.079 Y41.086 F653.0
M68 E2 Q38.492
G1 X35.743 Y41.230 F653.0
M68 E2 Q31.563
G1 X35.611 Y41.286 F653.0
(ROT_RINGS CONT L2 X35.611 Y41.286 -> X34.996 Y41.502)
M68 E2 Q31.563
G4 P0.020
G1 X35.476 Y41.334 F653.0
M68 E2 Q38.492
G1 X35.131 Y41.455 F653.0
M68 E2 Q31.563
G1 X34.996 Y41.502 F653.0
(ROT_RINGS CONT L2 X34.996 Y41.502 -> X34.368 Y41.678)
M68 E2 Q31.563
G4 P0.020
G1 X34.858 Y41.541 F653.0
M68 E2 Q38.492
G1 X34.506 Y41.639 F653.0
M68 E2 Q31.563
G1 X34.368 Y41.678 F653.0
(ROT_RINGS CONT L2 X34.368 Y41.678 -> X33.730 Y41.812)
M68 E2 Q31.563
G4 P0.020
G1 X34.228 Y41.708 F653.0
M68 E2 Q38.492
G1 X33.871 Y41.783 F653.0
M68 E2 Q31.563
G1 X33.730 Y41.812 F653.0
M68 E2 Q0.000
G1 X30.617 Y39.843 F848.9
(ROT_RINGS CONT L2 X30.617 Y39.843 -> X31.133 Y39.916)
M68 E2 Q31.563
G4 P0.020
G1 X30.731 Y39.859 F653.0
M68 E2 Q38.492
G1 X31.020 Y39.900 F653.0
M68 E2 Q31.563
G1 X31.133 Y39.916 F653.0
(ROT_RINGS CONT L2 X31.133 Y39.916 -> X31.653 Y39.956)
M68 E2 Q31.563
G4 P0.020
G1 X31.247 Y39.925 F653.0
M68 E2 Q38.492
G1 X31.538 Y39.947 F653.0
M68 E2 Q31.563
G1 X31.653 Y39.956 F653.0
(ROT_RINGS CONT L2 X31.653 Y39.956 -> X32.174 Y39.962)
M68 E2 Q31.563
G4 P0.020
G1 X31.767 Y39.957 F653.0
M68 E2 Q38.492
G1 X32.059 Y39.960 F653.0
M68 E2 Q31.563
G1 X32.174 Y39.962 F653.0
(ROT_RINGS CONT L2 X32.174 Y39.962 -> X32.694 Y39.933)
M68 E2 Q31.563
G4 P0.020
G1 X32.288 Y39.955 F653.0
M68 E2 Q38.492
G1 X32.580 Y39.940 F653.0
M68 E2 Q31.563
G1 X32.694 Y39.933 F653.0
(ROT_RINGS CONT L2 X32.694 Y39.933 -> X33.211 Y39.871)
M68 E2 Q31.563
G4 P0.020
G1 X32.808 Y39.920 F653.0
M68 E2 Q38.492
G1 X33.098 Y39.885 F653.0
M68 E2 Q31.563
G1 X33.211 Y39.871 F653.0
(ROT_RINGS CONT L2 X33.211 Y39.871 -> X33.724 Y39.775)
M68 E2 Q31.563
G4 P0.020
G1 X33.324 Y39.850 F653.0
M68 E2 Q38.492
G1 X33.611 Y39.796 F653.0
M68 E2 Q31.563
G1 X33.724 Y39.775 F653.0
(ROT_RINGS CONT L2 X33.724 Y39.775 -> X34.228 Y39.645)
M68 E2 Q31.563
G4 P0.020
G1 X33.835 Y39.746 F653.0
M68 E2 Q38.492
G1 X34.117 Y39.674 F653.0
M68 E2 Q31.563
G1 X34.228 Y39.645 F653.0
(ROT_RINGS CONT L2 X34.228 Y39.645 -> X34.724 Y39.483)
M68 E2 Q31.563
G4 P0.020
G1 X34.337 Y39.610 F653.0
M68 E2 Q38.492
G1 X34.615 Y39.519 F653.0
M68 E2 Q31.563
G1 X34.724 Y39.483 F653.0
(ROT_RINGS CONT L2 X34.724 Y39.483 -> X35.207 Y39.289)
M68 E2 Q31.563
G4 P0.020
G1 X34.830 Y39.441 F653.0
M68 E2 Q38.492
G1 X35.101 Y39.332 F653.0
M68 E2 Q31.563
G1 X35.207 Y39.289 F653.0
(ROT_RINGS CONT L2 X35.207 Y39.289 -> X35.677 Y39.064)
M68 E2 Q31.563
G4 P0.020
G1 X35.311 Y39.240 F653.0
M68 E2 Q38.492
G1 X35.574 Y39.113 F653.0
M68 E2 Q31.563
G1 X35.677 Y39.064 F653.0
(ROT_RINGS CONT L2 X35.677 Y39.064 -> X36.131 Y38.808)
M68 E2 Q31.563
G4 P0.020
G1 X35.777 Y39.008 F653.0
M68 E2 Q38.492
G1 X36.031 Y38.864 F653.0
M68 E2 Q31.563
G1 X36.131 Y38.808 F653.0
(ROT_RINGS CONT L2 X36.131 Y38.808 -> X36.568 Y38.523)
M68 E2 Q31.563
G4 P0.020
G1 X36.227 Y38.745 F653.0
M68 E2 Q38.492
G1 X36.472 Y38.586 F653.0
M68 E2 Q31.563
G1 X36.568 Y38.523 F653.0
(ROT_RINGS CONT L2 X36.568 Y38.523 -> X36.985 Y38.211)
M68 E2 Q31.563
G4 P0.020
G1 X36.659 Y38.455 F653.0
M68 E2 Q38.492
G1 X36.893 Y38.279 F653.0
M68 E2 Q31.563
G1 X36.985 Y38.211 F653.0
(ROT_RINGS CONT L2 X36.985 Y38.211 -> X37.380 Y37.871)
M68 E2 Q31.563
G4 P0.020
G1 X37.072 Y38.136 F653.0
M68 E2 Q38.492
G1 X37.293 Y37.946 F653.0
M68 E2 Q31.563
G1 X37.380 Y37.871 F653.0
(ROT_RINGS CONT L2 X37.380 Y37.871 -> X37.753 Y37.507)
M68 E2 Q31.563
G4 P0.020
G1 X37.462 Y37.791 F653.0
M68 E2 Q38.492
G1 X37.671 Y37.587 F653.0
M68 E2 Q31.563
G1 X37.753 Y37.507 F653.0
(ROT_RINGS CONT L2 X37.753 Y37.507 -> X38.100 Y37.119)
M68 E2 Q31.563
G4 P0.020
G1 X37.829 Y37.422 F653.0
M68 E2 Q38.492
G1 X38.024 Y37.204 F653.0
M68 E2 Q31.563
G1 X38.100 Y37.119 F653.0
(ROT_RINGS CONT L2 X38.100 Y37.119 -> X38.422 Y36.709)
M68 E2 Q31.563
G4 P0.020
G1 X38.171 Y37.029 F653.0
M68 E2 Q38.492
G1 X38.351 Y36.799 F653.0
M68 E2 Q31.563
G1 X38.422 Y36.709 F653.0
(ROT_RINGS CONT L2 X38.422 Y36.709 -> X38.716 Y36.279)
M68 E2 Q31.563
G4 P0.020
G1 X38.487 Y36.614 F653.0
M68 E2 Q38.492
G1 X38.652 Y36.373 F653.0
M68 E2 Q31.563
G1 X38.716 Y36.279 F653.0
(ROT_RINGS CONT L2 X38.716 Y36.279 -> X38.982 Y35.830)
M68 E2 Q31.563
G4 P0.020
G1 X38.775 Y36.180 F653.0
M68 E2 Q38.492
G1 X38.923 Y35.929 F653.0
M68 E2 Q31.563
G1 X38.982 Y35.830 F653.0
(ROT_RINGS CONT L2 X38.982 Y35.830 -> X39.217 Y35.366)
M68 E2 Q31.563
G4 P0.020
G1 X39.034 Y35.728 F653.0
M68 E2 Q38.492
G1 X39.166 Y35.468 F653.0
M68 E2 Q31.563
G1 X39.217 Y35.366 F653.0
(ROT_RINGS CONT L2 X39.217 Y35.366 -> X39.422 Y34.886)
M68 E2 Q31.563
G4 P0.020
G1 X39.262 Y35.260 F653.0
M68 E2 Q38.492
G1 X39.377 Y34.992 F653.0
M68 E2 Q31.563
G1 X39.422 Y34.886 F653.0
(ROT_RINGS CONT L2 X39.422 Y34.886 -> X39.595 Y34.395)
M68 E2 Q31.563
G4 P0.020
G1 X39.460 Y34.778 F653.0
M68 E2 Q38.492
G1 X39.557 Y34.503 F653.0
M68 E2 Q31.563
G1 X39.595 Y34.395 F653.0
(ROT_RINGS CONT L2 X39.595 Y34.395 -> X39.735 Y33.893)
M68 E2 Q31.563
G4 P0.020
G1 X39.626 Y34.284 F653.0
M68 E2 Q38.492
G1 X39.704 Y34.003 F653.0
M68 E2 Q31.563
G1 X39.735 Y33.893 F653.0
(ROT_RINGS CONT L2 X39.735 Y33.893 -> X39.843 Y33.383)
M68 E2 Q31.563
G4 P0.020
G1 X39.759 Y33.781 F653.0
M68 E2 Q38.492
G1 X39.819 Y33.495 F653.0
M68 E2 Q31.563
G1 X39.843 Y33.383 F653.0
(ROT_RINGS CONT L2 X39.843 Y33.383 -> X39.916 Y32.867)
M68 E2 Q31.563
G4 P0.020
G1 X39.859 Y33.269 F653.0
M68 E2 Q38.492
G1 X39.900 Y32.980 F653.0
M68 E2 Q31.563
G1 X39.916 Y32.867 F653.0
(ROT_RINGS CONT L2 X39.916 Y32.867 -> X39.956 Y32.347)
M68 E2 Q31.563
G4 P0.020
G1 X39.925 Y32.753 F653.0
M68 E2 Q38.492
G1 X39.947 Y32.462 F653.0
M68 E2 Q31.563
G1 X39.956 Y32.347 F653.0
(ROT_RINGS CONT L2 X39.956 Y32.347 -> X39.962 Y31.826)
M68 E2 Q31.563
G4 P0.020
G1 X39.957 Y32.233 F653.0
M68 E2 Q38.492
G1 X39.960 Y31.941 F653.0
M68 E2 Q31.563
G1 X39.962 Y31.826 F653.0
(ROT_RINGS CONT L2 X39.962 Y31.826 -> X39.933 Y31.306)
M68 E2 Q31.563
G4 P0.020
G1 X39.955 Y31.712 F653.0
M68 E2 Q38.492
G1 X39.940 Y31.420 F653.0
M68 E2 Q31.563
G1 X39.933 Y31.306 F653.0
(ROT_RINGS CONT L2 X39.933 Y31.306 -> X39.871 Y30.789)
M68 E2 Q31.563
G4 P0.020
G1 X39.920 Y31.192 F653.0
M68 E2 Q38.492
G1 X39.885 Y30.902 F653.0
M68 E2 Q31.563
G1 X39.871 Y30.789 F653.0
(ROT_RINGS CONT L2 X39.871 Y30.789 -> X39.775 Y30.276)
M68 E2 Q31.563
G4 P0.020
G1 X39.850 Y30.676 F653.0
M68 E2 Q38.492
G1 X39.796 Y30.389 F653.0
M68 E2 Q31.563
G1 X39.775 Y30.276 F653.0
(ROT_RINGS CONT L2 X39.775 Y30.276 -> X39.645 Y29.772)
M68 E2 Q31.563
G4 P0.020
G1 X39.746 Y30.165 F653.0
M68 E2 Q38.492
G1 X39.674 Y29.883 F653.0
M68 E2 Q31.563
G1 X39.645 Y29.772 F653.0
(ROT_RINGS CONT L2 X39.645 Y29.772 -> X39.483 Y29.276)
M68 E2 Q31.563
G4 P0.020
G1 X39.610 Y29.663 F653.0
M68 E2 Q38.492
G1 X39.519 Y29.385 F653.0
M68 E2 Q31.563
G1 X39.483 Y29.276 F653.0
(ROT_RINGS CONT L2 X39.483 Y29.276 -> X39.289 Y28.793)
M68 E2 Q31.563
G4 P0.020
G1 X39.441 Y29.170 F653.0
M68 E2 Q38.492
G1 X39.332 Y28.899 F653.0
M68 E2 Q31.563
G1 X39.289 Y28.793 F653.0
(ROT_RINGS CONT L2 X39.289 Y28.793 -> X39.064 Y28.323)
M68 E2 Q31.563
G4 P0.020
G1 X39.240 Y28.689 F653.0
M68 E2 Q38.492
G1 X39.113 Y28.426 F653.0
M68 E2 Q31.563
G1 X39.064 Y28.323 F653.0
(ROT_RINGS CONT L2 X39.064 Y28.323 -> X38.808 Y27.869)
M68 E2 Q31.563
G4 P0.020
G1 X39.008 Y28.223 F653.0
M68 E2 Q38.492
G1 X38.864 Y27.969 F653.0
M68 E2 Q31.563
G1 X38.808 Y27.869 F653.0
(ROT_RINGS CONT L2 X38.808 Y27.869 -> X38.523 Y27.432)
M68 E2 Q31.563
G4 P0.020
G1 X38.745 Y27.773 F653.0
M68 E2 Q38.492
G1 X38.586 Y27.528 F653.0
M68 E2 Q31.563
G1 X38.523 Y27.432 F653.0
(ROT_RINGS CONT L2 X38.523 Y27.432 -> X38.211 Y27.015)
M68 E2 Q31.563
G4 P0.020
G1 X38.455 Y27.341 F653.0
M68 E2 Q38.492
G1 X38.279 Y27.107 F653.0
M68 E2 Q31.563
G1 X38.211 Y27.015 F653.0
(ROT_RINGS CONT L2 X38.211 Y27.015 -> X37.871 Y26.620)
M68 E2 Q31.563
G4 P0.020
G1 X38.136 Y26.928 F653.0
M68 E2 Q38.492
G1 X37.946 Y26.707 F653.0
M68 E2 Q31.563
G1 X37.871 Y26.620 F653.0
(ROT_RINGS CONT L2 X37.871 Y26.620 -> X37.507 Y26.247)
M68 E2 Q31.563
G4 P0.020
G1 X37.791 Y26.538 F653.0
M68 E2 Q38.492
G1 X37.587 Y26.329 F653.0
M68 E2 Q31.563
G1 X37.507 Y26.247 F653.0
(ROT_RINGS CONT L2 X37.507 Y26.247 -> X37.119 Y25.900)
M68 E2 Q31.563
G4 P0.020
G1 X37.422 Y26.171 F653.0
M68 E2 Q38.492
G1 X37.204 Y25.976 F653.0
M68 E2 Q31.563
G1 X37.119 Y25.900 F653.0
(ROT_RINGS CONT L2 X37.119 Y25.900 -> X36.709 Y25.578)
M68 E2 Q31.563
G4 P0.020
G1 X37.029 Y25.829 F653.0
M68 E2 Q38.492
G1 X36.799 Y25.649 F653.0
M68 E2 Q31.563
G1 X36.709 Y25.578 F653.0
(ROT_RINGS CONT L2 X36.709 Y25.578 -> X36.279 Y25.284)
M68 E2 Q31.563
G4 P0.020
G1 X36.614 Y25.513 F653.0
M68 E2 Q38.492
G1 X36.373 Y25.348 F653.0
M68 E2 Q31.563
G1 X36.279 Y25.284 F653.0
(ROT_RINGS CONT L2 X36.279 Y25.284 -> X35.830 Y25.018)
M68 E2 Q31.563
G4 P0.020
G1 X36.180 Y25.225 F653.0
M68 E2 Q38.492
G1 X35.929 Y25.077 F653.0
M68 E2 Q31.563
G1 X35.830 Y25.018 F653.0
(ROT_RINGS CONT L2 X35.830 Y25.018 -> X35.366 Y24.783)
M68 E2 Q31.563
G4 P0.020
G1 X35.728 Y24.966 F653.0
M68 E2 Q38.492
G1 X35.468 Y24.834 F653.0
M68 E2 Q31.563
G1 X35.366 Y24.783 F653.0
(ROT_RINGS CONT L2 X35.366 Y24.783 -> X34.886 Y24.578)
M68 E2 Q31.563
G4 P0.020
G1 X35.260 Y24.738 F653.0
M68 E2 Q38.492
G1 X34.992 Y24.623 F653.0
M68 E2 Q31.563
G1 X34.886 Y24.578 F653.0
(ROT_RINGS CONT L2 X34.886 Y24.578 -> X34.395 Y24.405)
M68 E2 Q31.563
G4 P0.020
G1 X34.778 Y24.540 F653.0
M68 E2 Q38.492
G1 X34.503 Y24.443 F653.0
M68 E2 Q31.563
G1 X34.395 Y24.405 F653.0
(ROT_RINGS CONT L2 X34.395 Y24.405 -> X33.893 Y24.265)
M68 E2 Q31.563
G4 P0.020
G1 X34.284 Y24.374 F653.0
M68 E2 Q38.492
G1 X34.003 Y24.296 F653.0
M68 E2 Q31.563
G1 X33.893 Y24.265 F653.0
(ROT_RINGS CONT L2 X33.893 Y24.265 -> X33.383 Y24.157)
M68 E2 Q31.563
G4 P0.020
G1 X33.781 Y24.241 F653.0
M68 E2 Q38.492
G1 X33.495 Y24.181 F653.0
M68 E2 Q31.563
G1 X33.383 Y24.157 F653.0
(ROT_RINGS CONT L2 X33.383 Y24.157 -> X32.867 Y24.084)
M68 E2 Q31.563
G4 P0.020
G1 X33.269 Y24.141 F653.0
M68 E2 Q38.492
G1 X32.980 Y24.100 F653.0
M68 E2 Q31.563
G1 X32.867 Y24.084 F653.0
(ROT_RINGS CONT L2 X32.867 Y24.084 -> X32.347 Y24.044)
M68 E2 Q31.563
G4 P0.020
G1 X32.753 Y24.075 F653.0
M68 E2 Q38.492
G1 X32.462 Y24.053 F653.0
M68 E2 Q31.563
G1 X32.347 Y24.044 F653.0
(ROT_RINGS CONT L2 X32.347 Y24.044 -> X31.826 Y24.038)
M68 E2 Q31.563
G4 P0.020
G1 X32.233 Y24.043 F653.0
M68 E2 Q38.492
G1 X31.941 Y24.040 F653.0
M68 E2 Q31.563
G1 X31.826 Y24.038 F653.0
(ROT_RINGS CONT L2 X31.826 Y24.038 -> X31.306 Y24.067)
M68 E2 Q31.563
G4 P0.020
G1 X31.712 Y24.045 F653.0
M68 E2 Q38.492
G1 X31.420 Y24.060 F653.0
M68 E2 Q31.563
G1 X31.306 Y24.067 F653.0
(ROT_RINGS CONT L2 X31.306 Y24.067 -> X30.789 Y24.129)
M68 E2 Q31.563
G4 P0.020
G1 X31.192 Y24.080 F653.0
M68 E2 Q38.492
G1 X30.902 Y24.115 F653.0
M68 E2 Q31.563
G1 X30.789 Y24.129 F653.0
(ROT_RINGS CONT L2 X30.789 Y24.129 -> X30.276 Y24.225)
M68 E2 Q31.563
G4 P0.020
G1 X30.676 Y24.150 F653.0
M68 E2 Q38.492
G1 X30.389 Y24.204 F653.0
M68 E2 Q31.563
G1 X30.276 Y24.225 F653.0
(ROT_RINGS CONT L2 X30.276 Y24.225 -> X29.772 Y24.355)
M68 E2 Q31.563
G4 P0.020
G1 X30.165 Y24.254 F653.0
M68 E2 Q38.492
G1 X29.883 Y24.326 F653.0
M68 E2 Q31.563
G1 X29.772 Y24.355 F653.0
(ROT_RINGS CONT L2 X29.772 Y24.355 -> X29.276 Y24.517)
M68 E2 Q31.563
G4 P0.020
G1 X29.663 Y24.390 F653.0
M68 E2 Q38.492
G1 X29.385 Y24.481 F653.0
M68 E2 Q31.563
G1 X29.276 Y24.517 F653.0
(ROT_RINGS CONT L2 X29.276 Y24.517 -> X28.793 Y24.711)
M68 E2 Q31.563
G4 P0.020
G1 X29.170 Y24.559 F653.0
M68 E2 Q38.492
G1 X28.899 Y24.668 F653.0
M68 E2 Q31.563
G1 X28.793 Y24.711 F653.0
(ROT_RINGS CONT L2 X28.793 Y24.711 -> X28.323 Y24.936)
M68 E2 Q31.563
G4 P0.020
G1 X28.689 Y24.760 F653.0
M68 E2 Q38.492
G1 X28.426 Y24.887 F653.0
M68 E2 Q31.563
G1 X28.323 Y24.936 F653.0
(ROT_RINGS CONT L2 X28.323 Y24.936 -> X27.869 Y25.192)
M68 E2 Q31.563
G4 P0.020
G1 X28.223 Y24.992 F653.0
M68 E2 Q38.492
G1 X27.969 Y25.136 F653.0
M68 E2 Q31.563
G1 X27.869 Y25.192 F653.0
(ROT_RINGS CONT L2 X27.869 Y25.192 -> X27.432 Y25.477)
M68 E2 Q31.563
G4 P0.020
G1 X27.773 Y25.255 F653.0
M68 E2 Q38.492
G1 X27.528 Y25.414 F653.0
M68 E2 Q31.563
G1 X27.432 Y25.477 F653.0
(ROT_RINGS CONT L2 X27.432 Y25.477 -> X27.015 Y25.789)
M68 E2 Q31.563
G4 P0.020
G1 X27.341 Y25.545 F653.0
M68 E2 Q38.492
G1 X27.107 Y25.721 F653.0
M68 E2 Q31.563
G1 X27.015 Y25.789 F653.0
(ROT_RINGS CONT L2 X27.015 Y25.789 -> X26.620 Y26.129)
M68 E2 Q31.563
G4 P0.020
G1 X26.928 Y25.864 F653.0
M68 E2 Q38.492
G1 X26.707 Y26.054 F653.0
M68 E2 Q31.563
G1 X26.620 Y26.129 F653.0
(ROT_RINGS CONT L2 X26.620 Y26.129 -> X26.247 Y26.493)
M68 E2 Q31.563
G4 P0.020
G1 X26.538 Y26.209 F653.0
M68 E2 Q38.492
G1 X26.329 Y26.413 F653.0
M68 E2 Q31.563
G1 X26.247 Y26.493 F653.0
(ROT_RINGS CONT L2 X26.247 Y26.493 -> X25.900 Y26.881)
M68 E2 Q31.563
G4 P0.020
G1 X26.171 Y26.578 F653.0
M68 E2 Q38.492
G1 X25.976 Y26.796 F653.0
M68 E2 Q31.563
G1 X25.900 Y26.881 F653.0
(ROT_RINGS CONT L2 X25.900 Y26.881 -> X25.578 Y27.291)
M68 E2 Q31.563
G4 P0.020
G1 X25.829 Y26.971 F653.0
M68 E2 Q38.492
G1 X25.649 Y27.201 F653.0
M68 E2 Q31.563
G1 X25.578 Y27.291 F653.0
(ROT_RINGS CONT L2 X25.578 Y27.291 -> X25.284 Y27.721)
M68 E2 Q31.563
G4 P0.020
G1 X25.513 Y27.386 F653.0
M68 E2 Q38.492
G1 X25.348 Y27.627 F653.0
M68 E2 Q31.563
G1 X25.284 Y27.721 F653.0
(ROT_RINGS CONT L2 X25.284 Y27.721 -> X25.018 Y28.170)
M68 E2 Q31.563
G4 P0.020
G1 X25.225 Y27.820 F653.0
M68 E2 Q38.492
G1 X25.077 Y28.071 F653.0
M68 E2 Q31.563
G1 X25.018 Y28.170 F653.0
(ROT_RINGS CONT L2 X25.018 Y28.170 -> X24.783 Y28.634)
M68 E2 Q31.563
G4 P0.020
G1 X24.966 Y28.272 F653.0
M68 E2 Q38.492
G1 X24.834 Y28.532 F653.0
M68 E2 Q31.563
G1 X24.783 Y28.634 F653.0
(ROT_RINGS CONT L2 X24.783 Y28.634 -> X24.578 Y29.114)
M68 E2 Q31.563
G4 P0.020
G1 X24.738 Y28.740 F653.0
M68 E2 Q38.492
G1 X24.623 Y29.008 F653.0
M68 E2 Q31.563
G1 X24.578 Y29.114 F653.0
(ROT_RINGS CONT L2 X24.578 Y29.114 -> X24.405 Y29.605)
M68 E2 Q31.563
G4 P0.020
G1 X24.540 Y29.222 F653.0
M68 E2 Q38.492
G1 X24.443 Y29.497 F653.0
M68 E2 Q31.563
G1 X24.405 Y29.605 F653.0
(ROT_RINGS CONT L2 X24.405 Y29.605 -> X24.265 Y30.107)
M68 E2 Q31.563
G4 P0.020
G1 X24.374 Y29.716 F653.0
M68 E2 Q38.492
G1 X24.296 Y29.997 F653.0
M68 E2 Q31.563
G1 X24.265 Y30.107 F653.0
(ROT_RINGS CONT L2 X24.265 Y30.107 -> X24.157 Y30.617)
M68 E2 Q31.563
G4 P0.020
G1 X24.241 Y30.219 F653.0
M68 E2 Q38.492
G1 X24.181 Y30.505 F653.0
M68 E2 Q31.563
G1 X24.157 Y30.617 F653.0
(ROT_RINGS CONT L2 X24.157 Y30.617 -> X24.084 Y31.133)
M68 E2 Q31.563
G4 P0.020
G1 X24.141 Y30.731 F653.0
M68 E2 Q38.492
G1 X24.100 Y31.020 F653.0
M68 E2 Q31.563
G1 X24.084 Y31.133 F653.0
(ROT_RINGS CONT L2 X24.084 Y31.133 -> X24.044 Y31.653)
M68 E2 Q31.563
G4 P0.020
G1 X24.075 Y31.247 F653.0
M68 E2 Q38.492
G1 X24.053 Y31.538 F653.0
M68 E2 Q31.563
G1 X24.044 Y31.653 F653.0
(ROT_RINGS CONT L2 X24.044 Y31.653 -> X24.038 Y32.174)
M68 E2 Q31.563
G4 P0.020
G1 X24.043 Y31.767 F653.0
M68 E2 Q38.492
G1 X24.040 Y32.059 F653.0
M68 E2 Q31.563
G1 X24.038 Y32.174 F653.0
(ROT_RINGS CONT L2 X24.038 Y32.174 -> X24.067 Y32.694)
M68 E2 Q31.563
G4 P0.020
G1 X24.045 Y32.288 F653.0
M68 E2 Q38.492
G1 X24.060 Y32.580 F653.0
M68 E2 Q31.563
G1 X24.067 Y32.694 F653.0
(ROT_RINGS CONT L2 X24.067 Y32.694 -> X24.129 Y33.211)
M68 E2 Q31.563
G4 P0.020
G1 X24.080 Y32.808 F653.0
M68 E2 Q38.492
G1 X24.115 Y33.098 F653.0
M68 E2 Q31.563
G1 X24.129 Y33.211 F653.0
(ROT_RINGS CONT L2 X24.129 Y33.211 -> X24.225 Y33.724)
M68 E2 Q31.563
G4 P0.020
G1 X24.150 Y33.324 F653.0
M68 E2 Q38.492
G1 X24.204 Y33.611 F653.0
M68 E2 Q31.563
G1 X24.225 Y33.724 F653.0
(ROT_RINGS CONT L2 X24.225 Y33.724 -> X24.355 Y34.228)
M68 E2 Q31.563
G4 P0.020
G1 X24.254 Y33.835 F653.0
M68 E2 Q38.492
G1 X24.326 Y34.117 F653.0
M68 E2 Q31.563
G1 X24.355 Y34.228 F653.0
(ROT_RINGS CONT L2 X24.355 Y34.228 -> X24.517 Y34.724)
M68 E2 Q31.563
G4 P0.020
G1 X24.390 Y34.337 F653.0
M68 E2 Q38.492
G1 X24.481 Y34.615 F653.0
M68 E2 Q31.563
G1 X24.517 Y34.724 F653.0
(ROT_RINGS CONT L2 X24.517 Y34.724 -> X24.711 Y35.207)
M68 E2 Q31.563
G4 P0.020
G1 X24.559 Y34.830 F653.0
M68 E2 Q38.492
G1 X24.668 Y35.101 F653.0
M68 E2 Q31.563
G1 X24.711 Y35.207 F653.0
(ROT_RINGS CONT L2 X24.711 Y35.207 -> X24.936 Y35.677)
M68 E2 Q31.563
G4 P0.020
G1 X24.760 Y35.311 F653.0
M68 E2 Q38.492
G1 X24.887 Y35.574 F653.0
M68 E2 Q31.563
G1 X24.936 Y35.677 F653.0
(ROT_RINGS CONT L2 X24.936 Y35.677 -> X25.192 Y36.131)
M68 E2 Q31.563
G4 P0.020
G1 X24.992 Y35.777 F653.0
M68 E2 Q38.492
G1 X25.136 Y36.031 F653.0
M68 E2 Q31.563
G1 X25.192 Y36.131 F653.0
(ROT_RINGS CONT L2 X25.192 Y36.131 -> X25.477 Y36.568)
M68 E2 Q31.563
G4 P0.020
G1 X25.255 Y36.227 F653.0
M68 E2 Q38.492
G1 X25.414 Y36.472 F653.0
M68 E2 Q31.563
G1 X25.477 Y36.568 F653.0
(ROT_RINGS CONT L2 X25.477 Y36.568 -> X25.789 Y36.985)
M68 E2 Q31.563
G4 P0.020
G1 X25.545 Y36.659 F653.0
M68 E2 Q38.492
G1 X25.721 Y36.893 F653.0
M68 E2 Q31.563
G1 X25.789 Y36.985 F653.0
(ROT_RINGS CONT L2 X25.789 Y36.985 -> X26.129 Y37.380)
M68 E2 Q31.563
G4 P0.020
G1 X25.864 Y37.072 F653.0
M68 E2 Q38.492
G1 X26.054 Y37.293 F653.0
M68 E2 Q31.563
G1 X26.129 Y37.380 F653.0
(ROT_RINGS CONT L2 X26.129 Y37.380 -> X26.493 Y37.753)
M68 E2 Q31.563
G4 P0.020
G1 X26.209 Y37.462 F653.0
M68 E2 Q38.492
G1 X26.413 Y37.671 F653.0
M68 E2 Q31.563
G1 X26.493 Y37.753 F653.0
(ROT_RINGS CONT L2 X26.493 Y37.753 -> X26.881 Y38.100)
M68 E2 Q31.563
G4 P0.020
G1 X26.578 Y37.829 F653.0
M68 E2 Q38.492
G1 X26.796 Y38.024 F653.0
M68 E2 Q31.563
G1 X26.881 Y38.100 F653.0
(ROT_RINGS CONT L2 X26.881 Y38.100 -> X27.291 Y38.422)
M68 E2 Q31.563
G4 P0.020
G1 X26.971 Y38.171 F653.0
M68 E2 Q38.492
G1 X27.201 Y38.351 F653.0
M68 E2 Q31.563
G1 X27.291 Y38.422 F653.0
(ROT_RINGS CONT L2 X27.291 Y38.422 -> X27.721 Y38.716)
M68 E2 Q31.563
G4 P0.020
G1 X27.386 Y38.487 F653.0
M68 E2 Q38.492
G1 X27.627 Y38.652 F653.0
M68 E2 Q31.563
G1 X27.721 Y38.716 F653.0
(ROT_RINGS CONT L2 X27.721 Y38.716 -> X28.170 Y38.982)
M68 E2 Q31.563
G4 P0.020
G1 X27.820 Y38.775 F653.0
M68 E2 Q38.492
G1 X28.071 Y38.923 F653.0
M68 E2 Q31.563
G1 X28.170 Y38.982 F653.0
(ROT_RINGS CONT L2 X28.170 Y38.982 -> X28.634 Y39.217)
M68 E2 Q31.563
G4 P0.020
G1 X28.272 Y39.034 F653.0
M68 E2 Q38.492
G1 X28.532 Y39.166 F653.0
M68 E2 Q31.563
G1 X28.634 Y39.217 F653.0
(ROT_RINGS CONT L2 X28.634 Y39.217 -> X29.114 Y39.422)
M68 E2 Q31.563
G4 P0.020
G1 X28.740 Y39.262 F653.0
M68 E2 Q38.492
G1 X29.008 Y39.377 F653.0
M68 E2 Q31.563
G1 X29.114 Y39.422 F653.0
(ROT_RINGS CONT L2 X29.114 Y39.422 -> X29.605 Y39.595)
M68 E2 Q31.563
G4 P0.020
G1 X29.222 Y39.460 F653.0
M68 E2 Q38.492
G1 X29.497 Y39.557 F653.0
M68 E2 Q31.563
G1 X29.605 Y39.595 F653.0
(ROT_RINGS CONT L2 X29.605 Y39.595 -> X30.107 Y39.735)
M68 E2 Q31.563
G4 P0.020
G1 X29.716 Y39.626 F653.0
M68 E2 Q38.492
G1 X29.997 Y39.704 F653.0
M68 E2 Q31.563
G1 X30.107 Y39.735 F653.0
(ROT_RINGS CONT L2 X30.107 Y39.735 -> X30.617 Y39.843)
M68 E2 Q31.563
G4 P0.020
G1 X30.219 Y39.759 F653.0
M68 E2 Q38.492
G1 X30.505 Y39.819 F653.0
M68 E2 Q31.563
G1 X30.617 Y39.843 F653.0
M68 E2 Q0.000
G1 X29.018 Y37.165 F848.9
(ROT_RINGS CONT L2 X29.018 Y37.165 -> X28.687 Y36.959)
M68 E2 Q31.563
G4 P0.020
G1 X28.945 Y37.119 F653.0
M68 E2 Q38.492
G1 X28.760 Y37.004 F653.0
M68 E2 Q31.563
G1 X28.687 Y36.959 F653.0
(ROT_RINGS CONT L2 X28.687 Y36.959 -> X28.370 Y36.731)
M68 E2 Q31.563
G4 P0.020
G1 X28.617 Y36.909 F653.0
M68 E2 Q38.492
G1 X28.439 Y36.781 F653.0
M68 E2 Q31.563
G1 X28.370 Y36.731 F653.0
(ROT_RINGS CONT L2 X28.370 Y36.731 -> X28.068 Y36.484)
M68 E2 Q31.563
G4 P0.020
G1 X28.303 Y36.677 F653.0
M68 E2 Q38.492
G1 X28.134 Y36.538 F653.0
M68 E2 Q31.563
G1 X28.068 Y36.484 F653.0
(ROT_RINGS CONT L2 X28.068 Y36.484 -> X27.783 Y36.217)
M68 E2 Q31.563
G4 P0.020
G1 X28.005 Y36.425 F653.0
M68 E2 Q38.492
G1 X27.846 Y36.276 F653.0
M68 E2 Q31.563
G1 X27.783 Y36.217 F653.0
(ROT_RINGS CONT L2 X27.783 Y36.217 -> X27.516 Y35.932)
M68 E2 Q31.563
G4 P0.020
G1 X27.724 Y36.154 F653.0
M68 E2 Q38.492
G1 X27.575 Y35.995 F653.0
M68 E2 Q31.563
G1 X27.516 Y35.932 F653.0
(ROT_RINGS CONT L2 X27.516 Y35.932 -> X27.269 Y35.630)
M68 E2 Q31.563
G4 P0.020
G1 X27.462 Y35.866 F653.0
M68 E2 Q38.492
G1 X27.323 Y35.697 F653.0
M68 E2 Q31.563
G1 X27.269 Y35.630 F653.0
(ROT_RINGS CONT L2 X27.269 Y35.630 -> X27.041 Y35.313)
M68 E2 Q31.563
G4 P0.020
G1 X27.219 Y35.561 F653.0
M68 E2 Q38.492
G1 X27.091 Y35.383 F653.0
M68 E2 Q31.563
G1 X27.041 Y35.313 F653.0
(ROT_RINGS CONT L2 X27.041 Y35.313 -> X26.835 Y34.982)
M68 E2 Q31.563
G4 P0.020
G1 X26.996 Y35.240 F653.0
M68 E2 Q38.492
G1 X26.881 Y35.055 F653.0
M68 E2 Q31.563
G1 X26.835 Y34.982 F653.0
(ROT_RINGS CONT L2 X26.835 Y34.982 -> X26.651 Y34.638)
M68 E2 Q31.563
G4 P0.020
G1 X26.795 Y34.906 F653.0
M68 E2 Q38.492
G1 X26.692 Y34.713 F653.0
M68 E2 Q31.563
G1 X26.651 Y34.638 F653.0
(ROT_RINGS CONT L2 X26.651 Y34.638 -> X26.490 Y34.282)
M68 E2 Q31.563
G4 P0.020
G1 X26.616 Y34.559 F653.0
M68 E2 Q38.492
G1 X26.526 Y34.360 F653.0
M68 E2 Q31.563
G1 X26.490 Y34.282 F653.0
(ROT_RINGS CONT L2 X26.490 Y34.282 -> X26.353 Y33.917)
M68 E2 Q31.563
G4 P0.020
G1 X26.460 Y34.202 F653.0
M68 E2 Q38.492
G1 X26.383 Y33.997 F653.0
M68 E2 Q31.563
G1 X26.353 Y33.917 F653.0
(ROT_RINGS CONT L2 X26.353 Y33.917 -> X26.240 Y33.543)
M68 E2 Q31.563
G4 P0.020
G1 X26.328 Y33.835 F653.0
M68 E2 Q38.492
G1 X26.265 Y33.626 F653.0
M68 E2 Q31.563
G1 X26.240 Y33.543 F653.0
(ROT_RINGS CONT L2 X26.240 Y33.543 -> X26.151 Y33.163)
M68 E2 Q31.563
G4 P0.020
G1 X26.220 Y33.460 F653.0
M68 E2 Q38.492
G1 X26.171 Y33.247 F653.0
M68 E2 Q31.563
G1 X26.151 Y33.163 F653.0
(ROT_RINGS CONT L2 X26.151 Y33.163 -> X26.087 Y32.778)
M68 E2 Q31.563
G4 P0.020
G1 X26.137 Y33.079 F653.0
M68 E2 Q38.492
G1 X26.101 Y32.863 F653.0
M68 E2 Q31.563
G1 X26.087 Y32.778 F653.0
(ROT_RINGS CONT L2 X26.087 Y32.778 -> X26.049 Y32.390)
M68 E2 Q31.563
G4 P0.020
G1 X26.079 Y32.693 F653.0
M68 E2 Q38.492
G1 X26.058 Y32.475 F653.0
M68 E2 Q31.563
G1 X26.049 Y32.390 F653.0
(ROT_RINGS CONT L2 X26.049 Y32.390 -> X26.036 Y32.000)
M68 E2 Q31.563
G4 P0.020
G1 X26.046 Y32.304 F653.0
M68 E2 Q38.492
G1 X26.039 Y32.086 F653.0
M68 E2 Q31.563
G1 X26.036 Y32.000 F653.0
(ROT_RINGS CONT L2 X26.036 Y32.000 -> X26.049 Y31.610)
M68 E2 Q31.563
G4 P0.020
G1 X26.039 Y31.914 F653.0
M68 E2 Q38.492
G1 X26.046 Y31.696 F653.0
M68 E2 Q31.563
G1 X26.049 Y31.610 F653.0
(ROT_RINGS CONT L2 X26.049 Y31.610 -> X26.087 Y31.222)
M68 E2 Q31.563
G4 P0.020
G1 X26.058 Y31.525 F653.0
M68 E2 Q38.492
G1 X26.079 Y31.307 F653.0
M68 E2 Q31.563
G1 X26.087 Y31.222 F653.0
(ROT_RINGS CONT L2 X26.087 Y31.222 -> X26.151 Y30.837)
M68 E2 Q31.563
G4 P0.020
G1 X26.101 Y31.137 F653.0
M68 E2 Q38.492
G1 X26.137 Y30.921 F653.0
M68 E2 Q31.563
G1 X26.151 Y30.837 F653.0
(ROT_RINGS CONT L2 X26.151 Y30.837 -> X26.240 Y30.457)
M68 E2 Q31.563
G4 P0.020
G1 X26.171 Y30.753 F653.0
M68 E2 Q38.492
G1 X26.220 Y30.540 F653.0
M68 E2 Q31.563
G1 X26.240 Y30.457 F653.0
(ROT_RINGS CONT L2 X26.240 Y30.457 -> X26.353 Y30.083)
M68 E2 Q31.563
G4 P0.020
G1 X26.265 Y30.374 F653.0
M68 E2 Q38.492
G1 X26.328 Y30.165 F653.0
M68 E2 Q31.563
G1 X26.353 Y30.083 F653.0
(ROT_RINGS CONT L2 X26.353 Y30.083 -> X26.490 Y29.718)
M68 E2 Q31.563
G4 P0.020
G1 X26.383 Y30.003 F653.0
M68 E2 Q38.492
G1 X26.460 Y29.798 F653.0
M68 E2 Q31.563
G1 X26.490 Y29.718 F653.0
(ROT_RINGS CONT L2 X26.490 Y29.718 -> X26.651 Y29.362)
M68 E2 Q31.563
G4 P0.020
G1 X26.526 Y29.640 F653.0
M68 E2 Q38.492
G1 X26.616 Y29.441 F653.0
M68 E2 Q31.563
G1 X26.651 Y29.362 F653.0
(ROT_RINGS CONT L2 X26.651 Y29.362 -> X26.835 Y29.018)
M68 E2 Q31.563
G4 P0.020
G1 X26.692 Y29.287 F653.0
M68 E2 Q38.492
G1 X26.795 Y29.094 F653.0
M68 E2 Q31.563
G1 X26.835 Y29.018 F653.0
(ROT_RINGS CONT L2 X26.835 Y29.018 -> X27.041 Y28.687)
M68 E2 Q31.563
G4 P0.020
G1 X26.881 Y28.945 F653.0
M68 E2 Q38.492
G1 X26.996 Y28.760 F653.0
M68 E2 Q31.563
G1 X27.041 Y28.687 F653.0
(ROT_RINGS CONT L2 X27.041 Y28.687 -> X27.269 Y28.370)
M68 E2 Q31.563
G4 P0.020
G1 X27.091 Y28.617 F653.0
M68 E2 Q38.492
G1 X27.219 Y28.439 F653.0
M68 E2 Q31.563
G1 X27.269 Y28.370 F653.0
(ROT_RINGS CONT L2 X27.269 Y28.370 -> X27.516 Y28.068)
M68 E2 Q31.563
G4 P0.020
G1 X27.323 Y28.303 F653.0
M68 E2 Q38.492
G1 X27.462 Y28.134 F653.0
M68 E2 Q31.563
G1 X27.516 Y28.068 F653.0
(ROT_RINGS CONT L2 X27.516 Y28.068 -> X27.783 Y27.783)
M68 E2 Q31.563
G4 P0.020
G1 X27.575 Y28.005 F653.0
M68 E2 Q38.492
G1 X27.724 Y27.846 F653.0
M68 E2 Q31.563
G1 X27.783 Y27.783 F653.0
(ROT_RINGS CONT L2 X27.783 Y27.783 -> X28.068 Y27.516)
M68 E2 Q31.563
G4 P0.020
G1 X27.846 Y27.724 F653.0
M68 E2 Q38.492
G1 X28.005 Y27.575 F653.0
M68 E2 Q31.563
G1 X28.068 Y27.516 F653.0
(ROT_RINGS CONT L2 X28.068 Y27.516 -> X28.370 Y27.269)
M68 E2 Q31.563
G4 P0.020
G1 X28.134 Y27.462 F653.0
M68 E2 Q38.492
G1 X28.303 Y27.323 F653.0
M68 E2 Q31.563
G1 X28.370 Y27.269 F653.0
(ROT_RINGS CONT L2 X28.370 Y27.269 -> X28.687 Y27.041)
M68 E2 Q31.563
G4 P0.020
G1 X28.439 Y27.219 F653.0
M68 E2 Q38.492
G1 X28.617 Y27.091 F653.0
M68 E2 Q31.563
G1 X28.687 Y27.041 F653.0
(ROT_RINGS CONT L2 X28.687 Y27.041 -> X29.018 Y26.835)
M68 E2 Q31.563
G4 P0.020
G1 X28.760 Y26.996 F653.0
M68 E2 Q38.492
G1 X28.945 Y26.881 F653.0
M68 E2 Q31.563
G1 X29.018 Y26.835 F653.0
(ROT_RINGS CONT L2 X29.018 Y26.835 -> X29.362 Y26.651)
M68 E2 Q31.563
G4 P0.020
G1 X29.094 Y26.795 F653.0
M68 E2 Q38.492
G1 X29.287 Y26.692 F653.0
M68 E2 Q31.563
G1 X29.362 Y26.651 F653.0
(ROT_RINGS CONT L2 X29.362 Y26.651 -> X29.718 Y26.490)
M68 E2 Q31.563
G4 P0.020
G1 X29.441 Y26.616 F653.0
M68 E2 Q38.492
G1 X29.640 Y26.526 F653.0
M68 E2 Q31.563
G1 X29.718 Y26.490 F653.0
(ROT_RINGS CONT L2 X29.718 Y26.490 -> X30.083 Y26.353)
M68 E2 Q31.563
G4 P0.020
G1 X29.798 Y26.460 F653.0
M68 E2 Q38.492
G1 X30.003 Y26.383 F653.0
M68 E2 Q31.563
G1 X30.083 Y26.353 F653.0
(ROT_RINGS CONT L2 X30.083 Y26.353 -> X30.457 Y26.240)
M68 E2 Q31.563
G4 P0.020
G1 X30.165 Y26.328 F653.0
M68 E2 Q38.492
G1 X30.374 Y26.265 F653.0
M68 E2 Q31.563
G1 X30.457 Y26.240 F653.0
(ROT_RINGS CONT L2 X30.457 Y26.240 -> X30.837 Y26.151)
M68 E2 Q31.563
G4 P0.020
G1 X30.540 Y26.220 F653.0
M68 E2 Q38.492
G1 X30.753 Y26.171 F653.0
M68 E2 Q31.563
G1 X30.837 Y26.151 F653.0
(ROT_RINGS CONT L2 X30.837 Y26.151 -> X31.222 Y26.087)
M68 E2 Q31.563
G4 P0.020
G1 X30.921 Y26.137 F653.0
M68 E2 Q38.492
G1 X31.137 Y26.101 F653.0
M68 E2 Q31.563
G1 X31.222 Y26.087 F653.0
(ROT_RINGS CONT L2 X31.222 Y26.087 -> X31.610 Y26.049)
M68 E2 Q31.563
G4 P0.020
G1 X31.307 Y26.079 F653.0
M68 E2 Q38.492
G1 X31.525 Y26.058 F653.0
M68 E2 Q31.563
G1 X31.610 Y26.049 F653.0
(ROT_RINGS CONT L2 X31.610 Y26.049 -> X32.000 Y26.036)
M68 E2 Q31.563
G4 P0.020
G1 X31.696 Y26.046 F653.0
M68 E2 Q38.492
G1 X31.914 Y26.039 F653.0
M68 E2 Q31.563
G1 X32.000 Y26.036 F653.0
(ROT_RINGS CONT L2 X32.000 Y26.036 -> X32.390 Y26.049)
M68 E2 Q31.563
G4 P0.020
G1 X32.086 Y26.039 F653.0
M68 E2 Q38.492
G1 X32.304 Y26.046 F653.0
M68 E2 Q31.563
G1 X32.390 Y26.049 F653.0
(ROT_RINGS CONT L2 X32.390 Y26.049 -> X32.778 Y26.087)
M68 E2 Q31.563
G4 P0.020
G1 X32.475 Y26.058 F653.0
M68 E2 Q38.492
G1 X32.693 Y26.079 F653.0
M68 E2 Q31.563
G1 X32.778 Y26.087 F653.0
(ROT_RINGS CONT L2 X32.778 Y26.087 -> X33.163 Y26.151)
M68 E2 Q31.563
G4 P0.020
G1 X32.863 Y26.101 F653.0
M68 E2 Q38.492
G1 X33.079 Y26.137 F653.0
M68 E2 Q31.563
G1 X33.163 Y26.151 F653.0
(ROT_RINGS CONT L2 X33.163 Y26.151 -> X33.543 Y26.240)
M68 E2 Q31.563
G4 P0.020
G1 X33.247 Y26.171 F653.0
M68 E2 Q38.492
G1 X33.460 Y26.220 F653.0
M68 E2 Q31.563
G1 X33.543 Y26.240 F653.0
(ROT_RINGS CONT L2 X33.543 Y26.240 -> X33.917 Y26.353)
M68 E2 Q31.563
G4 P0.020
G1 X33.626 Y26.265 F653.0
M68 E2 Q38.492
G1 X33.835 Y26.328 F653.0
M68 E2 Q31.563
G1 X33.917 Y26.353 F653.0
(ROT_RINGS CONT L2 X33.917 Y26.353 -> X34.282 Y26.490)
M68 E2 Q31.563
G4 P0.020
G1 X33.997 Y26.383 F653.0
M68 E2 Q38.492
G1 X34.202 Y26.460 F653.0
M68 E2 Q31.563
G1 X34.282 Y26.490 F653.0
(ROT_RINGS CONT L2 X34.282 Y26.490 -> X34.638 Y26.651)
M68 E2 Q31.563
G4 P0.020
G1 X34.360 Y26.526 F653.0
M68 E2 Q38.492
G1 X34.559 Y26.616 F653.0
M68 E2 Q31.563
G1 X34.638 Y26.651 F653.0
(ROT_RINGS CONT L2 X34.638 Y26.651 -> X34.982 Y26.835)
M68 E2 Q31.563
G4 P0.020
G1 X34.713 Y26.692 F653.0
M68 E2 Q38.492
G1 X34.906 Y26.795 F653.0
M68 E2 Q31.563
G1 X34.982 Y26.835 F653.0
(ROT_RINGS CONT L2 X34.982 Y26.835 -> X35.313 Y27.041)
M68 E2 Q31.563
G4 P0.020
G1 X35.055 Y26.881 F653.0
M68 E2 Q38.492
G1 X35.240 Y26.996 F653.0
M68 E2 Q31.563
G1 X35.313 Y27.041 F653.0
(ROT_RINGS CONT L2 X35.313 Y27.041 -> X35.630 Y27.269)
M68 E2 Q31.563
G4 P0.020
G1 X35.383 Y27.091 F653.0
M68 E2 Q38.492
G1 X35.561 Y27.219 F653.0
M68 E2 Q31.563
G1 X35.630 Y27.269 F653.0
(ROT_RINGS CONT L2 X35.630 Y27.269 -> X35.932 Y27.516)
M68 E2 Q31.563
G4 P0.020
G1 X35.697 Y27.323 F653.0
M68 E2 Q38.492
G1 X35.866 Y27.462 F653.0
M68 E2 Q31.563
G1 X35.932 Y27.516 F653.0
(ROT_RINGS CONT L2 X35.932 Y27.516 -> X36.217 Y27.783)
M68 E2 Q31.563
G4 P0.020
G1 X35.995 Y27.575 F653.0
M68 E2 Q38.492
G1 X36.154 Y27.724 F653.0
M68 E2 Q31.563
G1 X36.217 Y27.783 F653.0
(ROT_RINGS CONT L2 X36.217 Y27.783 -> X36.484 Y28.068)
M68 E2 Q31.563
G4 P0.020
G1 X36.276 Y27.846 F653.0
M68 E2 Q38.492
G1 X36.425 Y28.005 F653.0
M68 E2 Q31.563
G1 X36.484 Y28.068 F653.0
(ROT_RINGS CONT L2 X36.484 Y28.068 -> X36.731 Y28.370)
M68 E2 Q31.563
G4 P0.020
G1 X36.538 Y28.134 F653.0
M68 E2 Q38.492
G1 X36.677 Y28.303 F653.0
M68 E2 Q31.563
G1 X36.731 Y28.370 F653.0
(ROT_RINGS CONT L2 X36.731 Y28.370 -> X36.959 Y28.687)
M68 E2 Q31.563
G4 P0.020
G1 X36.781 Y28.439 F653.0
M68 E2 Q38.492
G1 X36.909 Y28.617 F653.0
M68 E2 Q31.563
G1 X36.959 Y28.687 F653.0
(ROT_RINGS CONT L2 X36.959 Y28.687 -> X37.165 Y29.018)
M68 E2 Q31.563
G4 P0.020
G1 X37.004 Y28.760 F653.0
M68 E2 Q38.492
G1 X37.119 Y28.945 F653.0
M68 E2 Q31.563
G1 X37.165 Y29.018 F653.0
(ROT_RINGS CONT L2 X37.165 Y29.018 -> X37.349 Y29.362)
M68 E2 Q31.563
G4 P0.020
G1 X37.205 Y29.094 F653.0
M68 E2 Q38.492
G1 X37.308 Y29.287 F653.0
M68 E2 Q31.563
G1 X37.349 Y29.362 F653.0
(ROT_RINGS CONT L2 X37.349 Y29.362 -> X37.510 Y29.718)
M68 E2 Q31.563
G4 P0.020
G1 X37.384 Y29.441 F653.0
M68 E2 Q38.492
G1 X37.474 Y29.640 F653.0
M68 E2 Q31.563
G1 X37.510 Y29.718 F653.0
(ROT_RINGS CONT L2 X37.510 Y29.718 -> X37.647 Y30.083)
M68 E2 Q31.563
G4 P0.020
G1 X37.540 Y29.798 F653.0
M68 E2 Q38.492
G1 X37.617 Y30.003 F653.0
M68 E2 Q31.563
G1 X37.647 Y30.083 F653.0
(ROT_RINGS CONT L2 X37.647 Y30.083 -> X37.760 Y30.457)
M68 E2 Q31.563
G4 P0.020
G1 X37.672 Y30.165 F653.0
M68 E2 Q38.492
G1 X37.735 Y30.374 F653.0
M68 E2 Q31.563
G1 X37.760 Y30.457 F653.0
(ROT_RINGS CONT L2 X37.760 Y30.457 -> X37.849 Y30.837)
M68 E2 Q31.563
G4 P0.020
G1 X37.780 Y30.540 F653.0
M68 E2 Q38.492
G1 X37.829 Y30.753 F653.0
M68 E2 Q31.563
G1 X37.849 Y30.837 F653.0
(ROT_RINGS CONT L2 X37.849 Y30.837 -> X37.913 Y31.222)
M68 E2 Q31.563
G4 P0.020
G1 X37.863 Y30.921 F653.0
M68 E2 Q38.492
G1 X37.899 Y31.137 F653.0
M68 E2 Q31.563
G1 X37.913 Y31.222 F653.0
(ROT_RINGS CONT L2 X37.913 Y31.222 -> X37.951 Y31.610)
M68 E2 Q31.563
G4 P0.020
G1 X37.921 Y31.307 F653.0
M68 E2 Q38.492
G1 X37.942 Y31.525 F653.0
M68 E2 Q31.563
G1 X37.951 Y31.610 F653.0
(ROT_RINGS CONT L2 X37.951 Y31.610 -> X37.964 Y32.000)
M68 E2 Q31.563
G4 P0.020
G1 X37.954 Y31.696 F653.0
M68 E2 Q38.492
G1 X37.961 Y31.914 F653.0
M68 E2 Q31.563
G1 X37.964 Y32.000 F653.0
(ROT_RINGS CONT L2 X37.964 Y32.000 -> X37.951 Y32.390)
M68 E2 Q31.563
G4 P0.020
G1 X37.961 Y32.086 F653.0
M68 E2 Q38.492
G1 X37.954 Y32.304 F653.0
M68 E2 Q31.563
G1 X37.951 Y32.390 F653.0
(ROT_RINGS CONT L2 X37.951 Y32.390 -> X37.913 Y32.778)
M68 E2 Q31.563
G4 P0.020
G1 X37.942 Y32.475 F653.0
M68 E2 Q38.492
G1 X37.921 Y32.693 F653.0
M68 E2 Q31.563
G1 X37.913 Y32.778 F653.0
(ROT_RINGS CONT L2 X37.913 Y32.778 -> X37.849 Y33.163)
M68 E2 Q31.563
G4 P0.020
G1 X37.899 Y32.863 F653.0
M68 E2 Q38.492
G1 X37.863 Y33.079 F653.0
M68 E2 Q31.563
G1 X37.849 Y33.163 F653.0
(ROT_RINGS CONT L2 X37.849 Y33.163 -> X37.760 Y33.543)
M68 E2 Q31.563
G4 P0.020
G1 X37.829 Y33.247 F653.0
M68 E2 Q38.492
G1 X37.780 Y33.460 F653.0
M68 E2 Q31.563
G1 X37.760 Y33.543 F653.0
(ROT_RINGS CONT L2 X37.760 Y33.543 -> X37.647 Y33.917)
M68 E2 Q31.563
G4 P0.020
G1 X37.735 Y33.626 F653.0
M68 E2 Q38.492
G1 X37.672 Y33.835 F653.0
M68 E2 Q31.563
G1 X37.647 Y33.917 F653.0
(ROT_RINGS CONT L2 X37.647 Y33.917 -> X37.510 Y34.282)
M68 E2 Q31.563
G4 P0.020
G1 X37.617 Y33.997 F653.0
M68 E2 Q38.492
G1 X37.540 Y34.202 F653.0
M68 E2 Q31.563
G1 X37.510 Y34.282 F653.0
(ROT_RINGS CONT L2 X37.510 Y34.282 -> X37.349 Y34.638)
M68 E2 Q31.563
G4 P0.020
G1 X37.474 Y34.360 F653.0
M68 E2 Q38.492
G1 X37.384 Y34.559 F653.0
M68 E2 Q31.563
G1 X37.349 Y34.638 F653.0
(ROT_RINGS CONT L2 X37.349 Y34.638 -> X37.165 Y34.982)
M68 E2 Q31.563
G4 P0.020
G1 X37.308 Y34.713 F653.0
M68 E2 Q38.492
G1 X37.205 Y34.906 F653.0
M68 E2 Q31.563
G1 X37.165 Y34.982 F653.0
(ROT_RINGS CONT L2 X37.165 Y34.982 -> X36.959 Y35.313)
M68 E2 Q31.563
G4 P0.020
G1 X37.119 Y35.055 F653.0
M68 E2 Q38.492
G1 X37.004 Y35.240 F653.0
M68 E2 Q31.563
G1 X36.959 Y35.313 F653.0
(ROT_RINGS CONT L2 X36.959 Y35.313 -> X36.731 Y35.630)
M68 E2 Q31.563
G4 P0.020
G1 X36.909 Y35.383 F653.0
M68 E2 Q38.492
G1 X36.781 Y35.561 F653.0
M68 E2 Q31.563
G1 X36.731 Y35.630 F653.0
(ROT_RINGS CONT L2 X36.731 Y35.630 -> X36.484 Y35.932)
M68 E2 Q31.563
G4 P0.020
G1 X36.677 Y35.697 F653.0
M68 E2 Q38.492
G1 X36.538 Y35.866 F653.0
M68 E2 Q31.563
G1 X36.484 Y35.932 F653.0
(ROT_RINGS CONT L2 X36.484 Y35.932 -> X36.217 Y36.217)
M68 E2 Q31.563
G4 P0.020
G1 X36.425 Y35.995 F653.0
M68 E2 Q38.492
G1 X36.276 Y36.154 F653.0
M68 E2 Q31.563
G1 X36.217 Y36.217 F653.0
(ROT_RINGS CONT L2 X36.217 Y36.217 -> X35.932 Y36.484)
M68 E2 Q31.563
G4 P0.020
G1 X36.154 Y36.276 F653.0
M68 E2 Q38.492
G1 X35.995 Y36.425 F653.0
M68 E2 Q31.563
G1 X35.932 Y36.484 F653.0
(ROT_RINGS CONT L2 X35.932 Y36.484 -> X35.630 Y36.731)
M68 E2 Q31.563
G4 P0.020
G1 X35.866 Y36.538 F653.0
M68 E2 Q38.492
G1 X35.697 Y36.677 F653.0
M68 E2 Q31.563
G1 X35.630 Y36.731 F653.0
(ROT_RINGS CONT L2 X35.630 Y36.731 -> X35.313 Y36.959)
M68 E2 Q31.563
G4 P0.020
G1 X35.561 Y36.781 F653.0
M68 E2 Q38.492
G1 X35.383 Y36.909 F653.0
M68 E2 Q31.563
G1 X35.313 Y36.959 F653.0
(ROT_RINGS CONT L2 X35.313 Y36.959 -> X34.982 Y37.165)
M68 E2 Q31.563
G4 P0.020
G1 X35.240 Y37.004 F653.0
M68 E2 Q38.492
G1 X35.055 Y37.119 F653.0
M68 E2 Q31.563
G1 X34.982 Y37.165 F653.0
(ROT_RINGS CONT L2 X34.982 Y37.165 -> X34.638 Y37.349)
M68 E2 Q31.563
G4 P0.020
G1 X34.906 Y37.205 F653.0
M68 E2 Q38.492
G1 X34.713 Y37.308 F653.0
M68 E2 Q31.563
G1 X34.638 Y37.349 F653.0
(ROT_RINGS CONT L2 X34.638 Y37.349 -> X34.282 Y37.510)
M68 E2 Q31.563
G4 P0.020
G1 X34.559 Y37.384 F653.0
M68 E2 Q38.492
G1 X34.360 Y37.474 F653.0
M68 E2 Q31.563
G1 X34.282 Y37.510 F653.0
(ROT_RINGS CONT L2 X34.282 Y37.510 -> X33.917 Y37.647)
M68 E2 Q31.563
G4 P0.020
G1 X34.202 Y37.540 F653.0
M68 E2 Q38.492
G1 X33.997 Y37.617 F653.0
M68 E2 Q31.563
G1 X33.917 Y37.647 F653.0
(ROT_RINGS CONT L2 X33.917 Y37.647 -> X33.543 Y37.760)
M68 E2 Q31.563
G4 P0.020
G1 X33.835 Y37.672 F653.0
M68 E2 Q38.492
G1 X33.626 Y37.735 F653.0
M68 E2 Q31.563
G1 X33.543 Y37.760 F653.0
(ROT_RINGS CONT L2 X33.543 Y37.760 -> X33.163 Y37.849)
M68 E2 Q31.563
G4 P0.020
G1 X33.460 Y37.780 F653.0
M68 E2 Q38.492
G1 X33.247 Y37.829 F653.0
M68 E2 Q31.563
G1 X33.163 Y37.849 F653.0
(ROT_RINGS CONT L2 X33.163 Y37.849 -> X32.778 Y37.913)
M68 E2 Q31.563
G4 P0.020
G1 X33.079 Y37.863 F653.0
M68 E2 Q38.492
G1 X32.863 Y37.899 F653.0
M68 E2 Q31.563
G1 X32.778 Y37.913 F653.0
(ROT_RINGS CONT L2 X32.778 Y37.913 -> X32.390 Y37.951)
M68 E2 Q31.563
G4 P0.020
G1 X32.693 Y37.921 F653.0
M68 E2 Q38.492
G1 X32.475 Y37.942 F653.0
M68 E2 Q31.563
G1 X32.390 Y37.951 F653.0
(ROT_RINGS CONT L2 X32.390 Y37.951 -> X32.000 Y37.964)
M68 E2 Q31.563
G4 P0.020
G1 X32.304 Y37.954 F653.0
M68 E2 Q38.492
G1 X32.086 Y37.961 F653.0
M68 E2 Q31.563
G1 X32.000 Y37.964 F653.0
(ROT_RINGS CONT L2 X32.000 Y37.964 -> X31.610 Y37.951)
M68 E2 Q31.563
G4 P0.020
G1 X31.914 Y37.961 F653.0
M68 E2 Q38.492
G1 X31.696 Y37.954 F653.0
M68 E2 Q31.563
G1 X31.610 Y37.951 F653.0
(ROT_RINGS CONT L2 X31.610 Y37.951 -> X31.222 Y37.913)
M68 E2 Q31.563
G4 P0.020
G1 X31.525 Y37.942 F653.0
M68 E2 Q38.492
G1 X31.307 Y37.921 F653.0
M68 E2 Q31.563
G1 X31.222 Y37.913 F653.0
(ROT_RINGS CONT L2 X31.222 Y37.913 -> X30.837 Y37.849)
M68 E2 Q31.563
G4 P0.020
G1 X31.137 Y37.899 F653.0
M68 E2 Q38.492
G1 X30.921 Y37.863 F653.0
M68 E2 Q31.563
G1 X30.837 Y37.849 F653.0
(ROT_RINGS CONT L2 X30.837 Y37.849 -> X30.457 Y37.760)
M68 E2 Q31.563
G4 P0.020
G1 X30.753 Y37.829 F653.0
M68 E2 Q38.492
G1 X30.540 Y37.780 F653.0
M68 E2 Q31.563
G1 X30.457 Y37.760 F653.0
(ROT_RINGS CONT L2 X30.457 Y37.760 -> X30.083 Y37.647)
M68 E2 Q31.563
G4 P0.020
G1 X30.374 Y37.735 F653.0
M68 E2 Q38.492
G1 X30.165 Y37.672 F653.0
M68 E2 Q31.563
G1 X30.083 Y37.647 F653.0
(ROT_RINGS CONT L2 X30.083 Y37.647 -> X29.718 Y37.510)
M68 E2 Q31.563
G4 P0.020
G1 X30.003 Y37.617 F653.0
M68 E2 Q38.492
G1 X29.798 Y37.540 F653.0
M68 E2 Q31.563
G1 X29.718 Y37.510 F653.0
(ROT_RINGS CONT L2 X29.718 Y37.510 -> X29.362 Y37.349)
M68 E2 Q31.563
G4 P0.020
G1 X29.640 Y37.474 F653.0
M68 E2 Q38.492
G1 X29.441 Y37.384 F653.0
M68 E2 Q31.563
G1 X29.362 Y37.349 F653.0
(ROT_RINGS CONT L2 X29.362 Y37.349 -> X29.018 Y37.165)
M68 E2 Q31.563
G4 P0.020
G1 X29.287 Y37.308 F653.0
M68 E2 Q38.492
G1 X29.094 Y37.205 F653.0
M68 E2 Q31.563
G1 X29.018 Y37.165 F653.0
M68 E2 Q0.000
G1 X28.964 Y34.548 F848.9
(ROT_RINGS CONT L2 X28.964 Y34.548 -> X29.137 Y34.741)
M68 E2 Q31.563
G4 P0.020
G1 X29.002 Y34.590 F653.0
M68 E2 Q38.492
G1 X29.099 Y34.698 F653.0
M68 E2 Q31.563
G1 X29.137 Y34.741 F653.0
(ROT_RINGS CONT L2 X29.137 Y34.741 -> X29.322 Y34.922)
M68 E2 Q31.563
G4 P0.020
G1 X29.178 Y34.781 F653.0
M68 E2 Q38.492
G1 X29.281 Y34.882 F653.0
M68 E2 Q31.563
G1 X29.322 Y34.922 F653.0
(ROT_RINGS CONT L2 X29.322 Y34.922 -> X29.519 Y35.091)
M68 E2 Q31.563
G4 P0.020
G1 X29.366 Y34.959 F653.0
M68 E2 Q38.492
G1 X29.476 Y35.054 F653.0
M68 E2 Q31.563
G1 X29.519 Y35.091 F653.0
(ROT_RINGS CONT L2 X29.519 Y35.091 -> X29.727 Y35.247)
M68 E2 Q31.563
G4 P0.020
G1 X29.565 Y35.125 F653.0
M68 E2 Q38.492
G1 X29.681 Y35.213 F653.0
M68 E2 Q31.563
G1 X29.727 Y35.247 F653.0
(ROT_RINGS CONT L2 X29.727 Y35.247 -> X29.944 Y35.388)
M68 E2 Q31.563
G4 P0.020
G1 X29.774 Y35.278 F653.0
M68 E2 Q38.492
G1 X29.896 Y35.357 F653.0
M68 E2 Q31.563
G1 X29.944 Y35.388 F653.0
(ROT_RINGS CONT L2 X29.944 Y35.388 -> X30.170 Y35.516)
M68 E2 Q31.563
G4 P0.020
G1 X29.994 Y35.416 F653.0
M68 E2 Q38.492
G1 X30.120 Y35.488 F653.0
M68 E2 Q31.563
G1 X30.170 Y35.516 F653.0
(ROT_RINGS CONT L2 X30.170 Y35.516 -> X30.404 Y35.628)
M68 E2 Q31.563
G4 P0.020
G1 X30.221 Y35.540 F653.0
M68 E2 Q38.492
G1 X30.352 Y35.603 F653.0
M68 E2 Q31.563
G1 X30.404 Y35.628 F653.0
(ROT_RINGS CONT L2 X30.404 Y35.628 -> X30.644 Y35.725)
M68 E2 Q31.563
G4 P0.020
G1 X30.457 Y35.649 F653.0
M68 E2 Q38.492
G1 X30.591 Y35.703 F653.0
M68 E2 Q31.563
G1 X30.644 Y35.725 F653.0
(ROT_RINGS CONT L2 X30.644 Y35.725 -> X30.891 Y35.805)
M68 E2 Q31.563
G4 P0.020
G1 X30.699 Y35.742 F653.0
M68 E2 Q38.492
G1 X30.837 Y35.787 F653.0
M68 E2 Q31.563
G1 X30.891 Y35.805 F653.0
(ROT_RINGS CONT L2 X30.891 Y35.805 -> X31.142 Y35.870)
M68 E2 Q31.563
G4 P0.020
G1 X30.946 Y35.819 F653.0
M68 E2 Q38.492
G1 X31.087 Y35.855 F653.0
M68 E2 Q31.563
G1 X31.142 Y35.870 F653.0
(ROT_RINGS CONT L2 X31.142 Y35.870 -> X31.397 Y35.917)
M68 E2 Q31.563
G4 P0.020
G1 X31.198 Y35.880 F653.0
M68 E2 Q38.492
G1 X31.341 Y35.907 F653.0
M68 E2 Q31.563
G1 X31.397 Y35.917 F653.0
(ROT_RINGS CONT L2 X31.397 Y35.917 -> X31.655 Y35.948)
M68 E2 Q31.563
G4 P0.020
G1 X31.454 Y35.924 F653.0
M68 E2 Q38.492
G1 X31.598 Y35.942 F653.0
M68 E2 Q31.563
G1 X31.655 Y35.948 F653.0
(ROT_RINGS CONT L2 X31.655 Y35.948 -> X31.914 Y35.963)
M68 E2 Q31.563
G4 P0.020
G1 X31.712 Y35.952 F653.0
M68 E2 Q38.492
G1 X31.857 Y35.960 F653.0
M68 E2 Q31.563
G1 X31.914 Y35.963 F653.0
(ROT_RINGS CONT L2 X31.914 Y35.963 -> X32.173 Y35.960)
M68 E2 Q31.563
G4 P0.020
G1 X31.971 Y35.962 F653.0
M68 E2 Q38.492
G1 X32.116 Y35.960 F653.0
M68 E2 Q31.563
G1 X32.173 Y35.960 F653.0
(ROT_RINGS CONT L2 X32.173 Y35.960 -> X32.432 Y35.940)
M68 E2 Q31.563
G4 P0.020
G1 X32.230 Y35.955 F653.0
M68 E2 Q38.492
G1 X32.375 Y35.944 F653.0
M68 E2 Q31.563
G1 X32.432 Y35.940 F653.0
(ROT_RINGS CONT L2 X32.432 Y35.940 -> X32.688 Y35.903)
M68 E2 Q31.563
G4 P0.020
G1 X32.488 Y35.932 F653.0
M68 E2 Q38.492
G1 X32.632 Y35.911 F653.0
M68 E2 Q31.563
G1 X32.688 Y35.903 F653.0
(ROT_RINGS CONT L2 X32.688 Y35.903 -> X32.942 Y35.850)
M68 E2 Q31.563
G4 P0.020
G1 X32.744 Y35.892 F653.0
M68 E2 Q38.492
G1 X32.886 Y35.862 F653.0
M68 E2 Q31.563
G1 X32.942 Y35.850 F653.0
(ROT_RINGS CONT L2 X32.942 Y35.850 -> X33.192 Y35.780)
M68 E2 Q31.563
G4 P0.020
G1 X32.997 Y35.835 F653.0
M68 E2 Q38.492
G1 X33.137 Y35.795 F653.0
M68 E2 Q31.563
G1 X33.192 Y35.780 F653.0
(ROT_RINGS CONT L2 X33.192 Y35.780 -> X33.437 Y35.694)
M68 E2 Q31.563
G4 P0.020
G1 X33.246 Y35.761 F653.0
M68 E2 Q38.492
G1 X33.383 Y35.713 F653.0
M68 E2 Q31.563
G1 X33.437 Y35.694 F653.0
(ROT_RINGS CONT L2 X33.437 Y35.694 -> X33.675 Y35.592)
M68 E2 Q31.563
G4 P0.020
G1 X33.489 Y35.672 F653.0
M68 E2 Q38.492
G1 X33.623 Y35.615 F653.0
M68 E2 Q31.563
G1 X33.675 Y35.592 F653.0
(ROT_RINGS CONT L2 X33.675 Y35.592 -> X33.906 Y35.475)
M68 E2 Q31.563
G4 P0.020
G1 X33.726 Y35.566 F653.0
M68 E2 Q38.492
G1 X33.856 Y35.501 F653.0
M68 E2 Q31.563
G1 X33.906 Y35.475 F653.0
(ROT_RINGS CONT L2 X33.906 Y35.475 -> X34.130 Y35.343)
M68 E2 Q31.563
G4 P0.020
G1 X33.956 Y35.446 F653.0
M68 E2 Q38.492
G1 X34.081 Y35.372 F653.0
M68 E2 Q31.563
G1 X34.130 Y35.343 F653.0
(ROT_RINGS CONT L2 X34.130 Y35.343 -> X34.344 Y35.196)
M68 E2 Q31.563
G4 P0.020
G1 X34.177 Y35.311 F653.0
M68 E2 Q38.492
G1 X34.297 Y35.229 F653.0
M68 E2 Q31.563
G1 X34.344 Y35.196 F653.0
(ROT_RINGS CONT L2 X34.344 Y35.196 -> X34.548 Y35.036)
M68 E2 Q31.563
G4 P0.020
G1 X34.389 Y35.161 F653.0
M68 E2 Q38.492
G1 X34.503 Y35.071 F653.0
M68 E2 Q31.563
G1 X34.548 Y35.036 F653.0
(ROT_RINGS CONT L2 X34.548 Y35.036 -> X34.741 Y34.863)
M68 E2 Q31.563
G4 P0.020
G1 X34.590 Y34.998 F653.0
M68 E2 Q38.492
G1 X34.698 Y34.901 F653.0
M68 E2 Q31.563
G1 X34.741 Y34.863 F653.0
(ROT_RINGS CONT L2 X34.741 Y34.863 -> X34.922 Y34.678)
M68 E2 Q31.563
G4 P0.020
G1 X34.781 Y34.822 F653.0
M68 E2 Q38.492
G1 X34.882 Y34.719 F653.0
M68 E2 Q31.563
G1 X34.922 Y34.678 F653.0
(ROT_RINGS CONT L2 X34.922 Y34.678 -> X35.091 Y34.481)
M68 E2 Q31.563
G4 P0.020
G1 X34.959 Y34.634 F653.0
M68 E2 Q38.492
G1 X35.054 Y34.524 F653.0
M68 E2 Q31.563
G1 X35.091 Y34.481 F653.0
(ROT_RINGS CONT L2 X35.091 Y34.481 -> X35.247 Y34.273)
M68 E2 Q31.563
G4 P0.020
G1 X35.125 Y34.435 F653.0
M68 E2 Q38.492
G1 X35.213 Y34.319 F653.0
M68 E2 Q31.563
G1 X35.247 Y34.273 F653.0
(ROT_RINGS CONT L2 X35.247 Y34.273 -> X35.388 Y34.056)
M68 E2 Q31.563
G4 P0.020
G1 X35.278 Y34.226 F653.0
M68 E2 Q38.492
G1 X35.357 Y34.104 F653.0
M68 E2 Q31.563
G1 X35.388 Y34.056 F653.0
(ROT_RINGS CONT L2 X35.388 Y34.056 -> X35.516 Y33.830)
M68 E2 Q31.563
G4 P0.020
G1 X35.416 Y34.006 F653.0
M68 E2 Q38.492
G1 X35.488 Y33.880 F653.0
M68 E2 Q31.563
G1 X35.516 Y33.830 F653.0
(ROT_RINGS CONT L2 X35.516 Y33.830 -> X35.628 Y33.596)
M68 E2 Q31.563
G4 P0.020
G1 X35.540 Y33.779 F653.0
M68 E2 Q38.492
G1 X35.603 Y33.648 F653.0
M68 E2 Q31.563
G1 X35.628 Y33.596 F653.0
(ROT_RINGS CONT L2 X35.628 Y33.596 -> X35.725 Y33.356)
M68 E2 Q31.563
G4 P0.020
G1 X35.649 Y33.543 F653.0
M68 E2 Q38.492
G1 X35.703 Y33.409 F653.0
M68 E2 Q31.563
G1 X35.725 Y33.356 F653.0
(ROT_RINGS CONT L2 X35.725 Y33.356 -> X35.805 Y33.109)
M68 E2 Q31.563
G4 P0.020
G1 X35.742 Y33.301 F653.0
M68 E2 Q38.492
G1 X35.787 Y33.163 F653.0
M68 E2 Q31.563
G1 X35.805 Y33.109 F653.0
(ROT_RINGS CONT L2 X35.805 Y33.109 -> X35.870 Y32.858)
M68 E2 Q31.563
G4 P0.020
G1 X35.819 Y33.054 F653.0
M68 E2 Q38.492
G1 X35.855 Y32.913 F653.0
M68 E2 Q31.563
G1 X35.870 Y32.858 F653.0
(ROT_RINGS CONT L2 X35.870 Y32.858 -> X35.917 Y32.603)
M68 E2 Q31.563
G4 P0.020
G1 X35.880 Y32.802 F653.0
M68 E2 Q38.492
G1 X35.907 Y32.659 F653.0
M68 E2 Q31.563
G1 X35.917 Y32.603 F653.0
(ROT_RINGS CONT L2 X35.917 Y32.603 -> X35.948 Y32.345)
M68 E2 Q31.563
G4 P0.020
G1 X35.924 Y32.546 F653.0
M68 E2 Q38.492
G1 X35.942 Y32.402 F653.0
M68 E2 Q31.563
G1 X35.948 Y32.345 F653.0
(ROT_RINGS CONT L2 X35.948 Y32.345 -> X35.963 Y32.086)
M68 E2 Q31.563
G4 P0.020
G1 X35.952 Y32.288 F653.0
M68 E2 Q38.492
G1 X35.960 Y32.143 F653.0
M68 E2 Q31.563
G1 X35.963 Y32.086 F653.0
(ROT_RINGS CONT L2 X35.963 Y32.086 -> X35.960 Y31.827)
M68 E2 Q31.563
G4 P0.020
G1 X35.962 Y32.029 F653.0
M68 E2 Q38.492
G1 X35.960 Y31.884 F653.0
M68 E2 Q31.563
G1 X35.960 Y31.827 F653.0
(ROT_RINGS CONT L2 X35.960 Y31.827 -> X35.940 Y31.568)
M68 E2 Q31.563
G4 P0.020
G1 X35.955 Y31.770 F653.0
M68 E2 Q38.492
G1 X35.944 Y31.625 F653.0
M68 E2 Q31.563
G1 X35.940 Y31.568 F653.0
(ROT_RINGS CONT L2 X35.940 Y31.568 -> X35.903 Y31.312)
M68 E2 Q31.563
G4 P0.020
G1 X35.932 Y31.512 F653.0
M68 E2 Q38.492
G1 X35.911 Y31.368 F653.0
M68 E2 Q31.563
G1 X35.903 Y31.312 F653.0
(ROT_RINGS CONT L2 X35.903 Y31.312 -> X35.850 Y31.058)
M68 E2 Q31.563
G4 P0.020
G1 X35.892 Y31.256 F653.0
M68 E2 Q38.492
G1 X35.862 Y31.114 F653.0
M68 E2 Q31.563
G1 X35.850 Y31.058 F653.0
(ROT_RINGS CONT L2 X35.850 Y31.058 -> X35.780 Y30.808)
M68 E2 Q31.563
G4 P0.020
G1 X35.835 Y31.003 F653.0
M68 E2 Q38.492
G1 X35.795 Y30.863 F653.0
M68 E2 Q31.563
G1 X35.780 Y30.808 F653.0
(ROT_RINGS CONT L2 X35.780 Y30.808 -> X35.694 Y30.563)
M68 E2 Q31.563
G4 P0.020
G1 X35.761 Y30.754 F653.0
M68 E2 Q38.492
G1 X35.713 Y30.617 F653.0
M68 E2 Q31.563
G1 X35.694 Y30.563 F653.0
(ROT_RINGS CONT L2 X35.694 Y30.563 -> X35.592 Y30.325)
M68 E2 Q31.563
G4 P0.020
G1 X35.672 Y30.511 F653.0
M68 E2 Q38.492
G1 X35.615 Y30.377 F653.0
M68 E2 Q31.563
G1 X35.592 Y30.325 F653.0
(ROT_RINGS CONT L2 X35.592 Y30.325 -> X35.475 Y30.094)
M68 E2 Q31.563
G4 P0.020
G1 X35.566 Y30.274 F653.0
M68 E2 Q38.492
G1 X35.501 Y30.144 F653.0
M68 E2 Q31.563
G1 X35.475 Y30.094 F653.0
(ROT_RINGS CONT L2 X35.475 Y30.094 -> X35.343 Y29.870)
M68 E2 Q31.563
G4 P0.020
G1 X35.446 Y30.044 F653.0
M68 E2 Q38.492
G1 X35.372 Y29.919 F653.0
M68 E2 Q31.563
G1 X35.343 Y29.870 F653.0
(ROT_RINGS CONT L2 X35.343 Y29.870 -> X35.196 Y29.656)
M68 E2 Q31.563
G4 P0.020
G1 X35.311 Y29.823 F653.0
M68 E2 Q38.492
G1 X35.229 Y29.703 F653.0
M68 E2 Q31.563
G1 X35.196 Y29.656 F653.0
(ROT_RINGS CONT L2 X35.196 Y29.656 -> X35.036 Y29.452)
M68 E2 Q31.563
G4 P0.020
G1 X35.161 Y29.611 F653.0
M68 E2 Q38.492
G1 X35.071 Y29.497 F653.0
M68 E2 Q31.563
G1 X35.036 Y29.452 F653.0
(ROT_RINGS CONT L2 X35.036 Y29.452 -> X34.863 Y29.259)
M68 E2 Q31.563
G4 P0.020
G1 X34.998 Y29.410 F653.0
M68 E2 Q38.492
G1 X34.901 Y29.302 F653.0
M68 E2 Q31.563
G1 X34.863 Y29.259 F653.0
(ROT_RINGS CONT L2 X34.863 Y29.259 -> X34.678 Y29.078)
M68 E2 Q31.563
G4 P0.020
G1 X34.822 Y29.219 F653.0
M68 E2 Q38.492
G1 X34.719 Y29.118 F653.0
M68 E2 Q31.563
G1 X34.678 Y29.078 F653.0
(ROT_RINGS CONT L2 X34.678 Y29.078 -> X34.481 Y28.909)
M68 E2 Q31.563
G4 P0.020
G1 X34.634 Y29.041 F653.0
M68 E2 Q38.492
G1 X34.524 Y28.946 F653.0
M68 E2 Q31.563
G1 X34.481 Y28.909 F653.0
(ROT_RINGS CONT L2 X34.481 Y28.909 -> X34.273 Y28.753)
M68 E2 Q31.563
G4 P0.020
G1 X34.435 Y28.875 F653.0
M68 E2 Q38.492
G1 X34.319 Y28.787 F653.0
M68 E2 Q31.563
G1 X34.273 Y28.753 F653.0
(ROT_RINGS CONT L2 X34.273 Y28.753 -> X34.056 Y28.612)
M68 E2 Q31.563
G4 P0.020
G1 X34.226 Y28.722 F653.0
M68 E2 Q38.492
G1 X34.104 Y28.643 F653.0
M68 E2 Q31.563
G1 X34.056 Y28.612 F653.0
(ROT_RINGS CONT L2 X34.056 Y28.612 -> X33.830 Y28.484)
M68 E2 Q31.563
G4 P0.020
G1 X34.006 Y28.584 F653.0
M68 E2 Q38.492
G1 X33.880 Y28.512 F653.0
M68 E2 Q31.563
G1 X33.830 Y28.484 F653.0
(ROT_RINGS CONT L2 X33.830 Y28.484 -> X33.596 Y28.372)
M68 E2 Q31.563
G4 P0.020
G1 X33.779 Y28.460 F653.0
M68 E2 Q38.492
G1 X33.648 Y28.397 F653.0
M68 E2 Q31.563
G1 X33.596 Y28.372 F653.0
(ROT_RINGS CONT L2 X33.596 Y28.372 -> X33.356 Y28.275)
M68 E2 Q31.563
G4 P0.020
G1 X33.543 Y28.351 F653.0
M68 E2 Q38.492
G1 X33.409 Y28.297 F653.0
M68 E2 Q31.563
G1 X33.356 Y28.275 F653.0
(ROT_RINGS CONT L2 X33.356 Y28.275 -> X33.109 Y28.195)
M68 E2 Q31.563
G4 P0.020
G1 X33.301 Y28.258 F653.0
M68 E2 Q38.492
G1 X33.163 Y28.213 F653.0
M68 E2 Q31.563
G1 X33.109 Y28.195 F653.0
(ROT_RINGS CONT L2 X33.109 Y28.195 -> X32.858 Y28.130)
M68 E2 Q31.563
G4 P0.020
G1 X33.054 Y28.181 F653.0
M68 E2 Q38.492
G1 X32.913 Y28.145 F653.0
M68 E2 Q31.563
G1 X32.858 Y28.130 F653.0
(ROT_RINGS CONT L2 X32.858 Y28.130 -> X32.603 Y28.083)
M68 E2 Q31.563
G4 P0.020
G1 X32.802 Y28.120 F653.0
M68 E2 Q38.492
G1 X32.659 Y28.093 F653.0
M68 E2 Q31.563
G1 X32.603 Y28.083 F653.0
(ROT_RINGS CONT L2 X32.603 Y28.083 -> X32.345 Y28.052)
M68 E2 Q31.563
G4 P0.020
G1 X32.546 Y28.076 F653.0
M68 E2 Q38.492
G1 X32.402 Y28.058 F653.0
M68 E2 Q31.563
G1 X32.345 Y28.052 F653.0
(ROT_RINGS CONT L2 X32.345 Y28.052 -> X32.086 Y28.037)
M68 E2 Q31.563
G4 P0.020
G1 X32.288 Y28.048 F653.0
M68 E2 Q38.492
G1 X32.143 Y28.040 F653.0
M68 E2 Q31.563
G1 X32.086 Y28.037 F653.0
(ROT_RINGS CONT L2 X32.086 Y28.037 -> X31.827 Y28.040)
M68 E2 Q31.563
G4 P0.020
G1 X32.029 Y28.038 F653.0
M68 E2 Q38.492
G1 X31.884 Y28.040 F653.0
M68 E2 Q31.563
G1 X31.827 Y28.040 F653.0
(ROT_RINGS CONT L2 X31.827 Y28.040 -> X31.568 Y28.060)
M68 E2 Q31.563
G4 P0.020
G1 X31.770 Y28.045 F653.0
M68 E2 Q38.492
G1 X31.625 Y28.056 F653.0
M68 E2 Q31.563
G1 X31.568 Y28.060 F653.0
(ROT_RINGS CONT L2 X31.568 Y28.060 -> X31.312 Y28.097)
M68 E2 Q31.563
G4 P0.020
G1 X31.512 Y28.068 F653.0
M68 E2 Q38.492
G1 X31.368 Y28.089 F653.0
M68 E2 Q31.563
G1 X31.312 Y28.097 F653.0
(ROT_RINGS CONT L2 X31.312 Y28.097 -> X31.058 Y28.150)
M68 E2 Q31.563
G4 P0.020
G1 X31.256 Y28.108 F653.0
M68 E2 Q38.492
G1 X31.114 Y28.138 F653.0
M68 E2 Q31.563
G1 X31.058 Y28.150 F653.0
(ROT_RINGS CONT L2 X31.058 Y28.150 -> X30.808 Y28.220)
M68 E2 Q31.563
G4 P0.020
G1 X31.003 Y28.165 F653.0
M68 E2 Q38.492
G1 X30.863 Y28.205 F653.0
M68 E2 Q31.563
G1 X30.808 Y28.220 F653.0
(ROT_RINGS CONT L2 X30.808 Y28.220 -> X30.563 Y28.306)
M68 E2 Q31.563
G4 P0.020
G1 X30.754 Y28.239 F653.0
M68 E2 Q38.492
G1 X30.617 Y28.287 F653.0
M68 E2 Q31.563
G1 X30.563 Y28.306 F653.0
(ROT_RINGS CONT L2 X30.563 Y28.306 -> X30.325 Y28.408)
M68 E2 Q31.563
G4 P0.020
G1 X30.511 Y28.328 F653.0
M68 E2 Q38.492
G1 X30.377 Y28.385 F653.0
M68 E2 Q31.563
G1 X30.325 Y28.408 F653.0
(ROT_RINGS CONT L2 X30.325 Y28.408 -> X30.094 Y28.525)
M68 E2 Q31.563
G4 P0.020
G1 X30.274 Y28.434 F653.0
M68 E2 Q38.492
G1 X30.144 Y28.499 F653.0
M68 E2 Q31.563
G1 X30.094 Y28.525 F653.0
(ROT_RINGS CONT L2 X30.094 Y28.525 -> X29.870 Y28.657)
M68 E2 Q31.563
G4 P0.020
G1 X30.044 Y28.554 F653.0
M68 E2 Q38.492
G1 X29.919 Y28.628 F653.0
M68 E2 Q31.563
G1 X29.870 Y28.657 F653.0
(ROT_RINGS CONT L2 X29.870 Y28.657 -> X29.656 Y28.804)
M68 E2 Q31.563
G4 P0.020
G1 X29.823 Y28.689 F653.0
M68 E2 Q38.492
G1 X29.703 Y28.771 F653.0
M68 E2 Q31.563
G1 X29.656 Y28.804 F653.0
(ROT_RINGS CONT L2 X29.656 Y28.804 -> X29.452 Y28.964)
M68 E2 Q31.563
G4 P0.020
G1 X29.611 Y28.839 F653.0
M68 E2 Q38.492
G1 X29.497 Y28.929 F653.0
M68 E2 Q31.563
G1 X29.452 Y28.964 F653.0
(ROT_RINGS CONT L2 X29.452 Y28.964 -> X29.259 Y29.137)
M68 E2 Q31.563
G4 P0.020
G1 X29.410 Y29.002 F653.0
M68 E2 Q38.492
G1 X29.302 Y29.099 F653.0
M68 E2 Q31.563
G1 X29.259 Y29.137 F653.0
(ROT_RINGS CONT L2 X29.259 Y29.137 -> X29.078 Y29.322)
M68 E2 Q31.563
G4 P0.020
G1 X29.219 Y29.178 F653.0
M68 E2 Q38.492
G1 X29.118 Y29.281 F653.0
M68 E2 Q31.563
G1 X29.078 Y29.322 F653.0
(ROT_RINGS CONT L2 X29.078 Y29.322 -> X28.909 Y29.519)
M68 E2 Q31.563
G4 P0.020
G1 X29.041 Y29.366 F653.0
M68 E2 Q38.492
G1 X28.946 Y29.476 F653.0
M68 E2 Q31.563
G1 X28.909 Y29.519 F653.0
(ROT_RINGS CONT L2 X28.909 Y29.519 -> X28.753 Y29.727)
M68 E2 Q31.563
G4 P0.020
G1 X28.875 Y29.565 F653.0
M68 E2 Q38.492
G1 X28.787 Y29.681 F653.0
M68 E2 Q31.563
G1 X28.753 Y29.727 F653.0
(ROT_RINGS CONT L2 X28.753 Y29.727 -> X28.612 Y29.944)
M68 E2 Q31.563
G4 P0.020
G1 X28.722 Y29.774 F653.0
M68 E2 Q38.492
G1 X28.643 Y29.896 F653.0
M68 E2 Q31.563
G1 X28.612 Y29.944 F653.0
(ROT_RINGS CONT L2 X28.612 Y29.944 -> X28.484 Y30.170)
M68 E2 Q31.563
G4 P0.020
G1 X28.584 Y29.994 F653.0
M68 E2 Q38.492
G1 X28.512 Y30.120 F653.0
M68 E2 Q31.563
G1 X28.484 Y30.170 F653.0
(ROT_RINGS CONT L2 X28.484 Y30.170 -> X28.372 Y30.404)
M68 E2 Q31.563
G4 P0.020
G1 X28.460 Y30.221 F653.0
M68 E2 Q38.492
G1 X28.397 Y30.352 F653.0
M68 E2 Q31.563
G1 X28.372 Y30.404 F653.0
(ROT_RINGS CONT L2 X28.372 Y30.404 -> X28.275 Y30.644)
M68 E2 Q31.563
G4 P0.020
G1 X28.351 Y30.457 F653.0
M68 E2 Q38.492
G1 X28.297 Y30.591 F653.0
M68 E2 Q31.563
G1 X28.275 Y30.644 F653.0
(ROT_RINGS CONT L2 X28.275 Y30.644 -> X28.195 Y30.891)
M68 E2 Q31.563
G4 P0.020
G1 X28.258 Y30.699 F653.0
M68 E2 Q38.492
G1 X28.213 Y30.837 F653.0
M68 E2 Q31.563
G1 X28.195 Y30.891 F653.0
(ROT_RINGS CONT L2 X28.195 Y30.891 -> X28.130 Y31.142)
M68 E2 Q31.563
G4 P0.020
G1 X28.181 Y30.946 F653.0
M68 E2 Q38.492
G1 X28.145 Y31.087 F653.0
M68 E2 Q31.563
G1 X28.130 Y31.142 F653.0
(ROT_RINGS CONT L2 X28.130 Y31.142 -> X28.083 Y31.397)
M68 E2 Q31.563
G4 P0.020
G1 X28.120 Y31.198 F653.0
M68 E2 Q38.492
G1 X28.093 Y31.341 F653.0
M68 E2 Q31.563
G1 X28.083 Y31.397 F653.0
(ROT_RINGS CONT L2 X28.083 Y31.397 -> X28.052 Y31.655)
M68 E2 Q31.563
G4 P0.020
G1 X28.076 Y31.454 F653.0
M68 E2 Q38.492
G1 X28.058 Y31.598 F653.0
M68 E2 Q31.563
G1 X28.052 Y31.655 F653.0
(ROT_RINGS CONT L2 X28.052 Y31.655 -> X28.037 Y31.914)
M68 E2 Q31.563
G4 P0.020
G1 X28.048 Y31.712 F653.0
M68 E2 Q38.492
G1 X28.040 Y31.857 F653.0
M68 E2 Q31.563
G1 X28.037 Y31.914 F653.0
(ROT_RINGS CONT L2 X28.037 Y31.914 -> X28.040 Y32.173)
M68 E2 Q31.563
G4 P0.020
G1 X28.038 Y31.971 F653.0
M68 E2 Q38.492
G1 X28.040 Y32.116 F653.0
M68 E2 Q31.563
G1 X28.040 Y32.173 F653.0
(ROT_RINGS CONT L2 X28.040 Y32.173 -> X28.060 Y32.432)
M68 E2 Q31.563
G4 P0.020
G1 X28.045 Y32.230 F653.0
M68 E2 Q38.492
G1 X28.056 Y32.375 F653.0
M68 E2 Q31.563
G1 X28.060 Y32.432 F653.0
(ROT_RINGS CONT L2 X28.060 Y32.432 -> X28.097 Y32.688)
M68 E2 Q31.563
G4 P0.020
G1 X28.068 Y32.488 F653.0
M68 E2 Q38.492
G1 X28.089 Y32.632 F653.0
M68 E2 Q31.563
G1 X28.097 Y32.688 F653.0
(ROT_RINGS CONT L2 X28.097 Y32.688 -> X28.150 Y32.942)
M68 E2 Q31.563
G4 P0.020
G1 X28.108 Y32.744 F653.0
M68 E2 Q38.492
G1 X28.138 Y32.886 F653.0
M68 E2 Q31.563
G1 X28.150 Y32.942 F653.0
(ROT_RINGS CONT L2 X28.150 Y32.942 -> X28.220 Y33.192)
M68 E2 Q31.563
G4 P0.020
G1 X28.165 Y32.997 F653.0
M68 E2 Q38.492
G1 X28.205 Y33.137 F653.0
M68 E2 Q31.563
G1 X28.220 Y33.192 F653.0
(ROT_RINGS CONT L2 X28.220 Y33.192 -> X28.306 Y33.437)
M68 E2 Q31.563
G4 P0.020
G1 X28.239 Y33.246 F653.0
M68 E2 Q38.492
G1 X28.287 Y33.383 F653.0
M68 E2 Q31.563
G1 X28.306 Y33.437 F653.0
(ROT_RINGS CONT L2 X28.306 Y33.437 -> X28.408 Y33.675)
M68 E2 Q31.563
G4 P0.020
G1 X28.328 Y33.489 F653.0
M68 E2 Q38.492
G1 X28.385 Y33.623 F653.0
M68 E2 Q31.563
G1 X28.408 Y33.675 F653.0
(ROT_RINGS CONT L2 X28.408 Y33.675 -> X28.525 Y33.906)
M68 E2 Q31.563
G4 P0.020
G1 X28.434 Y33.726 F653.0
M68 E2 Q38.492
G1 X28.499 Y33.856 F653.0
M68 E2 Q31.563
G1 X28.525 Y33.906 F653.0
(ROT_RINGS CONT L2 X28.525 Y33.906 -> X28.657 Y34.130)
M68 E2 Q31.563
G4 P0.020
G1 X28.554 Y33.956 F653.0
M68 E2 Q38.492
G1 X28.628 Y34.081 F653.0
M68 E2 Q31.563
G1 X28.657 Y34.130 F653.0
(ROT_RINGS CONT L2 X28.657 Y34.130 -> X28.804 Y34.344)
M68 E2 Q31.563
G4 P0.020
G1 X28.689 Y34.177 F653.0
M68 E2 Q38.492
G1 X28.771 Y34.297 F653.0
M68 E2 Q31.563
G1 X28.804 Y34.344 F653.0
(ROT_RINGS CONT L2 X28.804 Y34.344 -> X28.964 Y34.548)
M68 E2 Q31.563
G4 P0.020
G1 X28.839 Y34.389 F653.0
M68 E2 Q38.492
G1 X28.929 Y34.503 F653.0
M68 E2 Q31.563
G1 X28.964 Y34.548 F653.0
M68 E2 Q0.000
G1 X30.155 Y32.672 F848.9
(ROT_RINGS CONT L2 X30.155 Y32.672 -> X30.115 Y32.549)
M68 E2 Q31.563
G4 P0.020
G1 X30.139 Y32.624 F653.0
M68 E2 Q38.492
G1 X30.130 Y32.597 F653.0
M68 E2 Q31.563
G1 X30.115 Y32.549 F653.0
(ROT_RINGS CONT L2 X30.115 Y32.549 -> X30.083 Y32.425)
M68 E2 Q31.563
G4 P0.020
G1 X30.102 Y32.501 F653.0
M68 E2 Q38.492
G1 X30.095 Y32.473 F653.0
M68 E2 Q31.563
G1 X30.083 Y32.425 F653.0
(ROT_RINGS CONT L2 X30.083 Y32.425 -> X30.059 Y32.299)
M68 E2 Q31.563
G4 P0.020
G1 X30.074 Y32.376 F653.0
M68 E2 Q38.492
G1 X30.069 Y32.348 F653.0
M68 E2 Q31.563
G1 X30.059 Y32.299 F653.0
(ROT_RINGS CONT L2 X30.059 Y32.299 -> X30.044 Y32.171)
M68 E2 Q31.563
G4 P0.020
G1 X30.053 Y32.249 F653.0
M68 E2 Q38.492
G1 X30.050 Y32.221 F653.0
M68 E2 Q31.563
G1 X30.044 Y32.171 F653.0
(ROT_RINGS CONT L2 X30.044 Y32.171 -> X30.037 Y32.043)
M68 E2 Q31.563
G4 P0.020
G1 X30.041 Y32.121 F653.0
M68 E2 Q38.492
G1 X30.040 Y32.093 F653.0
M68 E2 Q31.563
G1 X30.037 Y32.043 F653.0
(ROT_RINGS CONT L2 X30.037 Y32.043 -> X30.038 Y31.914)
M68 E2 Q31.563
G4 P0.020
G1 X30.037 Y31.993 F653.0
M68 E2 Q38.492
G1 X30.038 Y31.964 F653.0
M68 E2 Q31.563
G1 X30.038 Y31.914 F653.0
(ROT_RINGS CONT L2 X30.038 Y31.914 -> X30.048 Y31.786)
M68 E2 Q31.563
G4 P0.020
G1 X30.042 Y31.864 F653.0
M68 E2 Q38.492
G1 X30.044 Y31.836 F653.0
M68 E2 Q31.563
G1 X30.048 Y31.786 F653.0
(ROT_RINGS CONT L2 X30.048 Y31.786 -> X30.066 Y31.659)
M68 E2 Q31.563
G4 P0.020
G1 X30.055 Y31.737 F653.0
M68 E2 Q38.492
G1 X30.059 Y31.709 F653.0
M68 E2 Q31.563
G1 X30.066 Y31.659 F653.0
(ROT_RINGS CONT L2 X30.066 Y31.659 -> X30.093 Y31.533)
M68 E2 Q31.563
G4 P0.020
G1 X30.077 Y31.610 F653.0
M68 E2 Q38.492
G1 X30.082 Y31.582 F653.0
M68 E2 Q31.563
G1 X30.093 Y31.533 F653.0
(ROT_RINGS CONT L2 X30.093 Y31.533 -> X30.127 Y31.410)
M68 E2 Q31.563
G4 P0.020
G1 X30.106 Y31.485 F653.0
M68 E2 Q38.492
G1 X30.114 Y31.458 F653.0
M68 E2 Q31.563
G1 X30.127 Y31.410 F653.0
(ROT_RINGS CONT L2 X30.127 Y31.410 -> X30.170 Y31.288)
M68 E2 Q31.563
G4 P0.020
G1 X30.144 Y31.362 F653.0
M68 E2 Q38.492
G1 X30.153 Y31.335 F653.0
M68 E2 Q31.563
G1 X30.170 Y31.288 F653.0
(ROT_RINGS CONT L2 X30.170 Y31.288 -> X30.220 Y31.170)
M68 E2 Q31.563
G4 P0.020
G1 X30.190 Y31.242 F653.0
M68 E2 Q38.492
G1 X30.201 Y31.216 F653.0
M68 E2 Q31.563
G1 X30.220 Y31.170 F653.0
(ROT_RINGS CONT L2 X30.220 Y31.170 -> X30.278 Y31.056)
M68 E2 Q31.563
G4 P0.020
G1 X30.243 Y31.126 F653.0
M68 E2 Q38.492
G1 X30.256 Y31.100 F653.0
M68 E2 Q31.563
G1 X30.278 Y31.056 F653.0
(ROT_RINGS CONT L2 X30.278 Y31.056 -> X30.344 Y30.945)
M68 E2 Q31.563
G4 P0.020
G1 X30.304 Y31.013 F653.0
M68 E2 Q38.492
G1 X30.318 Y30.988 F653.0
M68 E2 Q31.563
G1 X30.344 Y30.945 F653.0
(ROT_RINGS CONT L2 X30.344 Y30.945 -> X30.416 Y30.839)
M68 E2 Q31.563
G4 P0.020
G1 X30.372 Y30.904 F653.0
M68 E2 Q38.492
G1 X30.388 Y30.880 F653.0
M68 E2 Q31.563
G1 X30.416 Y30.839 F653.0
(ROT_RINGS CONT L2 X30.416 Y30.839 -> X30.496 Y30.738)
M68 E2 Q31.563
G4 P0.020
G1 X30.447 Y30.800 F653.0
M68 E2 Q38.492
G1 X30.465 Y30.777 F653.0
M68 E2 Q31.563
G1 X30.496 Y30.738 F653.0
(ROT_RINGS CONT L2 X30.496 Y30.738 -> X30.582 Y30.642)
M68 E2 Q31.563
G4 P0.020
G1 X30.529 Y30.701 F653.0
M68 E2 Q38.492
G1 X30.548 Y30.679 F653.0
M68 E2 Q31.563
G1 X30.582 Y30.642 F653.0
(ROT_RINGS CONT L2 X30.582 Y30.642 -> X30.673 Y30.552)
M68 E2 Q31.563
G4 P0.020
G1 X30.617 Y30.607 F653.0
M68 E2 Q38.492
G1 X30.638 Y30.587 F653.0
M68 E2 Q31.563
G1 X30.673 Y30.552 F653.0
(ROT_RINGS CONT L2 X30.673 Y30.552 -> X30.771 Y30.469)
M68 E2 Q31.563
G4 P0.020
G1 X30.711 Y30.520 F653.0
M68 E2 Q38.492
G1 X30.733 Y30.501 F653.0
M68 E2 Q31.563
G1 X30.771 Y30.469 F653.0
(ROT_RINGS CONT L2 X30.771 Y30.469 -> X30.874 Y30.392)
M68 E2 Q31.563
G4 P0.020
G1 X30.811 Y30.439 F653.0
M68 E2 Q38.492
G1 X30.834 Y30.422 F653.0
M68 E2 Q31.563
G1 X30.874 Y30.392 F653.0
(ROT_RINGS CONT L2 X30.874 Y30.392 -> X30.981 Y30.321)
M68 E2 Q31.563
G4 P0.020
G1 X30.916 Y30.364 F653.0
M68 E2 Q38.492
G1 X30.939 Y30.349 F653.0
M68 E2 Q31.563
G1 X30.981 Y30.321 F653.0
(ROT_RINGS CONT L2 X30.981 Y30.321 -> X31.093 Y30.258)
M68 E2 Q31.563
G4 P0.020
G1 X31.025 Y30.297 F653.0
M68 E2 Q38.492
G1 X31.050 Y30.283 F653.0
M68 E2 Q31.563
G1 X31.093 Y30.258 F653.0
(ROT_RINGS CONT L2 X31.093 Y30.258 -> X31.209 Y30.203)
M68 E2 Q31.563
G4 P0.020
G1 X31.138 Y30.237 F653.0
M68 E2 Q38.492
G1 X31.164 Y30.224 F653.0
M68 E2 Q31.563
G1 X31.209 Y30.203 F653.0
(ROT_RINGS CONT L2 X31.209 Y30.203 -> X31.328 Y30.155)
M68 E2 Q31.563
G4 P0.020
G1 X31.256 Y30.184 F653.0
M68 E2 Q38.492
G1 X31.282 Y30.173 F653.0
M68 E2 Q31.563
G1 X31.328 Y30.155 F653.0
(ROT_RINGS CONT L2 X31.328 Y30.155 -> X31.451 Y30.115)
M68 E2 Q31.563
G4 P0.020
G1 X31.376 Y30.139 F653.0
M68 E2 Q38.492
G1 X31.403 Y30.130 F653.0
M68 E2 Q31.563
G1 X31.451 Y30.115 F653.0
(ROT_RINGS CONT L2 X31.451 Y30.115 -> X31.575 Y30.083)
M68 E2 Q31.563
G4 P0.020
G1 X31.499 Y30.102 F653.0
M68 E2 Q38.492
G1 X31.527 Y30.095 F653.0
M68 E2 Q31.563
G1 X31.575 Y30.083 F653.0
(ROT_RINGS CONT L2 X31.575 Y30.083 -> X31.701 Y30.059)
M68 E2 Q31.563
G4 P0.020
G1 X31.624 Y30.074 F653.0
M68 E2 Q38.492
G1 X31.652 Y30.069 F653.0
M68 E2 Q31.563
G1 X31.701 Y30.059 F653.0
(ROT_RINGS CONT L2 X31.701 Y30.059 -> X31.829 Y30.044)
M68 E2 Q31.563
G4 P0.020
G1 X31.751 Y30.053 F653.0
M68 E2 Q38.492
G1 X31.779 Y30.050 F653.0
M68 E2 Q31.563
G1 X31.829 Y30.044 F653.0
(ROT_RINGS CONT L2 X31.829 Y30.044 -> X31.957 Y30.037)
M68 E2 Q31.563
G4 P0.020
G1 X31.879 Y30.041 F653.0
M68 E2 Q38.492
G1 X31.907 Y30.040 F653.0
M68 E2 Q31.563
G1 X31.957 Y30.037 F653.0
(ROT_RINGS CONT L2 X31.957 Y30.037 -> X32.086 Y30.038)
M68 E2 Q31.563
G4 P0.020
G1 X32.007 Y30.037 F653.0
M68 E2 Q38.492
G1 X32.036 Y30.038 F653.0
M68 E2 Q31.563
G1 X32.086 Y30.038 F653.0
(ROT_RINGS CONT L2 X32.086 Y30.038 -> X32.214 Y30.048)
M68 E2 Q31.563
G4 P0.020
G1 X32.136 Y30.042 F653.0
M68 E2 Q38.492
G1 X32.164 Y30.044 F653.0
M68 E2 Q31.563
G1 X32.214 Y30.048 F653.0
(ROT_RINGS CONT L2 X32.214 Y30.048 -> X32.341 Y30.066)
M68 E2 Q31.563
G4 P0.020
G1 X32.263 Y30.055 F653.0
M68 E2 Q38.492
G1 X32.291 Y30.059 F653.0
M68 E2 Q31.563
G1 X32.341 Y30.066 F653.0
(ROT_RINGS CONT L2 X32.341 Y30.066 -> X32.467 Y30.093)
M68 E2 Q31.563
G4 P0.020
G1 X32.390 Y30.077 F653.0
M68 E2 Q38.492
G1 X32.418 Y30.082 F653.0
M68 E2 Q31.563
G1 X32.467 Y30.093 F653.0
(ROT_RINGS CONT L2 X32.467 Y30.093 -> X32.590 Y30.127)
M68 E2 Q31.563
G4 P0.020
G1 X32.515 Y30.106 F653.0
M68 E2 Q38.492
G1 X32.542 Y30.114 F653.0
M68 E2 Q31.563
G1 X32.590 Y30.127 F653.0
(ROT_RINGS CONT L2 X32.590 Y30.127 -> X32.712 Y30.170)
M68 E2 Q31.563
G4 P0.020
G1 X32.638 Y30.144 F653.0
M68 E2 Q38.492
G1 X32.665 Y30.153 F653.0
M68 E2 Q31.563
G1 X32.712 Y30.170 F653.0
(ROT_RINGS CONT L2 X32.712 Y30.170 -> X32.830 Y30.220)
M68 E2 Q31.563
G4 P0.020
G1 X32.758 Y30.190 F653.0
M68 E2 Q38.492
G1 X32.784 Y30.201 F653.0
M68 E2 Q31.563
G1 X32.830 Y30.220 F653.0
(ROT_RINGS CONT L2 X32.830 Y30.220 -> X32.944 Y30.278)
M68 E2 Q31.563
G4 P0.020
G1 X32.874 Y30.243 F653.0
M68 E2 Q38.492
G1 X32.900 Y30.256 F653.0
M68 E2 Q31.563
G1 X32.944 Y30.278 F653.0
(ROT_RINGS CONT L2 X32.944 Y30.278 -> X33.055 Y30.344)
M68 E2 Q31.563
G4 P0.020
G1 X32.987 Y30.304 F653.0
M68 E2 Q38.492
G1 X33.012 Y30.318 F653.0
M68 E2 Q31.563
G1 X33.055 Y30.344 F653.0
(ROT_RINGS CONT L2 X33.055 Y30.344 -> X33.161 Y30.416)
M68 E2 Q31.563
G4 P0.020
G1 X33.096 Y30.372 F653.0
M68 E2 Q38.492
G1 X33.120 Y30.388 F653.0
M68 E2 Q31.563
G1 X33.161 Y30.416 F653.0
(ROT_RINGS CONT L2 X33.161 Y30.416 -> X33.262 Y30.496)
M68 E2 Q31.563
G4 P0.020
G1 X33.200 Y30.447 F653.0
M68 E2 Q38.492
G1 X33.223 Y30.465 F653.0
M68 E2 Q31.563
G1 X33.262 Y30.496 F653.0
(ROT_RINGS CONT L2 X33.262 Y30.496 -> X33.358 Y30.582)
M68 E2 Q31.563
G4 P0.020
G1 X33.299 Y30.529 F653.0
M68 E2 Q38.492
G1 X33.321 Y30.548 F653.0
M68 E2 Q31.563
G1 X33.358 Y30.582 F653.0
(ROT_RINGS CONT L2 X33.358 Y30.582 -> X33.448 Y30.673)
M68 E2 Q31.563
G4 P0.020
G1 X33.393 Y30.617 F653.0
M68 E2 Q38.492
G1 X33.413 Y30.638 F653.0
M68 E2 Q31.563
G1 X33.448 Y30.673 F653.0
(ROT_RINGS CONT L2 X33.448 Y30.673 -> X33.531 Y30.771)
M68 E2 Q31.563
G4 P0.020
G1 X33.480 Y30.711 F653.0
M68 E2 Q38.492
G1 X33.499 Y30.733 F653.0
M68 E2 Q31.563
G1 X33.531 Y30.771 F653.0
(ROT_RINGS CONT L2 X33.531 Y30.771 -> X33.608 Y30.874)
M68 E2 Q31.563
G4 P0.020
G1 X33.561 Y30.811 F653.0
M68 E2 Q38.492
G1 X33.578 Y30.834 F653.0
M68 E2 Q31.563
G1 X33.608 Y30.874 F653.0
(ROT_RINGS CONT L2 X33.608 Y30.874 -> X33.679 Y30.981)
M68 E2 Q31.563
G4 P0.020
G1 X33.636 Y30.916 F653.0
M68 E2 Q38.492
G1 X33.651 Y30.939 F653.0
M68 E2 Q31.563
G1 X33.679 Y30.981 F653.0
(ROT_RINGS CONT L2 X33.679 Y30.981 -> X33.742 Y31.093)
M68 E2 Q31.563
G4 P0.020
G1 X33.703 Y31.025 F653.0
M68 E2 Q38.492
G1 X33.717 Y31.050 F653.0
M68 E2 Q31.563
G1 X33.742 Y31.093 F653.0
(ROT_RINGS CONT L2 X33.742 Y31.093 -> X33.797 Y31.209)
M68 E2 Q31.563
G4 P0.020
G1 X33.763 Y31.138 F653.0
M68 E2 Q38.492
G1 X33.776 Y31.164 F653.0
M68 E2 Q31.563
G1 X33.797 Y31.209 F653.0
(ROT_RINGS CONT L2 X33.797 Y31.209 -> X33.845 Y31.328)
M68 E2 Q31.563
G4 P0.020
G1 X33.816 Y31.256 F653.0
M68 E2 Q38.492
G1 X33.827 Y31.282 F653.0
M68 E2 Q31.563
G1 X33.845 Y31.328 F653.0
(ROT_RINGS CONT L2 X33.845 Y31.328 -> X33.885 Y31.451)
M68 E2 Q31.563
G4 P0.020
G1 X33.861 Y31.376 F653.0
M68 E2 Q38.492
G1 X33.870 Y31.403 F653.0
M68 E2 Q31.563
G1 X33.885 Y31.451 F653.0
(ROT_RINGS CONT L2 X33.885 Y31.451 -> X33.917 Y31.575)
M68 E2 Q31.563
G4 P0.020
G1 X33.898 Y31.499 F653.0
M68 E2 Q38.492
G1 X33.905 Y31.527 F653.0
M68 E2 Q31.563
G1 X33.917 Y31.575 F653.0
(ROT_RINGS CONT L2 X33.917 Y31.575 -> X33.941 Y31.701)
M68 E2 Q31.563
G4 P0.020
G1 X33.926 Y31.624 F653.0
M68 E2 Q38.492
G1 X33.931 Y31.652 F653.0
M68 E2 Q31.563
G1 X33.941 Y31.701 F653.0
(ROT_RINGS CONT L2 X33.941 Y31.701 -> X33.956 Y31.829)
M68 E2 Q31.563
G4 P0.020
G1 X33.947 Y31.751 F653.0
M68 E2 Q38.492
G1 X33.950 Y31.779 F653.0
M68 E2 Q31.563
G1 X33.956 Y31.829 F653.0
(ROT_RINGS CONT L2 X33.956 Y31.829 -> X33.963 Y31.957)
M68 E2 Q31.563
G4 P0.020
G1 X33.959 Y31.879 F653.0
M68 E2 Q38.492
G1 X33.960 Y31.907 F653.0
M68 E2 Q31.563
G1 X33.963 Y31.957 F653.0
(ROT_RINGS CONT L2 X33.963 Y31.957 -> X33.962 Y32.086)
M68 E2 Q31.563
G4 P0.020
G1 X33.963 Y32.007 F653.0
M68 E2 Q38.492
G1 X33.962 Y32.036 F653.0
M68 E2 Q31.563
G1 X33.962 Y32.086 F653.0
(ROT_RINGS CONT L2 X33.962 Y32.086 -> X33.952 Y32.214)
M68 E2 Q31.563
G4 P0.020
G1 X33.958 Y32.136 F653.0
M68 E2 Q38.492
G1 X33.956 Y32.164 F653.0
M68 E2 Q31.563
G1 X33.952 Y32.214 F653.0
(ROT_RINGS CONT L2 X33.952 Y32.214 -> X33.934 Y32.341)
M68 E2 Q31.563
G4 P0.020
G1 X33.945 Y32.263 F653.0
M68 E2 Q38.492
G1 X33.941 Y32.291 F653.0
M68 E2 Q31.563
G1 X33.934 Y32.341 F653.0
(ROT_RINGS CONT L2 X33.934 Y32.341 -> X33.907 Y32.467)
M68 E2 Q31.563
G4 P0.020
G1 X33.923 Y32.390 F653.0
M68 E2 Q38.492
G1 X33.918 Y32.418 F653.0
M68 E2 Q31.563
G1 X33.907 Y32.467 F653.0
(ROT_RINGS CONT L2 X33.907 Y32.467 -> X33.873 Y32.590)
M68 E2 Q31.563
G4 P0.020
G1 X33.894 Y32.515 F653.0
M68 E2 Q38.492
G1 X33.886 Y32.542 F653.0
M68 E2 Q31.563
G1 X33.873 Y32.590 F653.0
(ROT_RINGS CONT L2 X33.873 Y32.590 -> X33.830 Y32.712)
M68 E2 Q31.563
G4 P0.020
G1 X33.856 Y32.638 F653.0
M68 E2 Q38.492
G1 X33.847 Y32.665 F653.0
M68 E2 Q31.563
G1 X33.830 Y32.712 F653.0
(ROT_RINGS CONT L2 X33.830 Y32.712 -> X33.780 Y32.830)
M68 E2 Q31.563
G4 P0.020
G1 X33.810 Y32.758 F653.0
M68 E2 Q38.492
G1 X33.799 Y32.784 F653.0
M68 E2 Q31.563
G1 X33.780 Y32.830 F653.0
(ROT_RINGS CONT L2 X33.780 Y32.830 -> X33.722 Y32.944)
M68 E2 Q31.563
G4 P0.020
G1 X33.757 Y32.874 F653.0
M68 E2 Q38.492
G1 X33.744 Y32.900 F653.0
M68 E2 Q31.563
G1 X33.722 Y32.944 F653.0
(ROT_RINGS CONT L2 X33.722 Y32.944 -> X33.656 Y33.055)
M68 E2 Q31.563
G4 P0.020
G1 X33.696 Y32.987 F653.0
M68 E2 Q38.492
G1 X33.682 Y33.012 F653.0
M68 E2 Q31.563
G1 X33.656 Y33.055 F653.0
(ROT_RINGS CONT L2 X33.656 Y33.055 -> X33.584 Y33.161)
M68 E2 Q31.563
G4 P0.020
G1 X33.628 Y33.096 F653.0
M68 E2 Q38.492
G1 X33.612 Y33.120 F653.0
M68 E2 Q31.563
G1 X33.584 Y33.161 F653.0
(ROT_RINGS CONT L2 X33.584 Y33.161 -> X33.504 Y33.262)
M68 E2 Q31.563
G4 P0.020
G1 X33.553 Y33.200 F653.0
M68 E2 Q38.492
G1 X33.535 Y33.223 F653.0
M68 E2 Q31.563
G1 X33.504 Y33.262 F653.0
(ROT_RINGS CONT L2 X33.504 Y33.262 -> X33.418 Y33.358)
M68 E2 Q31.563
G4 P0.020
G1 X33.471 Y33.299 F653.0
M68 E2 Q38.492
G1 X33.452 Y33.321 F653.0
M68 E2 Q31.563
G1 X33.418 Y33.358 F653.0
(ROT_RINGS CONT L2 X33.418 Y33.358 -> X33.327 Y33.448)
M68 E2 Q31.563
G4 P0.020
G1 X33.383 Y33.393 F653.0
M68 E2 Q38.492
G1 X33.362 Y33.413 F653.0
M68 E2 Q31.563
G1 X33.327 Y33.448 F653.0
(ROT_RINGS CONT L2 X33.327 Y33.448 -> X33.229 Y33.531)
M68 E2 Q31.563
G4 P0.020
G1 X33.289 Y33.480 F653.0
M68 E2 Q38.492
G1 X33.267 Y33.499 F653.0
M68 E2 Q31.563
G1 X33.229 Y33.531 F653.0
(ROT_RINGS CONT L2 X33.229 Y33.531 -> X33.126 Y33.608)
M68 E2 Q31.563
G4 P0.020
G1 X33.189 Y33.561 F653.0
M68 E2 Q38.492
G1 X33.166 Y33.578 F653.0
M68 E2 Q31.563
G1 X33.126 Y33.608 F653.0
(ROT_RINGS CONT L2 X33.126 Y33.608 -> X33.019 Y33.679)
M68 E2 Q31.563
G4 P0.020
G1 X33.084 Y33.636 F653.0
M68 E2 Q38.492
G1 X33.061 Y33.651 F653.0
M68 E2 Q31.563
G1 X33.019 Y33.679 F653.0
(ROT_RINGS CONT L2 X33.019 Y33.679 -> X32.907 Y33.742)
M68 E2 Q31.563
G4 P0.020
G1 X32.975 Y33.703 F653.0
M68 E2 Q38.492
G1 X32.950 Y33.717 F653.0
M68 E2 Q31.563
G1 X32.907 Y33.742 F653.0
(ROT_RINGS CONT L2 X32.907 Y33.742 -> X32.791 Y33.797)
M68 E2 Q31.563
G4 P0.020
G1 X32.862 Y33.763 F653.0
M68 E2 Q38.492
G1 X32.836 Y33.776 F653.0
M68 E2 Q31.563
G1 X32.791 Y33.797 F653.0
(ROT_RINGS CONT L2 X32.791 Y33.797 -> X32.672 Y33.845)
M68 E2 Q31.563
G4 P0.020
G1 X32.744 Y33.816 F653.0
M68 E2 Q38.492
G1 X32.718 Y33.827 F653.0
M68 E2 Q31.563
G1 X32.672 Y33.845 F653.0
(ROT_RINGS CONT L2 X32.672 Y33.845 -> X32.549 Y33.885)
M68 E2 Q31.563
G4 P0.020
G1 X32.624 Y33.861 F653.0
M68 E2 Q38.492
G1 X32.597 Y33.870 F653.0
M68 E2 Q31.563
G1 X32.549 Y33.885 F653.0
(ROT_RINGS CONT L2 X32.549 Y33.885 -> X32.425 Y33.917)
M68 E2 Q31.563
G4 P0.020
G1 X32.501 Y33.898 F653.0
M68 E2 Q38.492
G1 X32.473 Y33.905 F653.0
M68 E2 Q31.563
G1 X32.425 Y33.917 F653.0
(ROT_RINGS CONT L2 X32.425 Y33.917 -> X32.299 Y33.941)
M68 E2 Q31.563
G4 P0.020
G1 X32.376 Y33.926 F653.0
M68 E2 Q38.492
G1 X32.348 Y33.931 F653.0
M68 E2 Q31.563
G1 X32.299 Y33.941 F653.0
(ROT_RINGS CONT L2 X32.299 Y33.941 -> X32.171 Y33.956)
M68 E2 Q31.563
G4 P0.020
G1 X32.249 Y33.947 F653.0
M68 E2 Q38.492
G1 X32.221 Y33.950 F653.0
M68 E2 Q31.563
G1 X32.171 Y33.956 F653.0
(ROT_RINGS CONT L2 X32.171 Y33.956 -> X32.043 Y33.963)
M68 E2 Q31.563
G4 P0.020
G1 X32.121 Y33.959 F653.0
M68 E2 Q38.492
G1 X32.093 Y33.960 F653.0
M68 E2 Q31.563
G1 X32.043 Y33.963 F653.0
(ROT_RINGS CONT L2 X32.043 Y33.963 -> X31.914 Y33.962)
M68 E2 Q31.563
G4 P0.020
G1 X31.993 Y33.963 F653.0
M68 E2 Q38.492
G1 X31.964 Y33.962 F653.0
M68 E2 Q31.563
G1 X31.914 Y33.962 F653.0
(ROT_RINGS CONT L2 X31.914 Y33.962 -> X31.786 Y33.952)
M68 E2 Q31.563
G4 P0.020
G1 X31.864 Y33.958 F653.0
M68 E2 Q38.492
G1 X31.836 Y33.956 F653.0
M68 E2 Q31.563
G1 X31.786 Y33.952 F653.0
(ROT_RINGS CONT L2 X31.786 Y33.952 -> X31.659 Y33.934)
M68 E2 Q31.563
G4 P0.020
G1 X31.737 Y33.945 F653.0
M68 E2 Q38.492
G1 X31.709 Y33.941 F653.0
M68 E2 Q31.563
G1 X31.659 Y33.934 F653.0
(ROT_RINGS CONT L2 X31.659 Y33.934 -> X31.533 Y33.907)
M68 E2 Q31.563
G4 P0.020
G1 X31.610 Y33.923 F653.0
M68 E2 Q38.492
G1 X31.582 Y33.918 F653.0
M68 E2 Q31.563
G1 X31.533 Y33.907 F653.0
(ROT_RINGS CONT L2 X31.533 Y33.907 -> X31.410 Y33.873)
M68 E2 Q31.563
G4 P0.020
G1 X31.485 Y33.894 F653.0
M68 E2 Q38.492
G1 X31.458 Y33.886 F653.0
M68 E2 Q31.563
G1 X31.410 Y33.873 F653.0
(ROT_RINGS CONT L2 X31.410 Y33.873 -> X31.288 Y33.830)
M68 E2 Q31.563
G4 P0.020
G1 X31.362 Y33.856 F653.0
M68 E2 Q38.492
G1 X31.335 Y33.847 F653.0
M68 E2 Q31.563
G1 X31.288 Y33.830 F653.0
(ROT_RINGS CONT L2 X31.288 Y33.830 -> X31.170 Y33.780)
M68 E2 Q31.563
G4 P0.020
G1 X31.242 Y33.810 F653.0
M68 E2 Q38.492
G1 X31.216 Y33.799 F653.0
M68 E2 Q31.563
G1 X31.170 Y33.780 F653.0
(ROT_RINGS CONT L2 X31.170 Y33.780 -> X31.056 Y33.722)
M68 E2 Q31.563
G4 P0.020
G1 X31.126 Y33.757 F653.0
M68 E2 Q38.492
G1 X31.100 Y33.744 F653.0
M68 E2 Q31.563
G1 X31.056 Y33.722 F653.0
(ROT_RINGS CONT L2 X31.056 Y33.722 -> X30.945 Y33.656)
M68 E2 Q31.563
G4 P0.020
G1 X31.013 Y33.696 F653.0
M68 E2 Q38.492
G1 X30.988 Y33.682 F653.0
M68 E2 Q31.563
G1 X30.945 Y33.656 F653.0
(ROT_RINGS CONT L2 X30.945 Y33.656 -> X30.839 Y33.584)
M68 E2 Q31.563
G4 P0.020
G1 X30.904 Y33.628 F653.0
M68 E2 Q38.492
G1 X30.880 Y33.612 F653.0
M68 E2 Q31.563
G1 X30.839 Y33.584 F653.0
(ROT_RINGS CONT L2 X30.839 Y33.584 -> X30.738 Y33.504)
M68 E2 Q31.563
G4 P0.020
G1 X30.800 Y33.553 F653.0
M68 E2 Q38.492
G1 X30.777 Y33.535 F653.0
M68 E2 Q31.563
G1 X30.738 Y33.504 F653.0
(ROT_RINGS CONT L2 X30.738 Y33.504 -> X30.642 Y33.418)
M68 E2 Q31.563
G4 P0.020
G1 X30.701 Y33.471 F653.0
M68 E2 Q38.492
G1 X30.679 Y33.452 F653.0
M68 E2 Q31.563
G1 X30.642 Y33.418 F653.0
(ROT_RINGS CONT L2 X30.642 Y33.418 -> X30.552 Y33.327)
M68 E2 Q31.563
G4 P0.020
G1 X30.607 Y33.383 F653.0
M68 E2 Q38.492
G1 X30.587 Y33.362 F653.0
M68 E2 Q31.563
G1 X30.552 Y33.327 F653.0
(ROT_RINGS CONT L2 X30.552 Y33.327 -> X30.469 Y33.229)
M68 E2 Q31.563
G4 P0.020
G1 X30.520 Y33.289 F653.0
M68 E2 Q38.492
G1 X30.501 Y33.267 F653.0
M68 E2 Q31.563
G1 X30.469 Y33.229 F653.0
(ROT_RINGS CONT L2 X30.469 Y33.229 -> X30.392 Y33.126)
M68 E2 Q31.563
G4 P0.020
G1 X30.439 Y33.189 F653.0
M68 E2 Q38.492
G1 X30.422 Y33.166 F653.0
M68 E2 Q31.563
G1 X30.392 Y33.126 F653.0
(ROT_RINGS CONT L2 X30.392 Y33.126 -> X30.321 Y33.019)
M68 E2 Q31.563
G4 P0.020
G1 X30.364 Y33.084 F653.0
M68 E2 Q38.492
G1 X30.349 Y33.061 F653.0
M68 E2 Q31.563
G1 X30.321 Y33.019 F653.0
(ROT_RINGS CONT L2 X30.321 Y33.019 -> X30.258 Y32.907)
M68 E2 Q31.563
G4 P0.020
G1 X30.297 Y32.975 F653.0
M68 E2 Q38.492
G1 X30.283 Y32.950 F653.0
M68 E2 Q31.563
G1 X30.258 Y32.907 F653.0
(ROT_RINGS CONT L2 X30.258 Y32.907 -> X30.203 Y32.791)
M68 E2 Q31.563
G4 P0.020
G1 X30.237 Y32.862 F653.0
M68 E2 Q38.492
G1 X30.224 Y32.836 F653.0
M68 E2 Q31.563
G1 X30.203 Y32.791 F653.0
(ROT_RINGS CONT L2 X30.203 Y32.791 -> X30.155 Y32.672)
M68 E2 Q31.563
G4 P0.020
G1 X30.184 Y32.744 F653.0
M68 E2 Q38.492
G1 X30.173 Y32.718 F653.0
M68 E2 Q31.563
G1 X30.155 Y32.672 F653.0
M68 E2 Q0.000
G4 P0.030
M68 E0 Q0.000
G0 Z9.000
G4 P0.118 (layer thermal stabilization)
(--- LAYER 3/5 Z=4.000 ROTATIONAL_RINGS I=28.427 F=656.0 WIRE=38.669 SEG=192 ---)
(--- CONTINUOUS ROT_RINGS PASS L3: 192 lines, beam stays ON ---)
G0 Z11.000
G0 X32.000 Y44.498
G1 Z4.000 F240.0
M68 E0 Q28.427
G4 P0.030
(ROT_RINGS CONT L3 X32.000 Y44.498 -> X31.183 Y44.471)
M68 E2 Q31.708
G4 P0.020
G1 X31.820 Y44.492 F656.0
M68 E2 Q38.669
G1 X31.362 Y44.477 F656.0
M68 E2 Q31.708
G1 X31.183 Y44.471 F656.0
(ROT_RINGS CONT L3 X31.183 Y44.471 -> X30.369 Y44.391)
M68 E2 Q31.708
G4 P0.020
G1 X31.004 Y44.454 F656.0
M68 E2 Q38.669
G1 X30.548 Y44.409 F656.0
M68 E2 Q31.708
G1 X30.369 Y44.391 F656.0
(ROT_RINGS CONT L3 X30.369 Y44.391 -> X29.562 Y44.258)
M68 E2 Q31.708
G4 P0.020
G1 X30.191 Y44.362 F656.0
M68 E2 Q38.669
G1 X29.739 Y44.287 F656.0
M68 E2 Q31.708
G1 X29.562 Y44.258 F656.0
(ROT_RINGS CONT L3 X29.562 Y44.258 -> X28.765 Y44.072)
M68 E2 Q31.708
G4 P0.020
G1 X29.387 Y44.217 F656.0
M68 E2 Q38.669
G1 X28.940 Y44.113 F656.0
M68 E2 Q31.708
G1 X28.765 Y44.072 F656.0
(ROT_RINGS CONT L3 X28.765 Y44.072 -> X27.983 Y43.835)
M68 E2 Q31.708
G4 P0.020
G1 X28.593 Y44.020 F656.0
M68 E2 Q38.669
G1 X28.155 Y43.887 F656.0
M68 E2 Q31.708
G1 X27.983 Y43.835 F656.0
(ROT_RINGS CONT L3 X27.983 Y43.835 -> X27.217 Y43.547)
M68 E2 Q31.708
G4 P0.020
G1 X27.814 Y43.771 F656.0
M68 E2 Q38.669
G1 X27.386 Y43.610 F656.0
M68 E2 Q31.708
G1 X27.217 Y43.547 F656.0
(ROT_RINGS CONT L3 X27.217 Y43.547 -> X26.472 Y43.209)
M68 E2 Q31.708
G4 P0.020
G1 X27.053 Y43.473 F656.0
M68 E2 Q38.669
G1 X26.636 Y43.283 F656.0
M68 E2 Q31.708
G1 X26.472 Y43.209 F656.0
(ROT_RINGS CONT L3 X26.472 Y43.209 -> X25.751 Y42.824)
M68 E2 Q31.708
G4 P0.020
G1 X26.314 Y43.124 F656.0
M68 E2 Q38.669
G1 X25.910 Y42.909 F656.0
M68 E2 Q31.708
G1 X25.751 Y42.824 F656.0
(ROT_RINGS CONT L3 X25.751 Y42.824 -> X25.056 Y42.392)
M68 E2 Q31.708
G4 P0.020
G1 X25.598 Y42.729 F656.0
M68 E2 Q38.669
G1 X25.209 Y42.487 F656.0
M68 E2 Q31.708
G1 X25.056 Y42.392 F656.0
(ROT_RINGS CONT L3 X25.056 Y42.392 -> X24.392 Y41.915)
M68 E2 Q31.708
G4 P0.020
G1 X24.910 Y42.287 F656.0
M68 E2 Q38.669
G1 X24.538 Y42.020 F656.0
M68 E2 Q31.708
G1 X24.392 Y41.915 F656.0
(ROT_RINGS CONT L3 X24.392 Y41.915 -> X23.759 Y41.397)
M68 E2 Q31.708
G4 P0.020
G1 X24.253 Y41.801 F656.0
M68 E2 Q38.669
G1 X23.899 Y41.511 F656.0
M68 E2 Q31.708
G1 X23.759 Y41.397 F656.0
(ROT_RINGS CONT L3 X23.759 Y41.397 -> X23.162 Y40.838)
M68 E2 Q31.708
G4 P0.020
G1 X23.628 Y41.274 F656.0
M68 E2 Q38.669
G1 X23.294 Y40.961 F656.0
M68 E2 Q31.708
G1 X23.162 Y40.838 F656.0
(ROT_RINGS CONT L3 X23.162 Y40.838 -> X22.603 Y40.241)
M68 E2 Q31.708
G4 P0.020
G1 X23.039 Y40.706 F656.0
M68 E2 Q38.669
G1 X22.726 Y40.372 F656.0
M68 E2 Q31.708
G1 X22.603 Y40.241 F656.0
(ROT_RINGS CONT L3 X22.603 Y40.241 -> X22.085 Y39.608)
M68 E2 Q31.708
G4 P0.020
G1 X22.489 Y40.101 F656.0
M68 E2 Q38.669
G1 X22.199 Y39.747 F656.0
M68 E2 Q31.708
G1 X22.085 Y39.608 F656.0
(ROT_RINGS CONT L3 X22.085 Y39.608 -> X21.608 Y38.944)
M68 E2 Q31.708
G4 P0.020
G1 X21.980 Y39.462 F656.0
M68 E2 Q38.669
G1 X21.713 Y39.090 F656.0
M68 E2 Q31.708
G1 X21.608 Y38.944 F656.0
(ROT_RINGS CONT L3 X21.608 Y38.944 -> X21.176 Y38.249)
M68 E2 Q31.708
G4 P0.020
G1 X21.513 Y38.791 F656.0
M68 E2 Q38.669
G1 X21.271 Y38.402 F656.0
M68 E2 Q31.708
G1 X21.176 Y38.249 F656.0
(ROT_RINGS CONT L3 X21.176 Y38.249 -> X20.791 Y37.528)
M68 E2 Q31.708
G4 P0.020
G1 X21.091 Y38.090 F656.0
M68 E2 Q38.669
G1 X20.876 Y37.686 F656.0
M68 E2 Q31.708
G1 X20.791 Y37.528 F656.0
(ROT_RINGS CONT L3 X20.791 Y37.528 -> X20.453 Y36.783)
M68 E2 Q31.708
G4 P0.020
G1 X20.717 Y37.364 F656.0
M68 E2 Q38.669
G1 X20.527 Y36.947 F656.0
M68 E2 Q31.708
G1 X20.453 Y36.783 F656.0
(ROT_RINGS CONT L3 X20.453 Y36.783 -> X20.165 Y36.017)
M68 E2 Q31.708
G4 P0.020
G1 X20.390 Y36.614 F656.0
M68 E2 Q38.669
G1 X20.229 Y36.186 F656.0
M68 E2 Q31.708
G1 X20.165 Y36.017 F656.0
(ROT_RINGS CONT L3 X20.165 Y36.017 -> X19.928 Y35.235)
M68 E2 Q31.708
G4 P0.020
G1 X20.113 Y35.845 F656.0
M68 E2 Q38.669
G1 X19.980 Y35.407 F656.0
M68 E2 Q31.708
G1 X19.928 Y35.235 F656.0
(ROT_RINGS CONT L3 X19.928 Y35.235 -> X19.742 Y34.438)
M68 E2 Q31.708
G4 P0.020
G1 X19.887 Y35.060 F656.0
M68 E2 Q38.669
G1 X19.783 Y34.613 F656.0
M68 E2 Q31.708
G1 X19.742 Y34.438 F656.0
(ROT_RINGS CONT L3 X19.742 Y34.438 -> X19.609 Y33.631)
M68 E2 Q31.708
G4 P0.020
G1 X19.713 Y34.261 F656.0
M68 E2 Q38.669
G1 X19.638 Y33.809 F656.0
M68 E2 Q31.708
G1 X19.609 Y33.631 F656.0
(ROT_RINGS CONT L3 X19.609 Y33.631 -> X19.529 Y32.817)
M68 E2 Q31.708
G4 P0.020
G1 X19.591 Y33.452 F656.0
M68 E2 Q38.669
G1 X19.546 Y32.996 F656.0
M68 E2 Q31.708
G1 X19.529 Y32.817 F656.0
(ROT_RINGS CONT L3 X19.529 Y32.817 -> X19.502 Y32.000)
M68 E2 Q31.708
G4 P0.020
G1 X19.523 Y32.638 F656.0
M68 E2 Q38.669
G1 X19.508 Y32.180 F656.0
M68 E2 Q31.708
G1 X19.502 Y32.000 F656.0
(ROT_RINGS CONT L3 X19.502 Y32.000 -> X19.529 Y31.183)
M68 E2 Q31.708
G4 P0.020
G1 X19.508 Y31.820 F656.0
M68 E2 Q38.669
G1 X19.523 Y31.362 F656.0
M68 E2 Q31.708
G1 X19.529 Y31.183 F656.0
(ROT_RINGS CONT L3 X19.529 Y31.183 -> X19.609 Y30.369)
M68 E2 Q31.708
G4 P0.020
G1 X19.546 Y31.004 F656.0
M68 E2 Q38.669
G1 X19.591 Y30.548 F656.0
M68 E2 Q31.708
G1 X19.609 Y30.369 F656.0
(ROT_RINGS CONT L3 X19.609 Y30.369 -> X19.742 Y29.562)
M68 E2 Q31.708
G4 P0.020
G1 X19.638 Y30.191 F656.0
M68 E2 Q38.669
G1 X19.713 Y29.739 F656.0
M68 E2 Q31.708
G1 X19.742 Y29.562 F656.0
(ROT_RINGS CONT L3 X19.742 Y29.562 -> X19.928 Y28.765)
M68 E2 Q31.708
G4 P0.020
G1 X19.783 Y29.387 F656.0
M68 E2 Q38.669
G1 X19.887 Y28.940 F656.0
M68 E2 Q31.708
G1 X19.928 Y28.765 F656.0
(ROT_RINGS CONT L3 X19.928 Y28.765 -> X20.165 Y27.983)
M68 E2 Q31.708
G4 P0.020
G1 X19.980 Y28.593 F656.0
M68 E2 Q38.669
G1 X20.113 Y28.155 F656.0
M68 E2 Q31.708
G1 X20.165 Y27.983 F656.0
(ROT_RINGS CONT L3 X20.165 Y27.983 -> X20.453 Y27.217)
M68 E2 Q31.708
G4 P0.020
G1 X20.229 Y27.814 F656.0
M68 E2 Q38.669
G1 X20.390 Y27.386 F656.0
M68 E2 Q31.708
G1 X20.453 Y27.217 F656.0
(ROT_RINGS CONT L3 X20.453 Y27.217 -> X20.791 Y26.472)
M68 E2 Q31.708
G4 P0.020
G1 X20.527 Y27.053 F656.0
M68 E2 Q38.669
G1 X20.717 Y26.636 F656.0
M68 E2 Q31.708
G1 X20.791 Y26.472 F656.0
(ROT_RINGS CONT L3 X20.791 Y26.472 -> X21.176 Y25.751)
M68 E2 Q31.708
G4 P0.020
G1 X20.876 Y26.314 F656.0
M68 E2 Q38.669
G1 X21.091 Y25.910 F656.0
M68 E2 Q31.708
G1 X21.176 Y25.751 F656.0
(ROT_RINGS CONT L3 X21.176 Y25.751 -> X21.608 Y25.056)
M68 E2 Q31.708
G4 P0.020
G1 X21.271 Y25.598 F656.0
M68 E2 Q38.669
G1 X21.513 Y25.209 F656.0
M68 E2 Q31.708
G1 X21.608 Y25.056 F656.0
(ROT_RINGS CONT L3 X21.608 Y25.056 -> X22.085 Y24.392)
M68 E2 Q31.708
G4 P0.020
G1 X21.713 Y24.910 F656.0
M68 E2 Q38.669
G1 X21.980 Y24.538 F656.0
M68 E2 Q31.708
G1 X22.085 Y24.392 F656.0
(ROT_RINGS CONT L3 X22.085 Y24.392 -> X22.603 Y23.759)
M68 E2 Q31.708
G4 P0.020
G1 X22.199 Y24.253 F656.0
M68 E2 Q38.669
G1 X22.489 Y23.899 F656.0
M68 E2 Q31.708
G1 X22.603 Y23.759 F656.0
(ROT_RINGS CONT L3 X22.603 Y23.759 -> X23.162 Y23.162)
M68 E2 Q31.708
G4 P0.020
G1 X22.726 Y23.628 F656.0
M68 E2 Q38.669
G1 X23.039 Y23.294 F656.0
M68 E2 Q31.708
G1 X23.162 Y23.162 F656.0
(ROT_RINGS CONT L3 X23.162 Y23.162 -> X23.759 Y22.603)
M68 E2 Q31.708
G4 P0.020
G1 X23.294 Y23.039 F656.0
M68 E2 Q38.669
G1 X23.628 Y22.726 F656.0
M68 E2 Q31.708
G1 X23.759 Y22.603 F656.0
(ROT_RINGS CONT L3 X23.759 Y22.603 -> X24.392 Y22.085)
M68 E2 Q31.708
G4 P0.020
G1 X23.899 Y22.489 F656.0
M68 E2 Q38.669
G1 X24.253 Y22.199 F656.0
M68 E2 Q31.708
G1 X24.392 Y22.085 F656.0
(ROT_RINGS CONT L3 X24.392 Y22.085 -> X25.056 Y21.608)
M68 E2 Q31.708
G4 P0.020
G1 X24.538 Y21.980 F656.0
M68 E2 Q38.669
G1 X24.910 Y21.713 F656.0
M68 E2 Q31.708
G1 X25.056 Y21.608 F656.0
(ROT_RINGS CONT L3 X25.056 Y21.608 -> X25.751 Y21.176)
M68 E2 Q31.708
G4 P0.020
G1 X25.209 Y21.513 F656.0
M68 E2 Q38.669
G1 X25.598 Y21.271 F656.0
M68 E2 Q31.708
G1 X25.751 Y21.176 F656.0
(ROT_RINGS CONT L3 X25.751 Y21.176 -> X26.472 Y20.791)
M68 E2 Q31.708
G4 P0.020
G1 X25.910 Y21.091 F656.0
M68 E2 Q38.669
G1 X26.314 Y20.876 F656.0
M68 E2 Q31.708
G1 X26.472 Y20.791 F656.0
(ROT_RINGS CONT L3 X26.472 Y20.791 -> X27.217 Y20.453)
M68 E2 Q31.708
G4 P0.020
G1 X26.636 Y20.717 F656.0
M68 E2 Q38.669
G1 X27.053 Y20.527 F656.0
M68 E2 Q31.708
G1 X27.217 Y20.453 F656.0
(ROT_RINGS CONT L3 X27.217 Y20.453 -> X27.983 Y20.165)
M68 E2 Q31.708
G4 P0.020
G1 X27.386 Y20.390 F656.0
M68 E2 Q38.669
G1 X27.814 Y20.229 F656.0
M68 E2 Q31.708
G1 X27.983 Y20.165 F656.0
(ROT_RINGS CONT L3 X27.983 Y20.165 -> X28.765 Y19.928)
M68 E2 Q31.708
G4 P0.020
G1 X28.155 Y20.113 F656.0
M68 E2 Q38.669
G1 X28.593 Y19.980 F656.0
M68 E2 Q31.708
G1 X28.765 Y19.928 F656.0
(ROT_RINGS CONT L3 X28.765 Y19.928 -> X29.562 Y19.742)
M68 E2 Q31.708
G4 P0.020
G1 X28.940 Y19.887 F656.0
M68 E2 Q38.669
G1 X29.387 Y19.783 F656.0
M68 E2 Q31.708
G1 X29.562 Y19.742 F656.0
(ROT_RINGS CONT L3 X29.562 Y19.742 -> X30.369 Y19.609)
M68 E2 Q31.708
G4 P0.020
G1 X29.739 Y19.713 F656.0
M68 E2 Q38.669
G1 X30.191 Y19.638 F656.0
M68 E2 Q31.708
G1 X30.369 Y19.609 F656.0
(ROT_RINGS CONT L3 X30.369 Y19.609 -> X31.183 Y19.529)
M68 E2 Q31.708
G4 P0.020
G1 X30.548 Y19.591 F656.0
M68 E2 Q38.669
G1 X31.004 Y19.546 F656.0
M68 E2 Q31.708
G1 X31.183 Y19.529 F656.0
(ROT_RINGS CONT L3 X31.183 Y19.529 -> X32.000 Y19.502)
M68 E2 Q31.708
G4 P0.020
G1 X31.362 Y19.523 F656.0
M68 E2 Q38.669
G1 X31.820 Y19.508 F656.0
M68 E2 Q31.708
G1 X32.000 Y19.502 F656.0
(ROT_RINGS CONT L3 X32.000 Y19.502 -> X32.817 Y19.529)
M68 E2 Q31.708
G4 P0.020
G1 X32.180 Y19.508 F656.0
M68 E2 Q38.669
G1 X32.638 Y19.523 F656.0
M68 E2 Q31.708
G1 X32.817 Y19.529 F656.0
(ROT_RINGS CONT L3 X32.817 Y19.529 -> X33.631 Y19.609)
M68 E2 Q31.708
G4 P0.020
G1 X32.996 Y19.546 F656.0
M68 E2 Q38.669
G1 X33.452 Y19.591 F656.0
M68 E2 Q31.708
G1 X33.631 Y19.609 F656.0
(ROT_RINGS CONT L3 X33.631 Y19.609 -> X34.438 Y19.742)
M68 E2 Q31.708
G4 P0.020
G1 X33.809 Y19.638 F656.0
M68 E2 Q38.669
G1 X34.261 Y19.713 F656.0
M68 E2 Q31.708
G1 X34.438 Y19.742 F656.0
(ROT_RINGS CONT L3 X34.438 Y19.742 -> X35.235 Y19.928)
M68 E2 Q31.708
G4 P0.020
G1 X34.613 Y19.783 F656.0
M68 E2 Q38.669
G1 X35.060 Y19.887 F656.0
M68 E2 Q31.708
G1 X35.235 Y19.928 F656.0
(ROT_RINGS CONT L3 X35.235 Y19.928 -> X36.017 Y20.165)
M68 E2 Q31.708
G4 P0.020
G1 X35.407 Y19.980 F656.0
M68 E2 Q38.669
G1 X35.845 Y20.113 F656.0
M68 E2 Q31.708
G1 X36.017 Y20.165 F656.0
(ROT_RINGS CONT L3 X36.017 Y20.165 -> X36.783 Y20.453)
M68 E2 Q31.708
G4 P0.020
G1 X36.186 Y20.229 F656.0
M68 E2 Q38.669
G1 X36.614 Y20.390 F656.0
M68 E2 Q31.708
G1 X36.783 Y20.453 F656.0
(ROT_RINGS CONT L3 X36.783 Y20.453 -> X37.528 Y20.791)
M68 E2 Q31.708
G4 P0.020
G1 X36.947 Y20.527 F656.0
M68 E2 Q38.669
G1 X37.364 Y20.717 F656.0
M68 E2 Q31.708
G1 X37.528 Y20.791 F656.0
(ROT_RINGS CONT L3 X37.528 Y20.791 -> X38.249 Y21.176)
M68 E2 Q31.708
G4 P0.020
G1 X37.686 Y20.876 F656.0
M68 E2 Q38.669
G1 X38.090 Y21.091 F656.0
M68 E2 Q31.708
G1 X38.249 Y21.176 F656.0
(ROT_RINGS CONT L3 X38.249 Y21.176 -> X38.944 Y21.608)
M68 E2 Q31.708
G4 P0.020
G1 X38.402 Y21.271 F656.0
M68 E2 Q38.669
G1 X38.791 Y21.513 F656.0
M68 E2 Q31.708
G1 X38.944 Y21.608 F656.0
(ROT_RINGS CONT L3 X38.944 Y21.608 -> X39.608 Y22.085)
M68 E2 Q31.708
G4 P0.020
G1 X39.090 Y21.713 F656.0
M68 E2 Q38.669
G1 X39.462 Y21.980 F656.0
M68 E2 Q31.708
G1 X39.608 Y22.085 F656.0
(ROT_RINGS CONT L3 X39.608 Y22.085 -> X40.241 Y22.603)
M68 E2 Q31.708
G4 P0.020
G1 X39.747 Y22.199 F656.0
M68 E2 Q38.669
G1 X40.101 Y22.489 F656.0
M68 E2 Q31.708
G1 X40.241 Y22.603 F656.0
(ROT_RINGS CONT L3 X40.241 Y22.603 -> X40.838 Y23.162)
M68 E2 Q31.708
G4 P0.020
G1 X40.372 Y22.726 F656.0
M68 E2 Q38.669
G1 X40.706 Y23.039 F656.0
M68 E2 Q31.708
G1 X40.838 Y23.162 F656.0
(ROT_RINGS CONT L3 X40.838 Y23.162 -> X41.397 Y23.759)
M68 E2 Q31.708
G4 P0.020
G1 X40.961 Y23.294 F656.0
M68 E2 Q38.669
G1 X41.274 Y23.628 F656.0
M68 E2 Q31.708
G1 X41.397 Y23.759 F656.0
(ROT_RINGS CONT L3 X41.397 Y23.759 -> X41.915 Y24.392)
M68 E2 Q31.708
G4 P0.020
G1 X41.511 Y23.899 F656.0
M68 E2 Q38.669
G1 X41.801 Y24.253 F656.0
M68 E2 Q31.708
G1 X41.915 Y24.392 F656.0
(ROT_RINGS CONT L3 X41.915 Y24.392 -> X42.392 Y25.056)
M68 E2 Q31.708
G4 P0.020
G1 X42.020 Y24.538 F656.0
M68 E2 Q38.669
G1 X42.287 Y24.910 F656.0
M68 E2 Q31.708
G1 X42.392 Y25.056 F656.0
(ROT_RINGS CONT L3 X42.392 Y25.056 -> X42.824 Y25.751)
M68 E2 Q31.708
G4 P0.020
G1 X42.487 Y25.209 F656.0
M68 E2 Q38.669
G1 X42.729 Y25.598 F656.0
M68 E2 Q31.708
G1 X42.824 Y25.751 F656.0
(ROT_RINGS CONT L3 X42.824 Y25.751 -> X43.209 Y26.472)
M68 E2 Q31.708
G4 P0.020
G1 X42.909 Y25.910 F656.0
M68 E2 Q38.669
G1 X43.124 Y26.314 F656.0
M68 E2 Q31.708
G1 X43.209 Y26.472 F656.0
(ROT_RINGS CONT L3 X43.209 Y26.472 -> X43.547 Y27.217)
M68 E2 Q31.708
G4 P0.020
G1 X43.283 Y26.636 F656.0
M68 E2 Q38.669
G1 X43.473 Y27.053 F656.0
M68 E2 Q31.708
G1 X43.547 Y27.217 F656.0
(ROT_RINGS CONT L3 X43.547 Y27.217 -> X43.835 Y27.983)
M68 E2 Q31.708
G4 P0.020
G1 X43.610 Y27.386 F656.0
M68 E2 Q38.669
G1 X43.771 Y27.814 F656.0
M68 E2 Q31.708
G1 X43.835 Y27.983 F656.0
(ROT_RINGS CONT L3 X43.835 Y27.983 -> X44.072 Y28.765)
M68 E2 Q31.708
G4 P0.020
G1 X43.887 Y28.155 F656.0
M68 E2 Q38.669
G1 X44.020 Y28.593 F656.0
M68 E2 Q31.708
G1 X44.072 Y28.765 F656.0
(ROT_RINGS CONT L3 X44.072 Y28.765 -> X44.258 Y29.562)
M68 E2 Q31.708
G4 P0.020
G1 X44.113 Y28.940 F656.0
M68 E2 Q38.669
G1 X44.217 Y29.387 F656.0
M68 E2 Q31.708
G1 X44.258 Y29.562 F656.0
(ROT_RINGS CONT L3 X44.258 Y29.562 -> X44.391 Y30.369)
M68 E2 Q31.708
G4 P0.020
G1 X44.287 Y29.739 F656.0
M68 E2 Q38.669
G1 X44.362 Y30.191 F656.0
M68 E2 Q31.708
G1 X44.391 Y30.369 F656.0
(ROT_RINGS CONT L3 X44.391 Y30.369 -> X44.471 Y31.183)
M68 E2 Q31.708
G4 P0.020
G1 X44.409 Y30.548 F656.0
M68 E2 Q38.669
G1 X44.454 Y31.004 F656.0
M68 E2 Q31.708
G1 X44.471 Y31.183 F656.0
(ROT_RINGS CONT L3 X44.471 Y31.183 -> X44.498 Y32.000)
M68 E2 Q31.708
G4 P0.020
G1 X44.477 Y31.362 F656.0
M68 E2 Q38.669
G1 X44.492 Y31.820 F656.0
M68 E2 Q31.708
G1 X44.498 Y32.000 F656.0
(ROT_RINGS CONT L3 X44.498 Y32.000 -> X44.471 Y32.817)
M68 E2 Q31.708
G4 P0.020
G1 X44.492 Y32.180 F656.0
M68 E2 Q38.669
G1 X44.477 Y32.638 F656.0
M68 E2 Q31.708
G1 X44.471 Y32.817 F656.0
(ROT_RINGS CONT L3 X44.471 Y32.817 -> X44.391 Y33.631)
M68 E2 Q31.708
G4 P0.020
G1 X44.454 Y32.996 F656.0
M68 E2 Q38.669
G1 X44.409 Y33.452 F656.0
M68 E2 Q31.708
G1 X44.391 Y33.631 F656.0
(ROT_RINGS CONT L3 X44.391 Y33.631 -> X44.258 Y34.438)
M68 E2 Q31.708
G4 P0.020
G1 X44.362 Y33.809 F656.0
M68 E2 Q38.669
G1 X44.287 Y34.261 F656.0
M68 E2 Q31.708
G1 X44.258 Y34.438 F656.0
(ROT_RINGS CONT L3 X44.258 Y34.438 -> X44.072 Y35.235)
M68 E2 Q31.708
G4 P0.020
G1 X44.217 Y34.613 F656.0
M68 E2 Q38.669
G1 X44.113 Y35.060 F656.0
M68 E2 Q31.708
G1 X44.072 Y35.235 F656.0
(ROT_RINGS CONT L3 X44.072 Y35.235 -> X43.835 Y36.017)
M68 E2 Q31.708
G4 P0.020
G1 X44.020 Y35.407 F656.0
M68 E2 Q38.669
G1 X43.887 Y35.845 F656.0
M68 E2 Q31.708
G1 X43.835 Y36.017 F656.0
(ROT_RINGS CONT L3 X43.835 Y36.017 -> X43.547 Y36.783)
M68 E2 Q31.708
G4 P0.020
G1 X43.771 Y36.186 F656.0
M68 E2 Q38.669
G1 X43.610 Y36.614 F656.0
M68 E2 Q31.708
G1 X43.547 Y36.783 F656.0
(ROT_RINGS CONT L3 X43.547 Y36.783 -> X43.209 Y37.528)
M68 E2 Q31.708
G4 P0.020
G1 X43.473 Y36.947 F656.0
M68 E2 Q38.669
G1 X43.283 Y37.364 F656.0
M68 E2 Q31.708
G1 X43.209 Y37.528 F656.0
(ROT_RINGS CONT L3 X43.209 Y37.528 -> X42.824 Y38.249)
M68 E2 Q31.708
G4 P0.020
G1 X43.124 Y37.686 F656.0
M68 E2 Q38.669
G1 X42.909 Y38.090 F656.0
M68 E2 Q31.708
G1 X42.824 Y38.249 F656.0
(ROT_RINGS CONT L3 X42.824 Y38.249 -> X42.392 Y38.944)
M68 E2 Q31.708
G4 P0.020
G1 X42.729 Y38.402 F656.0
M68 E2 Q38.669
G1 X42.487 Y38.791 F656.0
M68 E2 Q31.708
G1 X42.392 Y38.944 F656.0
(ROT_RINGS CONT L3 X42.392 Y38.944 -> X41.915 Y39.608)
M68 E2 Q31.708
G4 P0.020
G1 X42.287 Y39.090 F656.0
M68 E2 Q38.669
G1 X42.020 Y39.462 F656.0
M68 E2 Q31.708
G1 X41.915 Y39.608 F656.0
(ROT_RINGS CONT L3 X41.915 Y39.608 -> X41.397 Y40.241)
M68 E2 Q31.708
G4 P0.020
G1 X41.801 Y39.747 F656.0
M68 E2 Q38.669
G1 X41.511 Y40.101 F656.0
M68 E2 Q31.708
G1 X41.397 Y40.241 F656.0
(ROT_RINGS CONT L3 X41.397 Y40.241 -> X40.838 Y40.838)
M68 E2 Q31.708
G4 P0.020
G1 X41.274 Y40.372 F656.0
M68 E2 Q38.669
G1 X40.961 Y40.706 F656.0
M68 E2 Q31.708
G1 X40.838 Y40.838 F656.0
(ROT_RINGS CONT L3 X40.838 Y40.838 -> X40.241 Y41.397)
M68 E2 Q31.708
G4 P0.020
G1 X40.706 Y40.961 F656.0
M68 E2 Q38.669
G1 X40.372 Y41.274 F656.0
M68 E2 Q31.708
G1 X40.241 Y41.397 F656.0
(ROT_RINGS CONT L3 X40.241 Y41.397 -> X39.608 Y41.915)
M68 E2 Q31.708
G4 P0.020
G1 X40.101 Y41.511 F656.0
M68 E2 Q38.669
G1 X39.747 Y41.801 F656.0
M68 E2 Q31.708
G1 X39.608 Y41.915 F656.0
(ROT_RINGS CONT L3 X39.608 Y41.915 -> X38.944 Y42.392)
M68 E2 Q31.708
G4 P0.020
G1 X39.462 Y42.020 F656.0
M68 E2 Q38.669
G1 X39.090 Y42.287 F656.0
M68 E2 Q31.708
G1 X38.944 Y42.392 F656.0
(ROT_RINGS CONT L3 X38.944 Y42.392 -> X38.249 Y42.824)
M68 E2 Q31.708
G4 P0.020
G1 X38.791 Y42.487 F656.0
M68 E2 Q38.669
G1 X38.402 Y42.729 F656.0
M68 E2 Q31.708
G1 X38.249 Y42.824 F656.0
(ROT_RINGS CONT L3 X38.249 Y42.824 -> X37.528 Y43.209)
M68 E2 Q31.708
G4 P0.020
G1 X38.090 Y42.909 F656.0
M68 E2 Q38.669
G1 X37.686 Y43.124 F656.0
M68 E2 Q31.708
G1 X37.528 Y43.209 F656.0
(ROT_RINGS CONT L3 X37.528 Y43.209 -> X36.783 Y43.547)
M68 E2 Q31.708
G4 P0.020
G1 X37.364 Y43.283 F656.0
M68 E2 Q38.669
G1 X36.947 Y43.473 F656.0
M68 E2 Q31.708
G1 X36.783 Y43.547 F656.0
(ROT_RINGS CONT L3 X36.783 Y43.547 -> X36.017 Y43.835)
M68 E2 Q31.708
G4 P0.020
G1 X36.614 Y43.610 F656.0
M68 E2 Q38.669
G1 X36.186 Y43.771 F656.0
M68 E2 Q31.708
G1 X36.017 Y43.835 F656.0
(ROT_RINGS CONT L3 X36.017 Y43.835 -> X35.235 Y44.072)
M68 E2 Q31.708
G4 P0.020
G1 X35.845 Y43.887 F656.0
M68 E2 Q38.669
G1 X35.407 Y44.020 F656.0
M68 E2 Q31.708
G1 X35.235 Y44.072 F656.0
(ROT_RINGS CONT L3 X35.235 Y44.072 -> X34.438 Y44.258)
M68 E2 Q31.708
G4 P0.020
G1 X35.060 Y44.113 F656.0
M68 E2 Q38.669
G1 X34.613 Y44.217 F656.0
M68 E2 Q31.708
G1 X34.438 Y44.258 F656.0
(ROT_RINGS CONT L3 X34.438 Y44.258 -> X33.631 Y44.391)
M68 E2 Q31.708
G4 P0.020
G1 X34.261 Y44.287 F656.0
M68 E2 Q38.669
G1 X33.809 Y44.362 F656.0
M68 E2 Q31.708
G1 X33.631 Y44.391 F656.0
(ROT_RINGS CONT L3 X33.631 Y44.391 -> X32.817 Y44.471)
M68 E2 Q31.708
G4 P0.020
G1 X33.452 Y44.409 F656.0
M68 E2 Q38.669
G1 X32.996 Y44.454 F656.0
M68 E2 Q31.708
G1 X32.817 Y44.471 F656.0
(ROT_RINGS CONT L3 X32.817 Y44.471 -> X32.000 Y44.498)
M68 E2 Q31.708
G4 P0.020
G1 X32.638 Y44.477 F656.0
M68 E2 Q38.669
G1 X32.180 Y44.492 F656.0
M68 E2 Q31.708
G1 X32.000 Y44.498 F656.0
M68 E2 Q0.000
G1 X28.409 Y41.865 F852.8
(ROT_RINGS CONT L3 X28.409 Y41.865 -> X29.062 Y42.079)
M68 E2 Q31.708
G4 P0.020
G1 X28.553 Y41.912 F656.0
M68 E2 Q38.669
G1 X28.919 Y42.032 F656.0
M68 E2 Q31.708
G1 X29.062 Y42.079 F656.0
(ROT_RINGS CONT L3 X29.062 Y42.079 -> X29.728 Y42.249)
M68 E2 Q31.708
G4 P0.020
G1 X29.209 Y42.116 F656.0
M68 E2 Q38.669
G1 X29.581 Y42.212 F656.0
M68 E2 Q31.708
G1 X29.728 Y42.249 F656.0
(ROT_RINGS CONT L3 X29.728 Y42.249 -> X30.403 Y42.376)
M68 E2 Q31.708
G4 P0.020
G1 X29.876 Y42.277 F656.0
M68 E2 Q38.669
G1 X30.254 Y42.348 F656.0
M68 E2 Q31.708
G1 X30.403 Y42.376 F656.0
(ROT_RINGS CONT L3 X30.403 Y42.376 -> X31.085 Y42.458)
M68 E2 Q31.708
G4 P0.020
G1 X30.553 Y42.394 F656.0
M68 E2 Q38.669
G1 X30.935 Y42.440 F656.0
M68 E2 Q31.708
G1 X31.085 Y42.458 F656.0
(ROT_RINGS CONT L3 X31.085 Y42.458 -> X31.771 Y42.496)
M68 E2 Q31.708
G4 P0.020
G1 X31.236 Y42.466 F656.0
M68 E2 Q38.669
G1 X31.620 Y42.487 F656.0
M68 E2 Q31.708
G1 X31.771 Y42.496 F656.0
(ROT_RINGS CONT L3 X31.771 Y42.496 -> X32.458 Y42.488)
M68 E2 Q31.708
G4 P0.020
G1 X31.922 Y42.494 F656.0
M68 E2 Q38.669
G1 X32.307 Y42.490 F656.0
M68 E2 Q31.708
G1 X32.458 Y42.488 F656.0
(ROT_RINGS CONT L3 X32.458 Y42.488 -> X33.143 Y42.436)
M68 E2 Q31.708
G4 P0.020
G1 X32.609 Y42.477 F656.0
M68 E2 Q38.669
G1 X32.992 Y42.447 F656.0
M68 E2 Q31.708
G1 X33.143 Y42.436 F656.0
(ROT_RINGS CONT L3 X33.143 Y42.436 -> X33.823 Y42.339)
M68 E2 Q31.708
G4 P0.020
G1 X33.293 Y42.414 F656.0
M68 E2 Q38.669
G1 X33.673 Y42.360 F656.0
M68 E2 Q31.708
G1 X33.823 Y42.339 F656.0
(ROT_RINGS CONT L3 X33.823 Y42.339 -> X34.495 Y42.197)
M68 E2 Q31.708
G4 P0.020
G1 X33.971 Y42.308 F656.0
M68 E2 Q38.669
G1 X34.347 Y42.228 F656.0
M68 E2 Q31.708
G1 X34.495 Y42.197 F656.0
(ROT_RINGS CONT L3 X34.495 Y42.197 -> X35.157 Y42.012)
M68 E2 Q31.708
G4 P0.020
G1 X34.641 Y42.157 F656.0
M68 E2 Q38.669
G1 X35.011 Y42.053 F656.0
M68 E2 Q31.708
G1 X35.157 Y42.012 F656.0
(ROT_RINGS CONT L3 X35.157 Y42.012 -> X35.805 Y41.784)
M68 E2 Q31.708
G4 P0.020
G1 X35.299 Y41.962 F656.0
M68 E2 Q38.669
G1 X35.662 Y41.834 F656.0
M68 E2 Q31.708
G1 X35.805 Y41.784 F656.0
(ROT_RINGS CONT L3 X35.805 Y41.784 -> X36.437 Y41.515)
M68 E2 Q31.708
G4 P0.020
G1 X35.944 Y41.725 F656.0
M68 E2 Q38.669
G1 X36.298 Y41.574 F656.0
M68 E2 Q31.708
G1 X36.437 Y41.515 F656.0
(ROT_RINGS CONT L3 X36.437 Y41.515 -> X37.049 Y41.204)
M68 E2 Q31.708
G4 P0.020
G1 X36.572 Y41.446 F656.0
M68 E2 Q38.669
G1 X36.915 Y41.272 F656.0
M68 E2 Q31.708
G1 X37.049 Y41.204 F656.0
(ROT_RINGS CONT L3 X37.049 Y41.204 -> X37.641 Y40.854)
M68 E2 Q31.708
G4 P0.020
G1 X37.180 Y41.127 F656.0
M68 E2 Q38.669
G1 X37.511 Y40.931 F656.0
M68 E2 Q31.708
G1 X37.641 Y40.854 F656.0
(ROT_RINGS CONT L3 X37.641 Y40.854 -> X38.208 Y40.466)
M68 E2 Q31.708
G4 P0.020
G1 X37.765 Y40.769 F656.0
M68 E2 Q38.669
G1 X38.083 Y40.551 F656.0
M68 E2 Q31.708
G1 X38.208 Y40.466 F656.0
(ROT_RINGS CONT L3 X38.208 Y40.466 -> X38.748 Y40.042)
M68 E2 Q31.708
G4 P0.020
G1 X38.327 Y40.373 F656.0
M68 E2 Q38.669
G1 X38.629 Y40.135 F656.0
M68 E2 Q31.708
G1 X38.748 Y40.042 F656.0
(ROT_RINGS CONT L3 X38.748 Y40.042 -> X39.260 Y39.583)
M68 E2 Q31.708
G4 P0.020
G1 X38.861 Y39.941 F656.0
M68 E2 Q38.669
G1 X39.147 Y39.684 F656.0
M68 E2 Q31.708
G1 X39.260 Y39.583 F656.0
(ROT_RINGS CONT L3 X39.260 Y39.583 -> X39.740 Y39.092)
M68 E2 Q31.708
G4 P0.020
G1 X39.365 Y39.475 F656.0
M68 E2 Q38.669
G1 X39.634 Y39.200 F656.0
M68 E2 Q31.708
G1 X39.740 Y39.092 F656.0
(ROT_RINGS CONT L3 X39.740 Y39.092 -> X40.187 Y38.571)
M68 E2 Q31.708
G4 P0.020
G1 X39.838 Y38.978 F656.0
M68 E2 Q38.669
G1 X40.089 Y38.686 F656.0
M68 E2 Q31.708
G1 X40.187 Y38.571 F656.0
(ROT_RINGS CONT L3 X40.187 Y38.571 -> X40.600 Y38.021)
M68 E2 Q31.708
G4 P0.020
G1 X40.278 Y38.450 F656.0
M68 E2 Q38.669
G1 X40.509 Y38.142 F656.0
M68 E2 Q31.708
G1 X40.600 Y38.021 F656.0
(ROT_RINGS CONT L3 X40.600 Y38.021 -> X40.975 Y37.446)
M68 E2 Q31.708
G4 P0.020
G1 X40.682 Y37.895 F656.0
M68 E2 Q38.669
G1 X40.892 Y37.573 F656.0
M68 E2 Q31.708
G1 X40.975 Y37.446 F656.0
(ROT_RINGS CONT L3 X40.975 Y37.446 -> X41.312 Y36.847)
M68 E2 Q31.708
G4 P0.020
G1 X41.049 Y37.314 F656.0
M68 E2 Q38.669
G1 X41.238 Y36.979 F656.0
M68 E2 Q31.708
G1 X41.312 Y36.847 F656.0
(ROT_RINGS CONT L3 X41.312 Y36.847 -> X41.609 Y36.228)
M68 E2 Q31.708
G4 P0.020
G1 X41.377 Y36.711 F656.0
M68 E2 Q38.669
G1 X41.544 Y36.364 F656.0
M68 E2 Q31.708
G1 X41.609 Y36.228 F656.0
(ROT_RINGS CONT L3 X41.609 Y36.228 -> X41.865 Y35.591)
M68 E2 Q31.708
G4 P0.020
G1 X41.665 Y36.088 F656.0
M68 E2 Q38.669
G1 X41.809 Y35.731 F656.0
M68 E2 Q31.708
G1 X41.865 Y35.591 F656.0
(ROT_RINGS CONT L3 X41.865 Y35.591 -> X42.079 Y34.938)
M68 E2 Q31.708
G4 P0.020
G1 X41.912 Y35.447 F656.0
M68 E2 Q38.669
G1 X42.032 Y35.081 F656.0
M68 E2 Q31.708
G1 X42.079 Y34.938 F656.0
(ROT_RINGS CONT L3 X42.079 Y34.938 -> X42.249 Y34.272)
M68 E2 Q31.708
G4 P0.020
G1 X42.116 Y34.791 F656.0
M68 E2 Q38.669
G1 X42.212 Y34.419 F656.0
M68 E2 Q31.708
G1 X42.249 Y34.272 F656.0
(ROT_RINGS CONT L3 X42.249 Y34.272 -> X42.376 Y33.597)
M68 E2 Q31.708
G4 P0.020
G1 X42.277 Y34.124 F656.0
M68 E2 Q38.669
G1 X42.348 Y33.746 F656.0
M68 E2 Q31.708
G1 X42.376 Y33.597 F656.0
(ROT_RINGS CONT L3 X42.376 Y33.597 -> X42.458 Y32.915)
M68 E2 Q31.708
G4 P0.020
G1 X42.394 Y33.447 F656.0
M68 E2 Q38.669
G1 X42.440 Y33.065 F656.0
M68 E2 Q31.708
G1 X42.458 Y32.915 F656.0
(ROT_RINGS CONT L3 X42.458 Y32.915 -> X42.496 Y32.229)
M68 E2 Q31.708
G4 P0.020
G1 X42.466 Y32.764 F656.0
M68 E2 Q38.669
G1 X42.487 Y32.380 F656.0
M68 E2 Q31.708
G1 X42.496 Y32.229 F656.0
(ROT_RINGS CONT L3 X42.496 Y32.229 -> X42.488 Y31.542)
M68 E2 Q31.708
G4 P0.020
G1 X42.494 Y32.078 F656.0
M68 E2 Q38.669
G1 X42.490 Y31.693 F656.0
M68 E2 Q31.708
G1 X42.488 Y31.542 F656.0
(ROT_RINGS CONT L3 X42.488 Y31.542 -> X42.436 Y30.857)
M68 E2 Q31.708
G4 P0.020
G1 X42.477 Y31.391 F656.0
M68 E2 Q38.669
G1 X42.447 Y31.008 F656.0
M68 E2 Q31.708
G1 X42.436 Y30.857 F656.0
(ROT_RINGS CONT L3 X42.436 Y30.857 -> X42.339 Y30.177)
M68 E2 Q31.708
G4 P0.020
G1 X42.414 Y30.707 F656.0
M68 E2 Q38.669
G1 X42.360 Y30.327 F656.0
M68 E2 Q31.708
G1 X42.339 Y30.177 F656.0
(ROT_RINGS CONT L3 X42.339 Y30.177 -> X42.197 Y29.505)
M68 E2 Q31.708
G4 P0.020
G1 X42.308 Y30.029 F656.0
M68 E2 Q38.669
G1 X42.228 Y29.653 F656.0
M68 E2 Q31.708
G1 X42.197 Y29.505 F656.0
(ROT_RINGS CONT L3 X42.197 Y29.505 -> X42.012 Y28.843)
M68 E2 Q31.708
G4 P0.020
G1 X42.157 Y29.359 F656.0
M68 E2 Q38.669
G1 X42.053 Y28.989 F656.0
M68 E2 Q31.708
G1 X42.012 Y28.843 F656.0
(ROT_RINGS CONT L3 X42.012 Y28.843 -> X41.784 Y28.195)
M68 E2 Q31.708
G4 P0.020
G1 X41.962 Y28.701 F656.0
M68 E2 Q38.669
G1 X41.834 Y28.338 F656.0
M68 E2 Q31.708
G1 X41.784 Y28.195 F656.0
(ROT_RINGS CONT L3 X41.784 Y28.195 -> X41.515 Y27.563)
M68 E2 Q31.708
G4 P0.020
G1 X41.725 Y28.056 F656.0
M68 E2 Q38.669
G1 X41.574 Y27.702 F656.0
M68 E2 Q31.708
G1 X41.515 Y27.563 F656.0
(ROT_RINGS CONT L3 X41.515 Y27.563 -> X41.204 Y26.951)
M68 E2 Q31.708
G4 P0.020
G1 X41.446 Y27.428 F656.0
M68 E2 Q38.669
G1 X41.272 Y27.085 F656.0
M68 E2 Q31.708
G1 X41.204 Y26.951 F656.0
(ROT_RINGS CONT L3 X41.204 Y26.951 -> X40.854 Y26.359)
M68 E2 Q31.708
G4 P0.020
G1 X41.127 Y26.820 F656.0
M68 E2 Q38.669
G1 X40.931 Y26.489 F656.0
M68 E2 Q31.708
G1 X40.854 Y26.359 F656.0
(ROT_RINGS CONT L3 X40.854 Y26.359 -> X40.466 Y25.792)
M68 E2 Q31.708
G4 P0.020
G1 X40.769 Y26.235 F656.0
M68 E2 Q38.669
G1 X40.551 Y25.917 F656.0
M68 E2 Q31.708
G1 X40.466 Y25.792 F656.0
(ROT_RINGS CONT L3 X40.466 Y25.792 -> X40.042 Y25.252)
M68 E2 Q31.708
G4 P0.020
G1 X40.373 Y25.673 F656.0
M68 E2 Q38.669
G1 X40.135 Y25.371 F656.0
M68 E2 Q31.708
G1 X40.042 Y25.252 F656.0
(ROT_RINGS CONT L3 X40.042 Y25.252 -> X39.583 Y24.740)
M68 E2 Q31.708
G4 P0.020
G1 X39.941 Y25.139 F656.0
M68 E2 Q38.669
G1 X39.684 Y24.853 F656.0
M68 E2 Q31.708
G1 X39.583 Y24.740 F656.0
(ROT_RINGS CONT L3 X39.583 Y24.740 -> X39.092 Y24.260)
M68 E2 Q31.708
G4 P0.020
G1 X39.475 Y24.635 F656.0
M68 E2 Q38.669
G1 X39.200 Y24.366 F656.0
M68 E2 Q31.708
G1 X39.092 Y24.260 F656.0
(ROT_RINGS CONT L3 X39.092 Y24.260 -> X38.571 Y23.813)
M68 E2 Q31.708
G4 P0.020
G1 X38.978 Y24.162 F656.0
M68 E2 Q38.669
G1 X38.686 Y23.911 F656.0
M68 E2 Q31.708
G1 X38.571 Y23.813 F656.0
(ROT_RINGS CONT L3 X38.571 Y23.813 -> X38.021 Y23.400)
M68 E2 Q31.708
G4 P0.020
G1 X38.450 Y23.722 F656.0
M68 E2 Q38.669
G1 X38.142 Y23.491 F656.0
M68 E2 Q31.708
G1 X38.021 Y23.400 F656.0
(ROT_RINGS CONT L3 X38.021 Y23.400 -> X37.446 Y23.025)
M68 E2 Q31.708
G4 P0.020
G1 X37.895 Y23.318 F656.0
M68 E2 Q38.669
G1 X37.573 Y23.108 F656.0
M68 E2 Q31.708
G1 X37.446 Y23.025 F656.0
(ROT_RINGS CONT L3 X37.446 Y23.025 -> X36.847 Y22.688)
M68 E2 Q31.708
G4 P0.020
G1 X37.314 Y22.951 F656.0
M68 E2 Q38.669
G1 X36.979 Y22.762 F656.0
M68 E2 Q31.708
G1 X36.847 Y22.688 F656.0
(ROT_RINGS CONT L3 X36.847 Y22.688 -> X36.228 Y22.391)
M68 E2 Q31.708
G4 P0.020
G1 X36.711 Y22.623 F656.0
M68 E2 Q38.669
G1 X36.364 Y22.456 F656.0
M68 E2 Q31.708
G1 X36.228 Y22.391 F656.0
(ROT_RINGS CONT L3 X36.228 Y22.391 -> X35.591 Y22.135)
M68 E2 Q31.708
G4 P0.020
G1 X36.088 Y22.335 F656.0
M68 E2 Q38.669
G1 X35.731 Y22.191 F656.0
M68 E2 Q31.708
G1 X35.591 Y22.135 F656.0
(ROT_RINGS CONT L3 X35.591 Y22.135 -> X34.938 Y21.921)
M68 E2 Q31.708
G4 P0.020
G1 X35.447 Y22.088 F656.0
M68 E2 Q38.669
G1 X35.081 Y21.968 F656.0
M68 E2 Q31.708
G1 X34.938 Y21.921 F656.0
(ROT_RINGS CONT L3 X34.938 Y21.921 -> X34.272 Y21.751)
M68 E2 Q31.708
G4 P0.020
G1 X34.791 Y21.884 F656.0
M68 E2 Q38.669
G1 X34.419 Y21.788 F656.0
M68 E2 Q31.708
G1 X34.272 Y21.751 F656.0
(ROT_RINGS CONT L3 X34.272 Y21.751 -> X33.597 Y21.624)
M68 E2 Q31.708
G4 P0.020
G1 X34.124 Y21.723 F656.0
M68 E2 Q38.669
G1 X33.746 Y21.652 F656.0
M68 E2 Q31.708
G1 X33.597 Y21.624 F656.0
(ROT_RINGS CONT L3 X33.597 Y21.624 -> X32.915 Y21.542)
M68 E2 Q31.708
G4 P0.020
G1 X33.447 Y21.606 F656.0
M68 E2 Q38.669
G1 X33.065 Y21.560 F656.0
M68 E2 Q31.708
G1 X32.915 Y21.542 F656.0
(ROT_RINGS CONT L3 X32.915 Y21.542 -> X32.229 Y21.504)
M68 E2 Q31.708
G4 P0.020
G1 X32.764 Y21.534 F656.0
M68 E2 Q38.669
G1 X32.380 Y21.513 F656.0
M68 E2 Q31.708
G1 X32.229 Y21.504 F656.0
(ROT_RINGS CONT L3 X32.229 Y21.504 -> X31.542 Y21.512)
M68 E2 Q31.708
G4 P0.020
G1 X32.078 Y21.506 F656.0
M68 E2 Q38.669
G1 X31.693 Y21.510 F656.0
M68 E2 Q31.708
G1 X31.542 Y21.512 F656.0
(ROT_RINGS CONT L3 X31.542 Y21.512 -> X30.857 Y21.564)
M68 E2 Q31.708
G4 P0.020
G1 X31.391 Y21.523 F656.0
M68 E2 Q38.669
G1 X31.008 Y21.553 F656.0
M68 E2 Q31.708
G1 X30.857 Y21.564 F656.0
(ROT_RINGS CONT L3 X30.857 Y21.564 -> X30.177 Y21.661)
M68 E2 Q31.708
G4 P0.020
G1 X30.707 Y21.586 F656.0
M68 E2 Q38.669
G1 X30.327 Y21.640 F656.0
M68 E2 Q31.708
G1 X30.177 Y21.661 F656.0
(ROT_RINGS CONT L3 X30.177 Y21.661 -> X29.505 Y21.803)
M68 E2 Q31.708
G4 P0.020
G1 X30.029 Y21.692 F656.0
M68 E2 Q38.669
G1 X29.653 Y21.772 F656.0
M68 E2 Q31.708
G1 X29.505 Y21.803 F656.0
(ROT_RINGS CONT L3 X29.505 Y21.803 -> X28.843 Y21.988)
M68 E2 Q31.708
G4 P0.020
G1 X29.359 Y21.843 F656.0
M68 E2 Q38.669
G1 X28.989 Y21.947 F656.0
M68 E2 Q31.708
G1 X28.843 Y21.988 F656.0
(ROT_RINGS CONT L3 X28.843 Y21.988 -> X28.195 Y22.216)
M68 E2 Q31.708
G4 P0.020
G1 X28.701 Y22.038 F656.0
M68 E2 Q38.669
G1 X28.338 Y22.166 F656.0
M68 E2 Q31.708
G1 X28.195 Y22.216 F656.0
(ROT_RINGS CONT L3 X28.195 Y22.216 -> X27.563 Y22.485)
M68 E2 Q31.708
G4 P0.020
G1 X28.056 Y22.275 F656.0
M68 E2 Q38.669
G1 X27.702 Y22.426 F656.0
M68 E2 Q31.708
G1 X27.563 Y22.485 F656.0
(ROT_RINGS CONT L3 X27.563 Y22.485 -> X26.951 Y22.796)
M68 E2 Q31.708
G4 P0.020
G1 X27.428 Y22.554 F656.0
M68 E2 Q38.669
G1 X27.085 Y22.728 F656.0
M68 E2 Q31.708
G1 X26.951 Y22.796 F656.0
(ROT_RINGS CONT L3 X26.951 Y22.796 -> X26.359 Y23.146)
M68 E2 Q31.708
G4 P0.020
G1 X26.820 Y22.873 F656.0
M68 E2 Q38.669
G1 X26.489 Y23.069 F656.0
M68 E2 Q31.708
G1 X26.359 Y23.146 F656.0
(ROT_RINGS CONT L3 X26.359 Y23.146 -> X25.792 Y23.534)
M68 E2 Q31.708
G4 P0.020
G1 X26.235 Y23.231 F656.0
M68 E2 Q38.669
G1 X25.917 Y23.449 F656.0
M68 E2 Q31.708
G1 X25.792 Y23.534 F656.0
(ROT_RINGS CONT L3 X25.792 Y23.534 -> X25.252 Y23.958)
M68 E2 Q31.708
G4 P0.020
G1 X25.673 Y23.627 F656.0
M68 E2 Q38.669
G1 X25.371 Y23.865 F656.0
M68 E2 Q31.708
G1 X25.252 Y23.958 F656.0
(ROT_RINGS CONT L3 X25.252 Y23.958 -> X24.740 Y24.417)
M68 E2 Q31.708
G4 P0.020
G1 X25.139 Y24.059 F656.0
M68 E2 Q38.669
G1 X24.853 Y24.316 F656.0
M68 E2 Q31.708
G1 X24.740 Y24.417 F656.0
(ROT_RINGS CONT L3 X24.740 Y24.417 -> X24.260 Y24.908)
M68 E2 Q31.708
G4 P0.020
G1 X24.635 Y24.525 F656.0
M68 E2 Q38.669
G1 X24.366 Y24.800 F656.0
M68 E2 Q31.708
G1 X24.260 Y24.908 F656.0
(ROT_RINGS CONT L3 X24.260 Y24.908 -> X23.813 Y25.429)
M68 E2 Q31.708
G4 P0.020
G1 X24.162 Y25.022 F656.0
M68 E2 Q38.669
G1 X23.911 Y25.314 F656.0
M68 E2 Q31.708
G1 X23.813 Y25.429 F656.0
(ROT_RINGS CONT L3 X23.813 Y25.429 -> X23.400 Y25.979)
M68 E2 Q31.708
G4 P0.020
G1 X23.722 Y25.550 F656.0
M68 E2 Q38.669
G1 X23.491 Y25.858 F656.0
M68 E2 Q31.708
G1 X23.400 Y25.979 F656.0
(ROT_RINGS CONT L3 X23.400 Y25.979 -> X23.025 Y26.554)
M68 E2 Q31.708
G4 P0.020
G1 X23.318 Y26.105 F656.0
M68 E2 Q38.669
G1 X23.108 Y26.427 F656.0
M68 E2 Q31.708
G1 X23.025 Y26.554 F656.0
(ROT_RINGS CONT L3 X23.025 Y26.554 -> X22.688 Y27.153)
M68 E2 Q31.708
G4 P0.020
G1 X22.951 Y26.686 F656.0
M68 E2 Q38.669
G1 X22.762 Y27.021 F656.0
M68 E2 Q31.708
G1 X22.688 Y27.153 F656.0
(ROT_RINGS CONT L3 X22.688 Y27.153 -> X22.391 Y27.772)
M68 E2 Q31.708
G4 P0.020
G1 X22.623 Y27.289 F656.0
M68 E2 Q38.669
G1 X22.456 Y27.636 F656.0
M68 E2 Q31.708
G1 X22.391 Y27.772 F656.0
(ROT_RINGS CONT L3 X22.391 Y27.772 -> X22.135 Y28.409)
M68 E2 Q31.708
G4 P0.020
G1 X22.335 Y27.912 F656.0
M68 E2 Q38.669
G1 X22.191 Y28.269 F656.0
M68 E2 Q31.708
G1 X22.135 Y28.409 F656.0
(ROT_RINGS CONT L3 X22.135 Y28.409 -> X21.921 Y29.062)
M68 E2 Q31.708
G4 P0.020
G1 X22.088 Y28.553 F656.0
M68 E2 Q38.669
G1 X21.968 Y28.919 F656.0
M68 E2 Q31.708
G1 X21.921 Y29.062 F656.0
(ROT_RINGS CONT L3 X21.921 Y29.062 -> X21.751 Y29.728)
M68 E2 Q31.708
G4 P0.020
G1 X21.884 Y29.209 F656.0
M68 E2 Q38.669
G1 X21.788 Y29.581 F656.0
M68 E2 Q31.708
G1 X21.751 Y29.728 F656.0
(ROT_RINGS CONT L3 X21.751 Y29.728 -> X21.624 Y30.403)
M68 E2 Q31.708
G4 P0.020
G1 X21.723 Y29.876 F656.0
M68 E2 Q38.669
G1 X21.652 Y30.254 F656.0
M68 E2 Q31.708
G1 X21.624 Y30.403 F656.0
(ROT_RINGS CONT L3 X21.624 Y30.403 -> X21.542 Y31.085)
M68 E2 Q31.708
G4 P0.020
G1 X21.606 Y30.553 F656.0
M68 E2 Q38.669
G1 X21.560 Y30.935 F656.0
M68 E2 Q31.708
G1 X21.542 Y31.085 F656.0
(ROT_RINGS CONT L3 X21.542 Y31.085 -> X21.504 Y31.771)
M68 E2 Q31.708
G4 P0.020
G1 X21.534 Y31.236 F656.0
M68 E2 Q38.669
G1 X21.513 Y31.620 F656.0
M68 E2 Q31.708
G1 X21.504 Y31.771 F656.0
(ROT_RINGS CONT L3 X21.504 Y31.771 -> X21.512 Y32.458)
M68 E2 Q31.708
G4 P0.020
G1 X21.506 Y31.922 F656.0
M68 E2 Q38.669
G1 X21.510 Y32.307 F656.0
M68 E2 Q31.708
G1 X21.512 Y32.458 F656.0
(ROT_RINGS CONT L3 X21.512 Y32.458 -> X21.564 Y33.143)
M68 E2 Q31.708
G4 P0.020
G1 X21.523 Y32.609 F656.0
M68 E2 Q38.669
G1 X21.553 Y32.992 F656.0
M68 E2 Q31.708
G1 X21.564 Y33.143 F656.0
(ROT_RINGS CONT L3 X21.564 Y33.143 -> X21.661 Y33.823)
M68 E2 Q31.708
G4 P0.020
G1 X21.586 Y33.293 F656.0
M68 E2 Q38.669
G1 X21.640 Y33.673 F656.0
M68 E2 Q31.708
G1 X21.661 Y33.823 F656.0
(ROT_RINGS CONT L3 X21.661 Y33.823 -> X21.803 Y34.495)
M68 E2 Q31.708
G4 P0.020
G1 X21.692 Y33.971 F656.0
M68 E2 Q38.669
G1 X21.772 Y34.347 F656.0
M68 E2 Q31.708
G1 X21.803 Y34.495 F656.0
(ROT_RINGS CONT L3 X21.803 Y34.495 -> X21.988 Y35.157)
M68 E2 Q31.708
G4 P0.020
G1 X21.843 Y34.641 F656.0
M68 E2 Q38.669
G1 X21.947 Y35.011 F656.0
M68 E2 Q31.708
G1 X21.988 Y35.157 F656.0
(ROT_RINGS CONT L3 X21.988 Y35.157 -> X22.216 Y35.805)
M68 E2 Q31.708
G4 P0.020
G1 X22.038 Y35.299 F656.0
M68 E2 Q38.669
G1 X22.166 Y35.662 F656.0
M68 E2 Q31.708
G1 X22.216 Y35.805 F656.0
(ROT_RINGS CONT L3 X22.216 Y35.805 -> X22.485 Y36.437)
M68 E2 Q31.708
G4 P0.020
G1 X22.275 Y35.944 F656.0
M68 E2 Q38.669
G1 X22.426 Y36.298 F656.0
M68 E2 Q31.708
G1 X22.485 Y36.437 F656.0
(ROT_RINGS CONT L3 X22.485 Y36.437 -> X22.796 Y37.049)
M68 E2 Q31.708
G4 P0.020
G1 X22.554 Y36.572 F656.0
M68 E2 Q38.669
G1 X22.728 Y36.915 F656.0
M68 E2 Q31.708
G1 X22.796 Y37.049 F656.0
(ROT_RINGS CONT L3 X22.796 Y37.049 -> X23.146 Y37.641)
M68 E2 Q31.708
G4 P0.020
G1 X22.873 Y37.180 F656.0
M68 E2 Q38.669
G1 X23.069 Y37.511 F656.0
M68 E2 Q31.708
G1 X23.146 Y37.641 F656.0
(ROT_RINGS CONT L3 X23.146 Y37.641 -> X23.534 Y38.208)
M68 E2 Q31.708
G4 P0.020
G1 X23.231 Y37.765 F656.0
M68 E2 Q38.669
G1 X23.449 Y38.083 F656.0
M68 E2 Q31.708
G1 X23.534 Y38.208 F656.0
(ROT_RINGS CONT L3 X23.534 Y38.208 -> X23.958 Y38.748)
M68 E2 Q31.708
G4 P0.020
G1 X23.627 Y38.327 F656.0
M68 E2 Q38.669
G1 X23.865 Y38.629 F656.0
M68 E2 Q31.708
G1 X23.958 Y38.748 F656.0
(ROT_RINGS CONT L3 X23.958 Y38.748 -> X24.417 Y39.260)
M68 E2 Q31.708
G4 P0.020
G1 X24.059 Y38.861 F656.0
M68 E2 Q38.669
G1 X24.316 Y39.147 F656.0
M68 E2 Q31.708
G1 X24.417 Y39.260 F656.0
(ROT_RINGS CONT L3 X24.417 Y39.260 -> X24.908 Y39.740)
M68 E2 Q31.708
G4 P0.020
G1 X24.525 Y39.365 F656.0
M68 E2 Q38.669
G1 X24.800 Y39.634 F656.0
M68 E2 Q31.708
G1 X24.908 Y39.740 F656.0
(ROT_RINGS CONT L3 X24.908 Y39.740 -> X25.429 Y40.187)
M68 E2 Q31.708
G4 P0.020
G1 X25.022 Y39.838 F656.0
M68 E2 Q38.669
G1 X25.314 Y40.089 F656.0
M68 E2 Q31.708
G1 X25.429 Y40.187 F656.0
(ROT_RINGS CONT L3 X25.429 Y40.187 -> X25.979 Y40.600)
M68 E2 Q31.708
G4 P0.020
G1 X25.550 Y40.278 F656.0
M68 E2 Q38.669
G1 X25.858 Y40.509 F656.0
M68 E2 Q31.708
G1 X25.979 Y40.600 F656.0
(ROT_RINGS CONT L3 X25.979 Y40.600 -> X26.554 Y40.975)
M68 E2 Q31.708
G4 P0.020
G1 X26.105 Y40.682 F656.0
M68 E2 Q38.669
G1 X26.427 Y40.892 F656.0
M68 E2 Q31.708
G1 X26.554 Y40.975 F656.0
(ROT_RINGS CONT L3 X26.554 Y40.975 -> X27.153 Y41.312)
M68 E2 Q31.708
G4 P0.020
G1 X26.686 Y41.049 F656.0
M68 E2 Q38.669
G1 X27.021 Y41.238 F656.0
M68 E2 Q31.708
G1 X27.153 Y41.312 F656.0
(ROT_RINGS CONT L3 X27.153 Y41.312 -> X27.772 Y41.609)
M68 E2 Q31.708
G4 P0.020
G1 X27.289 Y41.377 F656.0
M68 E2 Q38.669
G1 X27.636 Y41.544 F656.0
M68 E2 Q31.708
G1 X27.772 Y41.609 F656.0
(ROT_RINGS CONT L3 X27.772 Y41.609 -> X28.409 Y41.865)
M68 E2 Q31.708
G4 P0.020
G1 X27.912 Y41.665 F656.0
M68 E2 Q38.669
G1 X28.269 Y41.809 F656.0
M68 E2 Q31.708
G1 X28.409 Y41.865 F656.0
M68 E2 Q0.000
G4 P0.030
M68 E0 Q0.000
G0 Z11.000
G4 P0.135 (layer thermal stabilization)
(--- LAYER 4/5 Z=6.000 ROTATIONAL_RINGS I=28.374 F=659.0 WIRE=38.846 SEG=192 ---)
(--- CONTINUOUS ROT_RINGS PASS L4: 192 lines, beam stays ON ---)
G0 Z13.000
G0 X24.727 Y44.598
G1 Z6.000 F240.0
M68 E0 Q28.374
G4 P0.030
(ROT_RINGS CONT L4 X24.727 Y44.598 -> X25.566 Y45.046)
M68 E2 Q31.853
G4 P0.020
G1 X24.911 Y44.696 F659.0
M68 E2 Q38.846
G1 X25.382 Y44.948 F659.0
M68 E2 Q31.853
G1 X25.566 Y45.046 F659.0
(ROT_RINGS CONT L4 X25.566 Y45.046 -> X26.433 Y45.439)
M68 E2 Q31.853
G4 P0.020
G1 X25.757 Y45.133 F659.0
M68 E2 Q38.846
G1 X26.243 Y45.353 F659.0
M68 E2 Q31.853
G1 X26.433 Y45.439 F659.0
(ROT_RINGS CONT L4 X26.433 Y45.439 -> X27.324 Y45.775)
M68 E2 Q31.853
G4 P0.020
G1 X26.629 Y45.513 F659.0
M68 E2 Q38.846
G1 X27.128 Y45.701 F659.0
M68 E2 Q31.853
G1 X27.324 Y45.775 F659.0
(ROT_RINGS CONT L4 X27.324 Y45.775 -> X28.235 Y46.051)
M68 E2 Q31.853
G4 P0.020
G1 X27.525 Y45.835 F659.0
M68 E2 Q38.846
G1 X28.035 Y45.990 F659.0
M68 E2 Q31.853
G1 X28.235 Y46.051 F659.0
(ROT_RINGS CONT L4 X28.235 Y46.051 -> X29.162 Y46.267)
M68 E2 Q31.853
G4 P0.020
G1 X28.439 Y46.098 F659.0
M68 E2 Q38.846
G1 X28.958 Y46.220 F659.0
M68 E2 Q31.853
G1 X29.162 Y46.267 F659.0
(ROT_RINGS CONT L4 X29.162 Y46.267 -> X30.101 Y46.422)
M68 E2 Q31.853
G4 P0.020
G1 X29.369 Y46.301 F659.0
M68 E2 Q38.846
G1 X29.895 Y46.388 F659.0
M68 E2 Q31.853
G1 X30.101 Y46.422 F659.0
(ROT_RINGS CONT L4 X30.101 Y46.422 -> X31.049 Y46.515)
M68 E2 Q31.853
G4 P0.020
G1 X30.310 Y46.443 F659.0
M68 E2 Q38.846
G1 X30.840 Y46.495 F659.0
M68 E2 Q31.853
G1 X31.049 Y46.515 F659.0
(ROT_RINGS CONT L4 X31.049 Y46.515 -> X32.000 Y46.547)
M68 E2 Q31.853
G4 P0.020
G1 X31.258 Y46.522 F659.0
M68 E2 Q38.846
G1 X31.791 Y46.540 F659.0
M68 E2 Q31.853
G1 X32.000 Y46.547 F659.0
(ROT_RINGS CONT L4 X32.000 Y46.547 -> X32.951 Y46.515)
M68 E2 Q31.853
G4 P0.020
G1 X32.209 Y46.540 F659.0
M68 E2 Q38.846
G1 X32.742 Y46.522 F659.0
M68 E2 Q31.853
G1 X32.951 Y46.515 F659.0
(ROT_RINGS CONT L4 X32.951 Y46.515 -> X33.899 Y46.422)
M68 E2 Q31.853
G4 P0.020
G1 X33.160 Y46.495 F659.0
M68 E2 Q38.846
G1 X33.690 Y46.443 F659.0
M68 E2 Q31.853
G1 X33.899 Y46.422 F659.0
(ROT_RINGS CONT L4 X33.899 Y46.422 -> X34.838 Y46.267)
M68 E2 Q31.853
G4 P0.020
G1 X34.105 Y46.388 F659.0
M68 E2 Q38.846
G1 X34.631 Y46.301 F659.0
M68 E2 Q31.853
G1 X34.838 Y46.267 F659.0
(ROT_RINGS CONT L4 X34.838 Y46.267 -> X35.765 Y46.051)
M68 E2 Q31.853
G4 P0.020
G1 X35.042 Y46.220 F659.0
M68 E2 Q38.846
G1 X35.561 Y46.098 F659.0
M68 E2 Q31.853
G1 X35.765 Y46.051 F659.0
(ROT_RINGS CONT L4 X35.765 Y46.051 -> X36.676 Y45.775)
M68 E2 Q31.853
G4 P0.020
G1 X35.965 Y45.990 F659.0
M68 E2 Q38.846
G1 X36.475 Y45.835 F659.0
M68 E2 Q31.853
G1 X36.676 Y45.775 F659.0
(ROT_RINGS CONT L4 X36.676 Y45.775 -> X37.567 Y45.439)
M68 E2 Q31.853
G4 P0.020
G1 X36.872 Y45.701 F659.0
M68 E2 Q38.846
G1 X37.371 Y45.513 F659.0
M68 E2 Q31.853
G1 X37.567 Y45.439 F659.0
(ROT_RINGS CONT L4 X37.567 Y45.439 -> X38.434 Y45.046)
M68 E2 Q31.853
G4 P0.020
G1 X37.757 Y45.353 F659.0
M68 E2 Q38.846
G1 X38.243 Y45.133 F659.0
M68 E2 Q31.853
G1 X38.434 Y45.046 F659.0
(ROT_RINGS CONT L4 X38.434 Y45.046 -> X39.273 Y44.598)
M68 E2 Q31.853
G4 P0.020
G1 X38.618 Y44.948 F659.0
M68 E2 Q38.846
G1 X39.089 Y44.696 F659.0
M68 E2 Q31.853
G1 X39.273 Y44.598 F659.0
(ROT_RINGS CONT L4 X39.273 Y44.598 -> X40.082 Y44.095)
M68 E2 Q31.853
G4 P0.020
G1 X39.451 Y44.487 F659.0
M68 E2 Q38.846
G1 X39.904 Y44.206 F659.0
M68 E2 Q31.853
G1 X40.082 Y44.095 F659.0
(ROT_RINGS CONT L4 X40.082 Y44.095 -> X40.855 Y43.541)
M68 E2 Q31.853
G4 P0.020
G1 X40.252 Y43.973 F659.0
M68 E2 Q38.846
G1 X40.685 Y43.663 F659.0
M68 E2 Q31.853
G1 X40.855 Y43.541 F659.0
(ROT_RINGS CONT L4 X40.855 Y43.541 -> X41.591 Y42.937)
M68 E2 Q31.853
G4 P0.020
G1 X41.017 Y43.408 F659.0
M68 E2 Q38.846
G1 X41.429 Y43.070 F659.0
M68 E2 Q31.853
G1 X41.591 Y42.937 F659.0
(ROT_RINGS CONT L4 X41.591 Y42.937 -> X42.286 Y42.286)
M68 E2 Q31.853
G4 P0.020
G1 X41.744 Y42.794 F659.0
M68 E2 Q38.846
G1 X42.133 Y42.429 F659.0
M68 E2 Q31.853
G1 X42.286 Y42.286 F659.0
(ROT_RINGS CONT L4 X42.286 Y42.286 -> X42.937 Y41.591)
M68 E2 Q31.853
G4 P0.020
G1 X42.429 Y42.133 F659.0
M68 E2 Q38.846
G1 X42.794 Y41.744 F659.0
M68 E2 Q31.853
G1 X42.937 Y41.591 F659.0
(ROT_RINGS CONT L4 X42.937 Y41.591 -> X43.541 Y40.855)
M68 E2 Q31.853
G4 P0.020
G1 X43.070 Y41.429 F659.0
M68 E2 Q38.846
G1 X43.408 Y41.017 F659.0
M68 E2 Q31.853
G1 X43.541 Y40.855 F659.0
(ROT_RINGS CONT L4 X43.541 Y40.855 -> X44.095 Y40.082)
M68 E2 Q31.853
G4 P0.020
G1 X43.663 Y40.685 F659.0
M68 E2 Q38.846
G1 X43.973 Y40.252 F659.0
M68 E2 Q31.853
G1 X44.095 Y40.082 F659.0
(ROT_RINGS CONT L4 X44.095 Y40.082 -> X44.598 Y39.273)
M68 E2 Q31.853
G4 P0.020
G1 X44.206 Y39.904 F659.0
M68 E2 Q38.846
G1 X44.487 Y39.451 F659.0
M68 E2 Q31.853
G1 X44.598 Y39.273 F659.0
(ROT_RINGS CONT L4 X44.598 Y39.273 -> X45.046 Y38.434)
M68 E2 Q31.853
G4 P0.020
G1 X44.696 Y39.089 F659.0
M68 E2 Q38.846
G1 X44.948 Y38.618 F659.0
M68 E2 Q31.853
G1 X45.046 Y38.434 F659.0
(ROT_RINGS CONT L4 X45.046 Y38.434 -> X45.439 Y37.567)
M68 E2 Q31.853
G4 P0.020
G1 X45.133 Y38.243 F659.0
M68 E2 Q38.846
G1 X45.353 Y37.757 F659.0
M68 E2 Q31.853
G1 X45.439 Y37.567 F659.0
(ROT_RINGS CONT L4 X45.439 Y37.567 -> X45.775 Y36.676)
M68 E2 Q31.853
G4 P0.020
G1 X45.513 Y37.371 F659.0
M68 E2 Q38.846
G1 X45.701 Y36.872 F659.0
M68 E2 Q31.853
G1 X45.775 Y36.676 F659.0
(ROT_RINGS CONT L4 X45.775 Y36.676 -> X46.051 Y35.765)
M68 E2 Q31.853
G4 P0.020
G1 X45.835 Y36.475 F659.0
M68 E2 Q38.846
G1 X45.990 Y35.965 F659.0
M68 E2 Q31.853
G1 X46.051 Y35.765 F659.0
(ROT_RINGS CONT L4 X46.051 Y35.765 -> X46.267 Y34.838)
M68 E2 Q31.853
G4 P0.020
G1 X46.098 Y35.561 F659.0
M68 E2 Q38.846
G1 X46.220 Y35.042 F659.0
M68 E2 Q31.853
G1 X46.267 Y34.838 F659.0
(ROT_RINGS CONT L4 X46.267 Y34.838 -> X46.422 Y33.899)
M68 E2 Q31.853
G4 P0.020
G1 X46.301 Y34.631 F659.0
M68 E2 Q38.846
G1 X46.388 Y34.105 F659.0
M68 E2 Q31.853
G1 X46.422 Y33.899 F659.0
(ROT_RINGS CONT L4 X46.422 Y33.899 -> X46.515 Y32.951)
M68 E2 Q31.853
G4 P0.020
G1 X46.443 Y33.690 F659.0
M68 E2 Q38.846
G1 X46.495 Y33.160 F659.0
M68 E2 Q31.853
G1 X46.515 Y32.951 F659.0
(ROT_RINGS CONT L4 X46.515 Y32.951 -> X46.547 Y32.000)
M68 E2 Q31.853
G4 P0.020
G1 X46.522 Y32.742 F659.0
M68 E2 Q38.846
G1 X46.540 Y32.209 F659.0
M68 E2 Q31.853
G1 X46.547 Y32.000 F659.0
(ROT_RINGS CONT L4 X46.547 Y32.000 -> X46.515 Y31.049)
M68 E2 Q31.853
G4 P0.020
G1 X46.540 Y31.791 F659.0
M68 E2 Q38.846
G1 X46.522 Y31.258 F659.0
M68 E2 Q31.853
G1 X46.515 Y31.049 F659.0
(ROT_RINGS CONT L4 X46.515 Y31.049 -> X46.422 Y30.101)
M68 E2 Q31.853
G4 P0.020
G1 X46.495 Y30.840 F659.0
M68 E2 Q38.846
G1 X46.443 Y30.310 F659.0
M68 E2 Q31.853
G1 X46.422 Y30.101 F659.0
(ROT_RINGS CONT L4 X46.422 Y30.101 -> X46.267 Y29.162)
M68 E2 Q31.853
G4 P0.020
G1 X46.388 Y29.895 F659.0
M68 E2 Q38.846
G1 X46.301 Y29.369 F659.0
M68 E2 Q31.853
G1 X46.267 Y29.162 F659.0
(ROT_RINGS CONT L4 X46.267 Y29.162 -> X46.051 Y28.235)
M68 E2 Q31.853
G4 P0.020
G1 X46.220 Y28.958 F659.0
M68 E2 Q38.846
G1 X46.098 Y28.439 F659.0
M68 E2 Q31.853
G1 X46.051 Y28.235 F659.0
(ROT_RINGS CONT L4 X46.051 Y28.235 -> X45.775 Y27.324)
M68 E2 Q31.853
G4 P0.020
G1 X45.990 Y28.035 F659.0
M68 E2 Q38.846
G1 X45.835 Y27.525 F659.0
M68 E2 Q31.853
G1 X45.775 Y27.324 F659.0
(ROT_RINGS CONT L4 X45.775 Y27.324 -> X45.439 Y26.433)
M68 E2 Q31.853
G4 P0.020
G1 X45.701 Y27.128 F659.0
M68 E2 Q38.846
G1 X45.513 Y26.629 F659.0
M68 E2 Q31.853
G1 X45.439 Y26.433 F659.0
(ROT_RINGS CONT L4 X45.439 Y26.433 -> X45.046 Y25.566)
M68 E2 Q31.853
G4 P0.020
G1 X45.353 Y26.243 F659.0
M68 E2 Q38.846
G1 X45.133 Y25.757 F659.0
M68 E2 Q31.853
G1 X45.046 Y25.566 F659.0
(ROT_RINGS CONT L4 X45.046 Y25.566 -> X44.598 Y24.727)
M68 E2 Q31.853
G4 P0.020
G1 X44.948 Y25.382 F659.0
M68 E2 Q38.846
G1 X44.696 Y24.911 F659.0
M68 E2 Q31.853
G1 X44.598 Y24.727 F659.0
(ROT_RINGS CONT L4 X44.598 Y24.727 -> X44.095 Y23.918)
M68 E2 Q31.853
G4 P0.020
G1 X44.487 Y24.549 F659.0
M68 E2 Q38.846
G1 X44.206 Y24.096 F659.0
M68 E2 Q31.853
G1 X44.095 Y23.918 F659.0
(ROT_RINGS CONT L4 X44.095 Y23.918 -> X43.541 Y23.145)
M68 E2 Q31.853
G4 P0.020
G1 X43.973 Y23.748 F659.0
M68 E2 Q38.846
G1 X43.663 Y23.315 F659.0
M68 E2 Q31.853
G1 X43.541 Y23.145 F659.0
(ROT_RINGS CONT L4 X43.541 Y23.145 -> X42.937 Y22.409)
M68 E2 Q31.853
G4 P0.020
G1 X43.408 Y22.983 F659.0
M68 E2 Q38.846
G1 X43.070 Y22.571 F659.0
M68 E2 Q31.853
G1 X42.937 Y22.409 F659.0
(ROT_RINGS CONT L4 X42.937 Y22.409 -> X42.286 Y21.714)
M68 E2 Q31.853
G4 P0.020
G1 X42.794 Y22.256 F659.0
M68 E2 Q38.846
G1 X42.429 Y21.867 F659.0
M68 E2 Q31.853
G1 X42.286 Y21.714 F659.0
(ROT_RINGS CONT L4 X42.286 Y21.714 -> X41.591 Y21.063)
M68 E2 Q31.853
G4 P0.020
G1 X42.133 Y21.571 F659.0
M68 E2 Q38.846
G1 X41.744 Y21.206 F659.0
M68 E2 Q31.853
G1 X41.591 Y21.063 F659.0
(ROT_RINGS CONT L4 X41.591 Y21.063 -> X40.855 Y20.459)
M68 E2 Q31.853
G4 P0.020
G1 X41.429 Y20.930 F659.0
M68 E2 Q38.846
G1 X41.017 Y20.592 F659.0
M68 E2 Q31.853
G1 X40.855 Y20.459 F659.0
(ROT_RINGS CONT L4 X40.855 Y20.459 -> X40.082 Y19.905)
M68 E2 Q31.853
G4 P0.020
G1 X40.685 Y20.337 F659.0
M68 E2 Q38.846
G1 X40.252 Y20.027 F659.0
M68 E2 Q31.853
G1 X40.082 Y19.905 F659.0
(ROT_RINGS CONT L4 X40.082 Y19.905 -> X39.273 Y19.402)
M68 E2 Q31.853
G4 P0.020
G1 X39.904 Y19.794 F659.0
M68 E2 Q38.846
G1 X39.451 Y19.513 F659.0
M68 E2 Q31.853
G1 X39.273 Y19.402 F659.0
(ROT_RINGS CONT L4 X39.273 Y19.402 -> X38.434 Y18.954)
M68 E2 Q31.853
G4 P0.020
G1 X39.089 Y19.304 F659.0
M68 E2 Q38.846
G1 X38.618 Y19.052 F659.0
M68 E2 Q31.853
G1 X38.434 Y18.954 F659.0
(ROT_RINGS CONT L4 X38.434 Y18.954 -> X37.567 Y18.561)
M68 E2 Q31.853
G4 P0.020
G1 X38.243 Y18.867 F659.0
M68 E2 Q38.846
G1 X37.757 Y18.647 F659.0
M68 E2 Q31.853
G1 X37.567 Y18.561 F659.0
(ROT_RINGS CONT L4 X37.567 Y18.561 -> X36.676 Y18.225)
M68 E2 Q31.853
G4 P0.020
G1 X37.371 Y18.487 F659.0
M68 E2 Q38.846
G1 X36.872 Y18.299 F659.0
M68 E2 Q31.853
G1 X36.676 Y18.225 F659.0
(ROT_RINGS CONT L4 X36.676 Y18.225 -> X35.765 Y17.949)
M68 E2 Q31.853
G4 P0.020
G1 X36.475 Y18.165 F659.0
M68 E2 Q38.846
G1 X35.965 Y18.010 F659.0
M68 E2 Q31.853
G1 X35.765 Y17.949 F659.0
(ROT_RINGS CONT L4 X35.765 Y17.949 -> X34.838 Y17.733)
M68 E2 Q31.853
G4 P0.020
G1 X35.561 Y17.902 F659.0
M68 E2 Q38.846
G1 X35.042 Y17.780 F659.0
M68 E2 Q31.853
G1 X34.838 Y17.733 F659.0
(ROT_RINGS CONT L4 X34.838 Y17.733 -> X33.899 Y17.578)
M68 E2 Q31.853
G4 P0.020
G1 X34.631 Y17.699 F659.0
M68 E2 Q38.846
G1 X34.105 Y17.612 F659.0
M68 E2 Q31.853
G1 X33.899 Y17.578 F659.0
(ROT_RINGS CONT L4 X33.899 Y17.578 -> X32.951 Y17.485)
M68 E2 Q31.853
G4 P0.020
G1 X33.690 Y17.557 F659.0
M68 E2 Q38.846
G1 X33.160 Y17.505 F659.0
M68 E2 Q31.853
G1 X32.951 Y17.485 F659.0
(ROT_RINGS CONT L4 X32.951 Y17.485 -> X32.000 Y17.453)
M68 E2 Q31.853
G4 P0.020
G1 X32.742 Y17.478 F659.0
M68 E2 Q38.846
G1 X32.209 Y17.460 F659.0
M68 E2 Q31.853
G1 X32.000 Y17.453 F659.0
(ROT_RINGS CONT L4 X32.000 Y17.453 -> X31.049 Y17.485)
M68 E2 Q31.853
G4 P0.020
G1 X31.791 Y17.460 F659.0
M68 E2 Q38.846
G1 X31.258 Y17.478 F659.0
M68 E2 Q31.853
G1 X31.049 Y17.485 F659.0
(ROT_RINGS CONT L4 X31.049 Y17.485 -> X30.101 Y17.578)
M68 E2 Q31.853
G4 P0.020
G1 X30.840 Y17.505 F659.0
M68 E2 Q38.846
G1 X30.310 Y17.557 F659.0
M68 E2 Q31.853
G1 X30.101 Y17.578 F659.0
(ROT_RINGS CONT L4 X30.101 Y17.578 -> X29.162 Y17.733)
M68 E2 Q31.853
G4 P0.020
G1 X29.895 Y17.612 F659.0
M68 E2 Q38.846
G1 X29.369 Y17.699 F659.0
M68 E2 Q31.853
G1 X29.162 Y17.733 F659.0
(ROT_RINGS CONT L4 X29.162 Y17.733 -> X28.235 Y17.949)
M68 E2 Q31.853
G4 P0.020
G1 X28.958 Y17.780 F659.0
M68 E2 Q38.846
G1 X28.439 Y17.902 F659.0
M68 E2 Q31.853
G1 X28.235 Y17.949 F659.0
(ROT_RINGS CONT L4 X28.235 Y17.949 -> X27.324 Y18.225)
M68 E2 Q31.853
G4 P0.020
G1 X28.035 Y18.010 F659.0
M68 E2 Q38.846
G1 X27.525 Y18.165 F659.0
M68 E2 Q31.853
G1 X27.324 Y18.225 F659.0
(ROT_RINGS CONT L4 X27.324 Y18.225 -> X26.433 Y18.561)
M68 E2 Q31.853
G4 P0.020
G1 X27.128 Y18.299 F659.0
M68 E2 Q38.846
G1 X26.629 Y18.487 F659.0
M68 E2 Q31.853
G1 X26.433 Y18.561 F659.0
(ROT_RINGS CONT L4 X26.433 Y18.561 -> X25.566 Y18.954)
M68 E2 Q31.853
G4 P0.020
G1 X26.243 Y18.647 F659.0
M68 E2 Q38.846
G1 X25.757 Y18.867 F659.0
M68 E2 Q31.853
G1 X25.566 Y18.954 F659.0
(ROT_RINGS CONT L4 X25.566 Y18.954 -> X24.727 Y19.402)
M68 E2 Q31.853
G4 P0.020
G1 X25.382 Y19.052 F659.0
M68 E2 Q38.846
G1 X24.911 Y19.304 F659.0
M68 E2 Q31.853
G1 X24.727 Y19.402 F659.0
(ROT_RINGS CONT L4 X24.727 Y19.402 -> X23.918 Y19.905)
M68 E2 Q31.853
G4 P0.020
G1 X24.549 Y19.513 F659.0
M68 E2 Q38.846
G1 X24.096 Y19.794 F659.0
M68 E2 Q31.853
G1 X23.918 Y19.905 F659.0
(ROT_RINGS CONT L4 X23.918 Y19.905 -> X23.145 Y20.459)
M68 E2 Q31.853
G4 P0.020
G1 X23.748 Y20.027 F659.0
M68 E2 Q38.846
G1 X23.315 Y20.337 F659.0
M68 E2 Q31.853
G1 X23.145 Y20.459 F659.0
(ROT_RINGS CONT L4 X23.145 Y20.459 -> X22.409 Y21.063)
M68 E2 Q31.853
G4 P0.020
G1 X22.983 Y20.592 F659.0
M68 E2 Q38.846
G1 X22.571 Y20.930 F659.0
M68 E2 Q31.853
G1 X22.409 Y21.063 F659.0
(ROT_RINGS CONT L4 X22.409 Y21.063 -> X21.714 Y21.714)
M68 E2 Q31.853
G4 P0.020
G1 X22.256 Y21.206 F659.0
M68 E2 Q38.846
G1 X21.867 Y21.571 F659.0
M68 E2 Q31.853
G1 X21.714 Y21.714 F659.0
(ROT_RINGS CONT L4 X21.714 Y21.714 -> X21.063 Y22.409)
M68 E2 Q31.853
G4 P0.020
G1 X21.571 Y21.867 F659.0
M68 E2 Q38.846
G1 X21.206 Y22.256 F659.0
M68 E2 Q31.853
G1 X21.063 Y22.409 F659.0
(ROT_RINGS CONT L4 X21.063 Y22.409 -> X20.459 Y23.145)
M68 E2 Q31.853
G4 P0.020
G1 X20.930 Y22.571 F659.0
M68 E2 Q38.846
G1 X20.592 Y22.983 F659.0
M68 E2 Q31.853
G1 X20.459 Y23.145 F659.0
(ROT_RINGS CONT L4 X20.459 Y23.145 -> X19.905 Y23.918)
M68 E2 Q31.853
G4 P0.020
G1 X20.337 Y23.315 F659.0
M68 E2 Q38.846
G1 X20.027 Y23.748 F659.0
M68 E2 Q31.853
G1 X19.905 Y23.918 F659.0
(ROT_RINGS CONT L4 X19.905 Y23.918 -> X19.402 Y24.727)
M68 E2 Q31.853
G4 P0.020
G1 X19.794 Y24.096 F659.0
M68 E2 Q38.846
G1 X19.513 Y24.549 F659.0
M68 E2 Q31.853
G1 X19.402 Y24.727 F659.0
(ROT_RINGS CONT L4 X19.402 Y24.727 -> X18.954 Y25.566)
M68 E2 Q31.853
G4 P0.020
G1 X19.304 Y24.911 F659.0
M68 E2 Q38.846
G1 X19.052 Y25.382 F659.0
M68 E2 Q31.853
G1 X18.954 Y25.566 F659.0
(ROT_RINGS CONT L4 X18.954 Y25.566 -> X18.561 Y26.433)
M68 E2 Q31.853
G4 P0.020
G1 X18.867 Y25.757 F659.0
M68 E2 Q38.846
G1 X18.647 Y26.243 F659.0
M68 E2 Q31.853
G1 X18.561 Y26.433 F659.0
(ROT_RINGS CONT L4 X18.561 Y26.433 -> X18.225 Y27.324)
M68 E2 Q31.853
G4 P0.020
G1 X18.487 Y26.629 F659.0
M68 E2 Q38.846
G1 X18.299 Y27.128 F659.0
M68 E2 Q31.853
G1 X18.225 Y27.324 F659.0
(ROT_RINGS CONT L4 X18.225 Y27.324 -> X17.949 Y28.235)
M68 E2 Q31.853
G4 P0.020
G1 X18.165 Y27.525 F659.0
M68 E2 Q38.846
G1 X18.010 Y28.035 F659.0
M68 E2 Q31.853
G1 X17.949 Y28.235 F659.0
(ROT_RINGS CONT L4 X17.949 Y28.235 -> X17.733 Y29.162)
M68 E2 Q31.853
G4 P0.020
G1 X17.902 Y28.439 F659.0
M68 E2 Q38.846
G1 X17.780 Y28.958 F659.0
M68 E2 Q31.853
G1 X17.733 Y29.162 F659.0
(ROT_RINGS CONT L4 X17.733 Y29.162 -> X17.578 Y30.101)
M68 E2 Q31.853
G4 P0.020
G1 X17.699 Y29.369 F659.0
M68 E2 Q38.846
G1 X17.612 Y29.895 F659.0
M68 E2 Q31.853
G1 X17.578 Y30.101 F659.0
(ROT_RINGS CONT L4 X17.578 Y30.101 -> X17.485 Y31.049)
M68 E2 Q31.853
G4 P0.020
G1 X17.557 Y30.310 F659.0
M68 E2 Q38.846
G1 X17.505 Y30.840 F659.0
M68 E2 Q31.853
G1 X17.485 Y31.049 F659.0
(ROT_RINGS CONT L4 X17.485 Y31.049 -> X17.453 Y32.000)
M68 E2 Q31.853
G4 P0.020
G1 X17.478 Y31.258 F659.0
M68 E2 Q38.846
G1 X17.460 Y31.791 F659.0
M68 E2 Q31.853
G1 X17.453 Y32.000 F659.0
(ROT_RINGS CONT L4 X17.453 Y32.000 -> X17.485 Y32.951)
M68 E2 Q31.853
G4 P0.020
G1 X17.460 Y32.209 F659.0
M68 E2 Q38.846
G1 X17.478 Y32.742 F659.0
M68 E2 Q31.853
G1 X17.485 Y32.951 F659.0
(ROT_RINGS CONT L4 X17.485 Y32.951 -> X17.578 Y33.899)
M68 E2 Q31.853
G4 P0.020
G1 X17.505 Y33.160 F659.0
M68 E2 Q38.846
G1 X17.557 Y33.690 F659.0
M68 E2 Q31.853
G1 X17.578 Y33.899 F659.0
(ROT_RINGS CONT L4 X17.578 Y33.899 -> X17.733 Y34.838)
M68 E2 Q31.853
G4 P0.020
G1 X17.612 Y34.105 F659.0
M68 E2 Q38.846
G1 X17.699 Y34.631 F659.0
M68 E2 Q31.853
G1 X17.733 Y34.838 F659.0
(ROT_RINGS CONT L4 X17.733 Y34.838 -> X17.949 Y35.765)
M68 E2 Q31.853
G4 P0.020
G1 X17.780 Y35.042 F659.0
M68 E2 Q38.846
G1 X17.902 Y35.561 F659.0
M68 E2 Q31.853
G1 X17.949 Y35.765 F659.0
(ROT_RINGS CONT L4 X17.949 Y35.765 -> X18.225 Y36.676)
M68 E2 Q31.853
G4 P0.020
G1 X18.010 Y35.965 F659.0
M68 E2 Q38.846
G1 X18.165 Y36.475 F659.0
M68 E2 Q31.853
G1 X18.225 Y36.676 F659.0
(ROT_RINGS CONT L4 X18.225 Y36.676 -> X18.561 Y37.567)
M68 E2 Q31.853
G4 P0.020
G1 X18.299 Y36.872 F659.0
M68 E2 Q38.846
G1 X18.487 Y37.371 F659.0
M68 E2 Q31.853
G1 X18.561 Y37.567 F659.0
(ROT_RINGS CONT L4 X18.561 Y37.567 -> X18.954 Y38.434)
M68 E2 Q31.853
G4 P0.020
G1 X18.647 Y37.757 F659.0
M68 E2 Q38.846
G1 X18.867 Y38.243 F659.0
M68 E2 Q31.853
G1 X18.954 Y38.434 F659.0
(ROT_RINGS CONT L4 X18.954 Y38.434 -> X19.402 Y39.273)
M68 E2 Q31.853
G4 P0.020
G1 X19.052 Y38.618 F659.0
M68 E2 Q38.846
G1 X19.304 Y39.089 F659.0
M68 E2 Q31.853
G1 X19.402 Y39.273 F659.0
(ROT_RINGS CONT L4 X19.402 Y39.273 -> X19.905 Y40.082)
M68 E2 Q31.853
G4 P0.020
G1 X19.513 Y39.451 F659.0
M68 E2 Q38.846
G1 X19.794 Y39.904 F659.0
M68 E2 Q31.853
G1 X19.905 Y40.082 F659.0
(ROT_RINGS CONT L4 X19.905 Y40.082 -> X20.459 Y40.855)
M68 E2 Q31.853
G4 P0.020
G1 X20.027 Y40.252 F659.0
M68 E2 Q38.846
G1 X20.337 Y40.685 F659.0
M68 E2 Q31.853
G1 X20.459 Y40.855 F659.0
(ROT_RINGS CONT L4 X20.459 Y40.855 -> X21.063 Y41.591)
M68 E2 Q31.853
G4 P0.020
G1 X20.592 Y41.017 F659.0
M68 E2 Q38.846
G1 X20.930 Y41.429 F659.0
M68 E2 Q31.853
G1 X21.063 Y41.591 F659.0
(ROT_RINGS CONT L4 X21.063 Y41.591 -> X21.714 Y42.286)
M68 E2 Q31.853
G4 P0.020
G1 X21.206 Y41.744 F659.0
M68 E2 Q38.846
G1 X21.571 Y42.133 F659.0
M68 E2 Q31.853
G1 X21.714 Y42.286 F659.0
(ROT_RINGS CONT L4 X21.714 Y42.286 -> X22.409 Y42.937)
M68 E2 Q31.853
G4 P0.020
G1 X21.867 Y42.429 F659.0
M68 E2 Q38.846
G1 X22.256 Y42.794 F659.0
M68 E2 Q31.853
G1 X22.409 Y42.937 F659.0
(ROT_RINGS CONT L4 X22.409 Y42.937 -> X23.145 Y43.541)
M68 E2 Q31.853
G4 P0.020
G1 X22.571 Y43.070 F659.0
M68 E2 Q38.846
G1 X22.983 Y43.408 F659.0
M68 E2 Q31.853
G1 X23.145 Y43.541 F659.0
(ROT_RINGS CONT L4 X23.145 Y43.541 -> X23.918 Y44.095)
M68 E2 Q31.853
G4 P0.020
G1 X23.315 Y43.663 F659.0
M68 E2 Q38.846
G1 X23.748 Y43.973 F659.0
M68 E2 Q31.853
G1 X23.918 Y44.095 F659.0
(ROT_RINGS CONT L4 X23.918 Y44.095 -> X24.727 Y44.598)
M68 E2 Q31.853
G4 P0.020
G1 X24.096 Y44.206 F659.0
M68 E2 Q38.846
G1 X24.549 Y44.487 F659.0
M68 E2 Q31.853
G1 X24.727 Y44.598 F659.0
M68 E2 Q0.000
G1 X22.389 Y40.065 F856.7
(ROT_RINGS CONT L4 X22.389 Y40.065 -> X21.882 Y39.419)
M68 E2 Q31.853
G4 P0.020
G1 X22.277 Y39.923 F659.0
M68 E2 Q38.846
G1 X21.993 Y39.561 F659.0
M68 E2 Q31.853
G1 X21.882 Y39.419 F659.0
(ROT_RINGS CONT L4 X21.882 Y39.419 -> X21.418 Y38.741)
M68 E2 Q31.853
G4 P0.020
G1 X21.780 Y39.270 F659.0
M68 E2 Q38.846
G1 X21.520 Y38.890 F659.0
M68 E2 Q31.853
G1 X21.418 Y38.741 F659.0
(ROT_RINGS CONT L4 X21.418 Y38.741 -> X21.000 Y38.035)
M68 E2 Q31.853
G4 P0.020
G1 X21.326 Y38.586 F659.0
M68 E2 Q38.846
G1 X21.092 Y38.190 F659.0
M68 E2 Q31.853
G1 X21.000 Y38.035 F659.0
(ROT_RINGS CONT L4 X21.000 Y38.035 -> X20.629 Y37.302)
M68 E2 Q31.853
G4 P0.020
G1 X20.918 Y37.874 F659.0
M68 E2 Q38.846
G1 X20.711 Y37.464 F659.0
M68 E2 Q31.853
G1 X20.629 Y37.302 F659.0
(ROT_RINGS CONT L4 X20.629 Y37.302 -> X20.306 Y36.547)
M68 E2 Q31.853
G4 P0.020
G1 X20.558 Y37.136 F659.0
M68 E2 Q38.846
G1 X20.377 Y36.713 F659.0
M68 E2 Q31.853
G1 X20.306 Y36.547 F659.0
(ROT_RINGS CONT L4 X20.306 Y36.547 -> X20.034 Y35.773)
M68 E2 Q31.853
G4 P0.020
G1 X20.247 Y36.377 F659.0
M68 E2 Q38.846
G1 X20.094 Y35.943 F659.0
M68 E2 Q31.853
G1 X20.034 Y35.773 F659.0
(ROT_RINGS CONT L4 X20.034 Y35.773 -> X19.813 Y34.982)
M68 E2 Q31.853
G4 P0.020
G1 X19.985 Y35.599 F659.0
M68 E2 Q38.846
G1 X19.862 Y35.156 F659.0
M68 E2 Q31.853
G1 X19.813 Y34.982 F659.0
(ROT_RINGS CONT L4 X19.813 Y34.982 -> X19.644 Y34.179)
M68 E2 Q31.853
G4 P0.020
G1 X19.776 Y34.805 F659.0
M68 E2 Q38.846
G1 X19.681 Y34.355 F659.0
M68 E2 Q31.853
G1 X19.644 Y34.179 F659.0
(ROT_RINGS CONT L4 X19.644 Y34.179 -> X19.528 Y33.366)
M68 E2 Q31.853
G4 P0.020
G1 X19.619 Y34.000 F659.0
M68 E2 Q38.846
G1 X19.554 Y33.545 F659.0
M68 E2 Q31.853
G1 X19.528 Y33.366 F659.0
(ROT_RINGS CONT L4 X19.528 Y33.366 -> X19.465 Y32.547)
M68 E2 Q31.853
G4 P0.020
G1 X19.514 Y33.186 F659.0
M68 E2 Q38.846
G1 X19.479 Y32.727 F659.0
M68 E2 Q31.853
G1 X19.465 Y32.547 F659.0
(ROT_RINGS CONT L4 X19.465 Y32.547 -> X19.456 Y31.726)
M68 E2 Q31.853
G4 P0.020
G1 X19.463 Y32.367 F659.0
M68 E2 Q38.846
G1 X19.458 Y31.907 F659.0
M68 E2 Q31.853
G1 X19.456 Y31.726 F659.0
(ROT_RINGS CONT L4 X19.456 Y31.726 -> X19.501 Y30.906)
M68 E2 Q31.853
G4 P0.020
G1 X19.466 Y31.546 F659.0
M68 E2 Q38.846
G1 X19.491 Y31.087 F659.0
M68 E2 Q31.853
G1 X19.501 Y30.906 F659.0
(ROT_RINGS CONT L4 X19.501 Y30.906 -> X19.599 Y30.091)
M68 E2 Q31.853
G4 P0.020
G1 X19.523 Y30.727 F659.0
M68 E2 Q38.846
G1 X19.578 Y30.271 F659.0
M68 E2 Q31.853
G1 X19.599 Y30.091 F659.0
(ROT_RINGS CONT L4 X19.599 Y30.091 -> X19.751 Y29.284)
M68 E2 Q31.853
G4 P0.020
G1 X19.633 Y29.914 F659.0
M68 E2 Q38.846
G1 X19.718 Y29.462 F659.0
M68 E2 Q31.853
G1 X19.751 Y29.284 F659.0
(ROT_RINGS CONT L4 X19.751 Y29.284 -> X19.955 Y28.489)
M68 E2 Q31.853
G4 P0.020
G1 X19.796 Y29.109 F659.0
M68 E2 Q38.846
G1 X19.910 Y28.664 F659.0
M68 E2 Q31.853
G1 X19.955 Y28.489 F659.0
(ROT_RINGS CONT L4 X19.955 Y28.489 -> X20.210 Y27.709)
M68 E2 Q31.853
G4 P0.020
G1 X20.011 Y28.317 F659.0
M68 E2 Q38.846
G1 X20.154 Y27.880 F659.0
M68 E2 Q31.853
G1 X20.210 Y27.709 F659.0
(ROT_RINGS CONT L4 X20.210 Y27.709 -> X20.516 Y26.947)
M68 E2 Q31.853
G4 P0.020
G1 X20.277 Y27.541 F659.0
M68 E2 Q38.846
G1 X20.449 Y27.115 F659.0
M68 E2 Q31.853
G1 X20.516 Y26.947 F659.0
(ROT_RINGS CONT L4 X20.516 Y26.947 -> X20.871 Y26.207)
M68 E2 Q31.853
G4 P0.020
G1 X20.594 Y26.784 F659.0
M68 E2 Q38.846
G1 X20.793 Y26.369 F659.0
M68 E2 Q31.853
G1 X20.871 Y26.207 F659.0
(ROT_RINGS CONT L4 X20.871 Y26.207 -> X21.274 Y25.491)
M68 E2 Q31.853
G4 P0.020
G1 X20.960 Y26.049 F659.0
M68 E2 Q38.846
G1 X21.185 Y25.649 F659.0
M68 E2 Q31.853
G1 X21.274 Y25.491 F659.0
(ROT_RINGS CONT L4 X21.274 Y25.491 -> X21.722 Y24.804)
M68 E2 Q31.853
G4 P0.020
G1 X21.372 Y25.340 F659.0
M68 E2 Q38.846
G1 X21.624 Y24.955 F659.0
M68 E2 Q31.853
G1 X21.722 Y24.804 F659.0
(ROT_RINGS CONT L4 X21.722 Y24.804 -> X22.215 Y24.147)
M68 E2 Q31.853
G4 P0.020
G1 X21.831 Y24.659 F659.0
M68 E2 Q38.846
G1 X22.107 Y24.291 F659.0
M68 E2 Q31.853
G1 X22.215 Y24.147 F659.0
(ROT_RINGS CONT L4 X22.215 Y24.147 -> X22.750 Y23.524)
M68 E2 Q31.853
G4 P0.020
G1 X22.333 Y24.010 F659.0
M68 E2 Q38.846
G1 X22.632 Y23.661 F659.0
M68 E2 Q31.853
G1 X22.750 Y23.524 F659.0
(ROT_RINGS CONT L4 X22.750 Y23.524 -> X23.324 Y22.937)
M68 E2 Q31.853
G4 P0.020
G1 X22.876 Y23.395 F659.0
M68 E2 Q38.846
G1 X23.198 Y23.066 F659.0
M68 E2 Q31.853
G1 X23.324 Y22.937 F659.0
(ROT_RINGS CONT L4 X23.324 Y22.937 -> X23.935 Y22.389)
M68 E2 Q31.853
G4 P0.020
G1 X23.458 Y22.816 F659.0
M68 E2 Q38.846
G1 X23.801 Y22.509 F659.0
M68 E2 Q31.853
G1 X23.935 Y22.389 F659.0
(ROT_RINGS CONT L4 X23.935 Y22.389 -> X24.581 Y21.882)
M68 E2 Q31.853
G4 P0.020
G1 X24.077 Y22.277 F659.0
M68 E2 Q38.846
G1 X24.439 Y21.993 F659.0
M68 E2 Q31.853
G1 X24.581 Y21.882 F659.0
(ROT_RINGS CONT L4 X24.581 Y21.882 -> X25.259 Y21.418)
M68 E2 Q31.853
G4 P0.020
G1 X24.730 Y21.780 F659.0
M68 E2 Q38.846
G1 X25.110 Y21.520 F659.0
M68 E2 Q31.853
G1 X25.259 Y21.418 F659.0
(ROT_RINGS CONT L4 X25.259 Y21.418 -> X25.965 Y21.000)
M68 E2 Q31.853
G4 P0.020
G1 X25.414 Y21.326 F659.0
M68 E2 Q38.846
G1 X25.810 Y21.092 F659.0
M68 E2 Q31.853
G1 X25.965 Y21.000 F659.0
(ROT_RINGS CONT L4 X25.965 Y21.000 -> X26.698 Y20.629)
M68 E2 Q31.853
G4 P0.020
G1 X26.126 Y20.918 F659.0
M68 E2 Q38.846
G1 X26.536 Y20.711 F659.0
M68 E2 Q31.853
G1 X26.698 Y20.629 F659.0
(ROT_RINGS CONT L4 X26.698 Y20.629 -> X27.453 Y20.306)
M68 E2 Q31.853
G4 P0.020
G1 X26.864 Y20.558 F659.0
M68 E2 Q38.846
G1 X27.287 Y20.377 F659.0
M68 E2 Q31.853
G1 X27.453 Y20.306 F659.0
(ROT_RINGS CONT L4 X27.453 Y20.306 -> X28.227 Y20.034)
M68 E2 Q31.853
G4 P0.020
G1 X27.623 Y20.247 F659.0
M68 E2 Q38.846
G1 X28.057 Y20.094 F659.0
M68 E2 Q31.853
G1 X28.227 Y20.034 F659.0
(ROT_RINGS CONT L4 X28.227 Y20.034 -> X29.018 Y19.813)
M68 E2 Q31.853
G4 P0.020
G1 X28.401 Y19.985 F659.0
M68 E2 Q38.846
G1 X28.844 Y19.862 F659.0
M68 E2 Q31.853
G1 X29.018 Y19.813 F659.0
(ROT_RINGS CONT L4 X29.018 Y19.813 -> X29.821 Y19.644)
M68 E2 Q31.853
G4 P0.020
G1 X29.195 Y19.776 F659.0
M68 E2 Q38.846
G1 X29.645 Y19.681 F659.0
M68 E2 Q31.853
G1 X29.821 Y19.644 F659.0
(ROT_RINGS CONT L4 X29.821 Y19.644 -> X30.634 Y19.528)
M68 E2 Q31.853
G4 P0.020
G1 X30.000 Y19.619 F659.0
M68 E2 Q38.846
G1 X30.455 Y19.554 F659.0
M68 E2 Q31.853
G1 X30.634 Y19.528 F659.0
(ROT_RINGS CONT L4 X30.634 Y19.528 -> X31.453 Y19.465)
M68 E2 Q31.853
G4 P0.020
G1 X30.814 Y19.514 F659.0
M68 E2 Q38.846
G1 X31.273 Y19.479 F659.0
M68 E2 Q31.853
G1 X31.453 Y19.465 F659.0
(ROT_RINGS CONT L4 X31.453 Y19.465 -> X32.274 Y19.456)
M68 E2 Q31.853
G4 P0.020
G1 X31.633 Y19.463 F659.0
M68 E2 Q38.846
G1 X32.093 Y19.458 F659.0
M68 E2 Q31.853
G1 X32.274 Y19.456 F659.0
(ROT_RINGS CONT L4 X32.274 Y19.456 -> X33.094 Y19.501)
M68 E2 Q31.853
G4 P0.020
G1 X32.454 Y19.466 F659.0
M68 E2 Q38.846
G1 X32.913 Y19.491 F659.0
M68 E2 Q31.853
G1 X33.094 Y19.501 F659.0
(ROT_RINGS CONT L4 X33.094 Y19.501 -> X33.909 Y19.599)
M68 E2 Q31.853
G4 P0.020
G1 X33.273 Y19.523 F659.0
M68 E2 Q38.846
G1 X33.729 Y19.578 F659.0
M68 E2 Q31.853
G1 X33.909 Y19.599 F659.0
(ROT_RINGS CONT L4 X33.909 Y19.599 -> X34.716 Y19.751)
M68 E2 Q31.853
G4 P0.020
G1 X34.086 Y19.633 F659.0
M68 E2 Q38.846
G1 X34.538 Y19.718 F659.0
M68 E2 Q31.853
G1 X34.716 Y19.751 F659.0
(ROT_RINGS CONT L4 X34.716 Y19.751 -> X35.511 Y19.955)
M68 E2 Q31.853
G4 P0.020
G1 X34.891 Y19.796 F659.0
M68 E2 Q38.846
G1 X35.336 Y19.910 F659.0
M68 E2 Q31.853
G1 X35.511 Y19.955 F659.0
(ROT_RINGS CONT L4 X35.511 Y19.955 -> X36.291 Y20.210)
M68 E2 Q31.853
G4 P0.020
G1 X35.683 Y20.011 F659.0
M68 E2 Q38.846
G1 X36.120 Y20.154 F659.0
M68 E2 Q31.853
G1 X36.291 Y20.210 F659.0
(ROT_RINGS CONT L4 X36.291 Y20.210 -> X37.053 Y20.516)
M68 E2 Q31.853
G4 P0.020
G1 X36.459 Y20.277 F659.0
M68 E2 Q38.846
G1 X36.885 Y20.449 F659.0
M68 E2 Q31.853
G1 X37.053 Y20.516 F659.0
(ROT_RINGS CONT L4 X37.053 Y20.516 -> X37.793 Y20.871)
M68 E2 Q31.853
G4 P0.020
G1 X37.216 Y20.594 F659.0
M68 E2 Q38.846
G1 X37.631 Y20.793 F659.0
M68 E2 Q31.853
G1 X37.793 Y20.871 F659.0
(ROT_RINGS CONT L4 X37.793 Y20.871 -> X38.509 Y21.274)
M68 E2 Q31.853
G4 P0.020
G1 X37.951 Y20.960 F659.0
M68 E2 Q38.846
G1 X38.351 Y21.185 F659.0
M68 E2 Q31.853
G1 X38.509 Y21.274 F659.0
(ROT_RINGS CONT L4 X38.509 Y21.274 -> X39.196 Y21.722)
M68 E2 Q31.853
G4 P0.020
G1 X38.660 Y21.372 F659.0
M68 E2 Q38.846
G1 X39.045 Y21.624 F659.0
M68 E2 Q31.853
G1 X39.196 Y21.722 F659.0
(ROT_RINGS CONT L4 X39.196 Y21.722 -> X39.853 Y22.215)
M68 E2 Q31.853
G4 P0.020
G1 X39.341 Y21.831 F659.0
M68 E2 Q38.846
G1 X39.709 Y22.107 F659.0
M68 E2 Q31.853
G1 X39.853 Y22.215 F659.0
(ROT_RINGS CONT L4 X39.853 Y22.215 -> X40.476 Y22.750)
M68 E2 Q31.853
G4 P0.020
G1 X39.990 Y22.333 F659.0
M68 E2 Q38.846
G1 X40.339 Y22.632 F659.0
M68 E2 Q31.853
G1 X40.476 Y22.750 F659.0
(ROT_RINGS CONT L4 X40.476 Y22.750 -> X41.063 Y23.324)
M68 E2 Q31.853
G4 P0.020
G1 X40.605 Y22.876 F659.0
M68 E2 Q38.846
G1 X40.934 Y23.198 F659.0
M68 E2 Q31.853
G1 X41.063 Y23.324 F659.0
(ROT_RINGS CONT L4 X41.063 Y23.324 -> X41.611 Y23.935)
M68 E2 Q31.853
G4 P0.020
G1 X41.184 Y23.458 F659.0
M68 E2 Q38.846
G1 X41.491 Y23.801 F659.0
M68 E2 Q31.853
G1 X41.611 Y23.935 F659.0
(ROT_RINGS CONT L4 X41.611 Y23.935 -> X42.118 Y24.581)
M68 E2 Q31.853
G4 P0.020
G1 X41.723 Y24.077 F659.0
M68 E2 Q38.846
G1 X42.007 Y24.439 F659.0
M68 E2 Q31.853
G1 X42.118 Y24.581 F659.0
(ROT_RINGS CONT L4 X42.118 Y24.581 -> X42.582 Y25.259)
M68 E2 Q31.853
G4 P0.020
G1 X42.220 Y24.730 F659.0
M68 E2 Q38.846
G1 X42.480 Y25.110 F659.0
M68 E2 Q31.853
G1 X42.582 Y25.259 F659.0
(ROT_RINGS CONT L4 X42.582 Y25.259 -> X43.000 Y25.965)
M68 E2 Q31.853
G4 P0.020
G1 X42.674 Y25.414 F659.0
M68 E2 Q38.846
G1 X42.908 Y25.810 F659.0
M68 E2 Q31.853
G1 X43.000 Y25.965 F659.0
(ROT_RINGS CONT L4 X43.000 Y25.965 -> X43.371 Y26.698)
M68 E2 Q31.853
G4 P0.020
G1 X43.082 Y26.126 F659.0
M68 E2 Q38.846
G1 X43.289 Y26.536 F659.0
M68 E2 Q31.853
G1 X43.371 Y26.698 F659.0
(ROT_RINGS CONT L4 X43.371 Y26.698 -> X43.694 Y27.453)
M68 E2 Q31.853
G4 P0.020
G1 X43.442 Y26.864 F659.0
M68 E2 Q38.846
G1 X43.623 Y27.287 F659.0
M68 E2 Q31.853
G1 X43.694 Y27.453 F659.0
(ROT_RINGS CONT L4 X43.694 Y27.453 -> X43.966 Y28.227)
M68 E2 Q31.853
G4 P0.020
G1 X43.753 Y27.623 F659.0
M68 E2 Q38.846
G1 X43.906 Y28.057 F659.0
M68 E2 Q31.853
G1 X43.966 Y28.227 F659.0
(ROT_RINGS CONT L4 X43.966 Y28.227 -> X44.187 Y29.018)
M68 E2 Q31.853
G4 P0.020
G1 X44.015 Y28.401 F659.0
M68 E2 Q38.846
G1 X44.138 Y28.844 F659.0
M68 E2 Q31.853
G1 X44.187 Y29.018 F659.0
(ROT_RINGS CONT L4 X44.187 Y29.018 -> X44.356 Y29.821)
M68 E2 Q31.853
G4 P0.020
G1 X44.224 Y29.195 F659.0
M68 E2 Q38.846
G1 X44.319 Y29.645 F659.0
M68 E2 Q31.853
G1 X44.356 Y29.821 F659.0
(ROT_RINGS CONT L4 X44.356 Y29.821 -> X44.472 Y30.634)
M68 E2 Q31.853
G4 P0.020
G1 X44.381 Y30.000 F659.0
M68 E2 Q38.846
G1 X44.446 Y30.455 F659.0
M68 E2 Q31.853
G1 X44.472 Y30.634 F659.0
(ROT_RINGS CONT L4 X44.472 Y30.634 -> X44.535 Y31.453)
M68 E2 Q31.853
G4 P0.020
G1 X44.486 Y30.814 F659.0
M68 E2 Q38.846
G1 X44.521 Y31.273 F659.0
M68 E2 Q31.853
G1 X44.535 Y31.453 F659.0
(ROT_RINGS CONT L4 X44.535 Y31.453 -> X44.544 Y32.274)
M68 E2 Q31.853
G4 P0.020
G1 X44.537 Y31.633 F659.0
M68 E2 Q38.846
G1 X44.542 Y32.093 F659.0
M68 E2 Q31.853
G1 X44.544 Y32.274 F659.0
(ROT_RINGS CONT L4 X44.544 Y32.274 -> X44.499 Y33.094)
M68 E2 Q31.853
G4 P0.020
G1 X44.534 Y32.454 F659.0
M68 E2 Q38.846
G1 X44.509 Y32.913 F659.0
M68 E2 Q31.853
G1 X44.499 Y33.094 F659.0
(ROT_RINGS CONT L4 X44.499 Y33.094 -> X44.401 Y33.909)
M68 E2 Q31.853
G4 P0.020
G1 X44.477 Y33.273 F659.0
M68 E2 Q38.846
G1 X44.422 Y33.729 F659.0
M68 E2 Q31.853
G1 X44.401 Y33.909 F659.0
(ROT_RINGS CONT L4 X44.401 Y33.909 -> X44.249 Y34.716)
M68 E2 Q31.853
G4 P0.020
G1 X44.367 Y34.086 F659.0
M68 E2 Q38.846
G1 X44.282 Y34.538 F659.0
M68 E2 Q31.853
G1 X44.249 Y34.716 F659.0
(ROT_RINGS CONT L4 X44.249 Y34.716 -> X44.045 Y35.511)
M68 E2 Q31.853
G4 P0.020
G1 X44.204 Y34.891 F659.0
M68 E2 Q38.846
G1 X44.090 Y35.336 F659.0
M68 E2 Q31.853
G1 X44.045 Y35.511 F659.0
(ROT_RINGS CONT L4 X44.045 Y35.511 -> X43.790 Y36.291)
M68 E2 Q31.853
G4 P0.020
G1 X43.989 Y35.683 F659.0
M68 E2 Q38.846
G1 X43.846 Y36.120 F659.0
M68 E2 Q31.853
G1 X43.790 Y36.291 F659.0
(ROT_RINGS CONT L4 X43.790 Y36.291 -> X43.484 Y37.053)
M68 E2 Q31.853
G4 P0.020
G1 X43.723 Y36.459 F659.0
M68 E2 Q38.846
G1 X43.551 Y36.885 F659.0
M68 E2 Q31.853
G1 X43.484 Y37.053 F659.0
(ROT_RINGS CONT L4 X43.484 Y37.053 -> X43.129 Y37.793)
M68 E2 Q31.853
G4 P0.020
G1 X43.406 Y37.216 F659.0
M68 E2 Q38.846
G1 X43.207 Y37.631 F659.0
M68 E2 Q31.853
G1 X43.129 Y37.793 F659.0
(ROT_RINGS CONT L4 X43.129 Y37.793 -> X42.726 Y38.509)
M68 E2 Q31.853
G4 P0.020
G1 X43.040 Y37.951 F659.0
M68 E2 Q38.846
G1 X42.815 Y38.351 F659.0
M68 E2 Q31.853
G1 X42.726 Y38.509 F659.0
(ROT_RINGS CONT L4 X42.726 Y38.509 -> X42.278 Y39.196)
M68 E2 Q31.853
G4 P0.020
G1 X42.628 Y38.660 F659.0
M68 E2 Q38.846
G1 X42.376 Y39.045 F659.0
M68 E2 Q31.853
G1 X42.278 Y39.196 F659.0
(ROT_RINGS CONT L4 X42.278 Y39.196 -> X41.785 Y39.853)
M68 E2 Q31.853
G4 P0.020
G1 X42.169 Y39.341 F659.0
M68 E2 Q38.846
G1 X41.893 Y39.709 F659.0
M68 E2 Q31.853
G1 X41.785 Y39.853 F659.0
(ROT_RINGS CONT L4 X41.785 Y39.853 -> X41.250 Y40.476)
M68 E2 Q31.853
G4 P0.020
G1 X41.667 Y39.990 F659.0
M68 E2 Q38.846
G1 X41.368 Y40.339 F659.0
M68 E2 Q31.853
G1 X41.250 Y40.476 F659.0
(ROT_RINGS CONT L4 X41.250 Y40.476 -> X40.676 Y41.063)
M68 E2 Q31.853
G4 P0.020
G1 X41.124 Y40.605 F659.0
M68 E2 Q38.846
G1 X40.802 Y40.934 F659.0
M68 E2 Q31.853
G1 X40.676 Y41.063 F659.0
(ROT_RINGS CONT L4 X40.676 Y41.063 -> X40.065 Y41.611)
M68 E2 Q31.853
G4 P0.020
G1 X40.542 Y41.184 F659.0
M68 E2 Q38.846
G1 X40.199 Y41.491 F659.0
M68 E2 Q31.853
G1 X40.065 Y41.611 F659.0
(ROT_RINGS CONT L4 X40.065 Y41.611 -> X39.419 Y42.118)
M68 E2 Q31.853
G4 P0.020
G1 X39.923 Y41.723 F659.0
M68 E2 Q38.846
G1 X39.561 Y42.007 F659.0
M68 E2 Q31.853
G1 X39.419 Y42.118 F659.0
(ROT_RINGS CONT L4 X39.419 Y42.118 -> X38.741 Y42.582)
M68 E2 Q31.853
G4 P0.020
G1 X39.270 Y42.220 F659.0
M68 E2 Q38.846
G1 X38.890 Y42.480 F659.0
M68 E2 Q31.853
G1 X38.741 Y42.582 F659.0
(ROT_RINGS CONT L4 X38.741 Y42.582 -> X38.035 Y43.000)
M68 E2 Q31.853
G4 P0.020
G1 X38.586 Y42.674 F659.0
M68 E2 Q38.846
G1 X38.190 Y42.908 F659.0
M68 E2 Q31.853
G1 X38.035 Y43.000 F659.0
(ROT_RINGS CONT L4 X38.035 Y43.000 -> X37.302 Y43.371)
M68 E2 Q31.853
G4 P0.020
G1 X37.874 Y43.082 F659.0
M68 E2 Q38.846
G1 X37.464 Y43.289 F659.0
M68 E2 Q31.853
G1 X37.302 Y43.371 F659.0
(ROT_RINGS CONT L4 X37.302 Y43.371 -> X36.547 Y43.694)
M68 E2 Q31.853
G4 P0.020
G1 X37.136 Y43.442 F659.0
M68 E2 Q38.846
G1 X36.713 Y43.623 F659.0
M68 E2 Q31.853
G1 X36.547 Y43.694 F659.0
(ROT_RINGS CONT L4 X36.547 Y43.694 -> X35.773 Y43.966)
M68 E2 Q31.853
G4 P0.020
G1 X36.377 Y43.753 F659.0
M68 E2 Q38.846
G1 X35.943 Y43.906 F659.0
M68 E2 Q31.853
G1 X35.773 Y43.966 F659.0
(ROT_RINGS CONT L4 X35.773 Y43.966 -> X34.982 Y44.187)
M68 E2 Q31.853
G4 P0.020
G1 X35.599 Y44.015 F659.0
M68 E2 Q38.846
G1 X35.156 Y44.138 F659.0
M68 E2 Q31.853
G1 X34.982 Y44.187 F659.0
(ROT_RINGS CONT L4 X34.982 Y44.187 -> X34.179 Y44.356)
M68 E2 Q31.853
G4 P0.020
G1 X34.805 Y44.224 F659.0
M68 E2 Q38.846
G1 X34.355 Y44.319 F659.0
M68 E2 Q31.853
G1 X34.179 Y44.356 F659.0
(ROT_RINGS CONT L4 X34.179 Y44.356 -> X33.366 Y44.472)
M68 E2 Q31.853
G4 P0.020
G1 X34.000 Y44.381 F659.0
M68 E2 Q38.846
G1 X33.545 Y44.446 F659.0
M68 E2 Q31.853
G1 X33.366 Y44.472 F659.0
(ROT_RINGS CONT L4 X33.366 Y44.472 -> X32.547 Y44.535)
M68 E2 Q31.853
G4 P0.020
G1 X33.186 Y44.486 F659.0
M68 E2 Q38.846
G1 X32.727 Y44.521 F659.0
M68 E2 Q31.853
G1 X32.547 Y44.535 F659.0
(ROT_RINGS CONT L4 X32.547 Y44.535 -> X31.726 Y44.544)
M68 E2 Q31.853
G4 P0.020
G1 X32.367 Y44.537 F659.0
M68 E2 Q38.846
G1 X31.907 Y44.542 F659.0
M68 E2 Q31.853
G1 X31.726 Y44.544 F659.0
(ROT_RINGS CONT L4 X31.726 Y44.544 -> X30.906 Y44.499)
M68 E2 Q31.853
G4 P0.020
G1 X31.546 Y44.534 F659.0
M68 E2 Q38.846
G1 X31.087 Y44.509 F659.0
M68 E2 Q31.853
G1 X30.906 Y44.499 F659.0
(ROT_RINGS CONT L4 X30.906 Y44.499 -> X30.091 Y44.401)
M68 E2 Q31.853
G4 P0.020
G1 X30.727 Y44.477 F659.0
M68 E2 Q38.846
G1 X30.271 Y44.422 F659.0
M68 E2 Q31.853
G1 X30.091 Y44.401 F659.0
(ROT_RINGS CONT L4 X30.091 Y44.401 -> X29.284 Y44.249)
M68 E2 Q31.853
G4 P0.020
G1 X29.914 Y44.367 F659.0
M68 E2 Q38.846
G1 X29.462 Y44.282 F659.0
M68 E2 Q31.853
G1 X29.284 Y44.249 F659.0
(ROT_RINGS CONT L4 X29.284 Y44.249 -> X28.489 Y44.045)
M68 E2 Q31.853
G4 P0.020
G1 X29.109 Y44.204 F659.0
M68 E2 Q38.846
G1 X28.664 Y44.090 F659.0
M68 E2 Q31.853
G1 X28.489 Y44.045 F659.0
(ROT_RINGS CONT L4 X28.489 Y44.045 -> X27.709 Y43.790)
M68 E2 Q31.853
G4 P0.020
G1 X28.317 Y43.989 F659.0
M68 E2 Q38.846
G1 X27.880 Y43.846 F659.0
M68 E2 Q31.853
G1 X27.709 Y43.790 F659.0
(ROT_RINGS CONT L4 X27.709 Y43.790 -> X26.947 Y43.484)
M68 E2 Q31.853
G4 P0.020
G1 X27.541 Y43.723 F659.0
M68 E2 Q38.846
G1 X27.115 Y43.551 F659.0
M68 E2 Q31.853
G1 X26.947 Y43.484 F659.0
(ROT_RINGS CONT L4 X26.947 Y43.484 -> X26.207 Y43.129)
M68 E2 Q31.853
G4 P0.020
G1 X26.784 Y43.406 F659.0
M68 E2 Q38.846
G1 X26.369 Y43.207 F659.0
M68 E2 Q31.853
G1 X26.207 Y43.129 F659.0
(ROT_RINGS CONT L4 X26.207 Y43.129 -> X25.491 Y42.726)
M68 E2 Q31.853
G4 P0.020
G1 X26.049 Y43.040 F659.0
M68 E2 Q38.846
G1 X25.649 Y42.815 F659.0
M68 E2 Q31.853
G1 X25.491 Y42.726 F659.0
(ROT_RINGS CONT L4 X25.491 Y42.726 -> X24.804 Y42.278)
M68 E2 Q31.853
G4 P0.020
G1 X25.340 Y42.628 F659.0
M68 E2 Q38.846
G1 X24.955 Y42.376 F659.0
M68 E2 Q31.853
G1 X24.804 Y42.278 F659.0
(ROT_RINGS CONT L4 X24.804 Y42.278 -> X24.147 Y41.785)
M68 E2 Q31.853
G4 P0.020
G1 X24.659 Y42.169 F659.0
M68 E2 Q38.846
G1 X24.291 Y41.893 F659.0
M68 E2 Q31.853
G1 X24.147 Y41.785 F659.0
(ROT_RINGS CONT L4 X24.147 Y41.785 -> X23.524 Y41.250)
M68 E2 Q31.853
G4 P0.020
G1 X24.010 Y41.667 F659.0
M68 E2 Q38.846
G1 X23.661 Y41.368 F659.0
M68 E2 Q31.853
G1 X23.524 Y41.250 F659.0
(ROT_RINGS CONT L4 X23.524 Y41.250 -> X22.937 Y40.676)
M68 E2 Q31.853
G4 P0.020
G1 X23.395 Y41.124 F659.0
M68 E2 Q38.846
G1 X23.066 Y40.802 F659.0
M68 E2 Q31.853
G1 X22.937 Y40.676 F659.0
(ROT_RINGS CONT L4 X22.937 Y40.676 -> X22.389 Y40.065)
M68 E2 Q31.853
G4 P0.020
G1 X22.816 Y40.542 F659.0
M68 E2 Q38.846
G1 X22.509 Y40.199 F659.0
M68 E2 Q31.853
G1 X22.389 Y40.065 F659.0
M68 E2 Q0.000
G4 P0.030
M68 E0 Q0.000
G0 Z13.000
G4 P0.152 (layer thermal stabilization)
(--- LAYER 5/5 Z=8.000 ROTATIONAL_RINGS I=28.319 F=662.0 WIRE=39.022 SEG=192 ---)
(--- CONTINUOUS ROT_RINGS PASS L5: 192 lines, beam stays ON ---)
G0 Z15.000
G0 X17.332 Y40.469
G1 Z8.000 F240.0
M68 E0 Q28.319
G4 P0.030
(ROT_RINGS CONT L5 X17.332 Y40.469 -> X16.809 Y39.491)
M68 E2 Q31.998
G4 P0.020
G1 X17.217 Y40.254 F662.0
M68 E2 Q39.022
G1 X16.924 Y39.706 F662.0
M68 E2 Q31.998
G1 X16.809 Y39.491 F662.0
(ROT_RINGS CONT L5 X16.809 Y39.491 -> X16.352 Y38.482)
M68 E2 Q31.998
G4 P0.020
G1 X16.708 Y39.269 F662.0
M68 E2 Q39.022
G1 X16.452 Y38.704 F662.0
M68 E2 Q31.998
G1 X16.352 Y38.482 F662.0
(ROT_RINGS CONT L5 X16.352 Y38.482 -> X15.961 Y37.444)
M68 E2 Q31.998
G4 P0.020
G1 X16.266 Y38.254 F662.0
M68 E2 Q39.022
G1 X16.047 Y37.673 F662.0
M68 E2 Q31.998
G1 X15.961 Y37.444 F662.0
(ROT_RINGS CONT L5 X15.961 Y37.444 -> X15.639 Y36.384)
M68 E2 Q31.998
G4 P0.020
G1 X15.890 Y37.211 F662.0
M68 E2 Q39.022
G1 X15.710 Y36.617 F662.0
M68 E2 Q31.998
G1 X15.639 Y36.384 F662.0
(ROT_RINGS CONT L5 X15.639 Y36.384 -> X15.388 Y35.304)
M68 E2 Q31.998
G4 P0.020
G1 X15.584 Y36.146 F662.0
M68 E2 Q39.022
G1 X15.443 Y35.542 F662.0
M68 E2 Q31.998
G1 X15.388 Y35.304 F662.0
(ROT_RINGS CONT L5 X15.388 Y35.304 -> X15.207 Y34.211)
M68 E2 Q31.998
G4 P0.020
G1 X15.348 Y35.064 F662.0
M68 E2 Q39.022
G1 X15.247 Y34.451 F662.0
M68 E2 Q31.998
G1 X15.207 Y34.211 F662.0
(ROT_RINGS CONT L5 X15.207 Y34.211 -> X15.099 Y33.108)
M68 E2 Q31.998
G4 P0.020
G1 X15.183 Y33.968 F662.0
M68 E2 Q39.022
G1 X15.123 Y33.350 F662.0
M68 E2 Q31.998
G1 X15.099 Y33.108 F662.0
(ROT_RINGS CONT L5 X15.099 Y33.108 -> X15.062 Y32.000)
M68 E2 Q31.998
G4 P0.020
G1 X15.091 Y32.864 F662.0
M68 E2 Q39.022
G1 X15.070 Y32.244 F662.0
M68 E2 Q31.998
G1 X15.062 Y32.000 F662.0
(ROT_RINGS CONT L5 X15.062 Y32.000 -> X15.099 Y30.892)
M68 E2 Q31.998
G4 P0.020
G1 X15.070 Y31.756 F662.0
M68 E2 Q39.022
G1 X15.091 Y31.136 F662.0
M68 E2 Q31.998
G1 X15.099 Y30.892 F662.0
(ROT_RINGS CONT L5 X15.099 Y30.892 -> X15.207 Y29.789)
M68 E2 Q31.998
G4 P0.020
G1 X15.123 Y30.650 F662.0
M68 E2 Q39.022
G1 X15.183 Y30.032 F662.0
M68 E2 Q31.998
G1 X15.207 Y29.789 F662.0
(ROT_RINGS CONT L5 X15.207 Y29.789 -> X15.388 Y28.696)
M68 E2 Q31.998
G4 P0.020
G1 X15.247 Y29.549 F662.0
M68 E2 Q39.022
G1 X15.348 Y28.936 F662.0
M68 E2 Q31.998
G1 X15.388 Y28.696 F662.0
(ROT_RINGS CONT L5 X15.388 Y28.696 -> X15.639 Y27.616)
M68 E2 Q31.998
G4 P0.020
G1 X15.443 Y28.458 F662.0
M68 E2 Q39.022
G1 X15.584 Y27.854 F662.0
M68 E2 Q31.998
G1 X15.639 Y27.616 F662.0
(ROT_RINGS CONT L5 X15.639 Y27.616 -> X15.961 Y26.556)
M68 E2 Q31.998
G4 P0.020
G1 X15.710 Y27.383 F662.0
M68 E2 Q39.022
G1 X15.890 Y26.789 F662.0
M68 E2 Q31.998
G1 X15.961 Y26.556 F662.0
(ROT_RINGS CONT L5 X15.961 Y26.556 -> X16.352 Y25.518)
M68 E2 Q31.998
G4 P0.020
G1 X16.047 Y26.327 F662.0
M68 E2 Q39.022
G1 X16.266 Y25.746 F662.0
M68 E2 Q31.998
G1 X16.352 Y25.518 F662.0
(ROT_RINGS CONT L5 X16.352 Y25.518 -> X16.809 Y24.509)
M68 E2 Q31.998
G4 P0.020
G1 X16.452 Y25.296 F662.0
M68 E2 Q39.022
G1 X16.708 Y24.731 F662.0
M68 E2 Q31.998
G1 X16.809 Y24.509 F662.0
(ROT_RINGS CONT L5 X16.809 Y24.509 -> X17.332 Y23.531)
M68 E2 Q31.998
G4 P0.020
G1 X16.924 Y24.294 F662.0
M68 E2 Q39.022
G1 X17.217 Y23.746 F662.0
M68 E2 Q31.998
G1 X17.332 Y23.531 F662.0
(ROT_RINGS CONT L5 X17.332 Y23.531 -> X17.917 Y22.590)
M68 E2 Q31.998
G4 P0.020
G1 X17.460 Y23.324 F662.0
M68 E2 Q39.022
G1 X17.788 Y22.797 F662.0
M68 E2 Q31.998
G1 X17.917 Y22.590 F662.0
(ROT_RINGS CONT L5 X17.917 Y22.590 -> X18.562 Y21.689)
M68 E2 Q31.998
G4 P0.020
G1 X18.059 Y22.392 F662.0
M68 E2 Q39.022
G1 X18.420 Y21.887 F662.0
M68 E2 Q31.998
G1 X18.562 Y21.689 F662.0
(ROT_RINGS CONT L5 X18.562 Y21.689 -> X19.266 Y20.832)
M68 E2 Q31.998
G4 P0.020
G1 X18.717 Y21.501 F662.0
M68 E2 Q39.022
G1 X19.111 Y21.021 F662.0
M68 E2 Q31.998
G1 X19.266 Y20.832 F662.0
(ROT_RINGS CONT L5 X19.266 Y20.832 -> X20.023 Y20.023)
M68 E2 Q31.998
G4 P0.020
G1 X19.432 Y20.654 F662.0
M68 E2 Q39.022
G1 X19.857 Y20.201 F662.0
M68 E2 Q31.998
G1 X20.023 Y20.023 F662.0
(ROT_RINGS CONT L5 X20.023 Y20.023 -> X20.832 Y19.266)
M68 E2 Q31.998
G4 P0.020
G1 X20.201 Y19.857 F662.0
M68 E2 Q39.022
G1 X20.654 Y19.432 F662.0
M68 E2 Q31.998
G1 X20.832 Y19.266 F662.0
(ROT_RINGS CONT L5 X20.832 Y19.266 -> X21.689 Y18.562)
M68 E2 Q31.998
G4 P0.020
G1 X21.021 Y19.111 F662.0
M68 E2 Q39.022
G1 X21.501 Y18.717 F662.0
M68 E2 Q31.998
G1 X21.689 Y18.562 F662.0
(ROT_RINGS CONT L5 X21.689 Y18.562 -> X22.590 Y17.917)
M68 E2 Q31.998
G4 P0.020
G1 X21.887 Y18.420 F662.0
M68 E2 Q39.022
G1 X22.392 Y18.059 F662.0
M68 E2 Q31.998
G1 X22.590 Y17.917 F662.0
(ROT_RINGS CONT L5 X22.590 Y17.917 -> X23.531 Y17.332)
M68 E2 Q31.998
G4 P0.020
G1 X22.797 Y17.788 F662.0
M68 E2 Q39.022
G1 X23.324 Y17.460 F662.0
M68 E2 Q31.998
G1 X23.531 Y17.332 F662.0
(ROT_RINGS CONT L5 X23.531 Y17.332 -> X24.509 Y16.809)
M68 E2 Q31.998
G4 P0.020
G1 X23.746 Y17.217 F662.0
M68 E2 Q39.022
G1 X24.294 Y16.924 F662.0
M68 E2 Q31.998
G1 X24.509 Y16.809 F662.0
(ROT_RINGS CONT L5 X24.509 Y16.809 -> X25.518 Y16.352)
M68 E2 Q31.998
G4 P0.020
G1 X24.731 Y16.708 F662.0
M68 E2 Q39.022
G1 X25.296 Y16.452 F662.0
M68 E2 Q31.998
G1 X25.518 Y16.352 F662.0
(ROT_RINGS CONT L5 X25.518 Y16.352 -> X26.556 Y15.961)
M68 E2 Q31.998
G4 P0.020
G1 X25.746 Y16.266 F662.0
M68 E2 Q39.022
G1 X26.327 Y16.047 F662.0
M68 E2 Q31.998
G1 X26.556 Y15.961 F662.0
(ROT_RINGS CONT L5 X26.556 Y15.961 -> X27.616 Y15.639)
M68 E2 Q31.998
G4 P0.020
G1 X26.789 Y15.890 F662.0
M68 E2 Q39.022
G1 X27.383 Y15.710 F662.0
M68 E2 Q31.998
G1 X27.616 Y15.639 F662.0
(ROT_RINGS CONT L5 X27.616 Y15.639 -> X28.696 Y15.388)
M68 E2 Q31.998
G4 P0.020
G1 X27.854 Y15.584 F662.0
M68 E2 Q39.022
G1 X28.458 Y15.443 F662.0
M68 E2 Q31.998
G1 X28.696 Y15.388 F662.0
(ROT_RINGS CONT L5 X28.696 Y15.388 -> X29.789 Y15.207)
M68 E2 Q31.998
G4 P0.020
G1 X28.936 Y15.348 F662.0
M68 E2 Q39.022
G1 X29.549 Y15.247 F662.0
M68 E2 Q31.998
G1 X29.789 Y15.207 F662.0
(ROT_RINGS CONT L5 X29.789 Y15.207 -> X30.892 Y15.099)
M68 E2 Q31.998
G4 P0.020
G1 X30.032 Y15.183 F662.0
M68 E2 Q39.022
G1 X30.650 Y15.123 F662.0
M68 E2 Q31.998
G1 X30.892 Y15.099 F662.0
(ROT_RINGS CONT L5 X30.892 Y15.099 -> X32.000 Y15.062)
M68 E2 Q31.998
G4 P0.020
G1 X31.136 Y15.091 F662.0
M68 E2 Q39.022
G1 X31.756 Y15.070 F662.0
M68 E2 Q31.998
G1 X32.000 Y15.062 F662.0
(ROT_RINGS CONT L5 X32.000 Y15.062 -> X33.108 Y15.099)
M68 E2 Q31.998
G4 P0.020
G1 X32.244 Y15.070 F662.0
M68 E2 Q39.022
G1 X32.864 Y15.091 F662.0
M68 E2 Q31.998
G1 X33.108 Y15.099 F662.0
(ROT_RINGS CONT L5 X33.108 Y15.099 -> X34.211 Y15.207)
M68 E2 Q31.998
G4 P0.020
G1 X33.350 Y15.123 F662.0
M68 E2 Q39.022
G1 X33.968 Y15.183 F662.0
M68 E2 Q31.998
G1 X34.211 Y15.207 F662.0
(ROT_RINGS CONT L5 X34.211 Y15.207 -> X35.304 Y15.388)
M68 E2 Q31.998
G4 P0.020
G1 X34.451 Y15.247 F662.0
M68 E2 Q39.022
G1 X35.064 Y15.348 F662.0
M68 E2 Q31.998
G1 X35.304 Y15.388 F662.0
(ROT_RINGS CONT L5 X35.304 Y15.388 -> X36.384 Y15.639)
M68 E2 Q31.998
G4 P0.020
G1 X35.542 Y15.443 F662.0
M68 E2 Q39.022
G1 X36.146 Y15.584 F662.0
M68 E2 Q31.998
G1 X36.384 Y15.639 F662.0
(ROT_RINGS CONT L5 X36.384 Y15.639 -> X37.444 Y15.961)
M68 E2 Q31.998
G4 P0.020
G1 X36.617 Y15.710 F662.0
M68 E2 Q39.022
G1 X37.211 Y15.890 F662.0
M68 E2 Q31.998
G1 X37.444 Y15.961 F662.0
(ROT_RINGS CONT L5 X37.444 Y15.961 -> X38.482 Y16.352)
M68 E2 Q31.998
G4 P0.020
G1 X37.673 Y16.047 F662.0
M68 E2 Q39.022
G1 X38.254 Y16.266 F662.0
M68 E2 Q31.998
G1 X38.482 Y16.352 F662.0
(ROT_RINGS CONT L5 X38.482 Y16.352 -> X39.491 Y16.809)
M68 E2 Q31.998
G4 P0.020
G1 X38.704 Y16.452 F662.0
M68 E2 Q39.022
G1 X39.269 Y16.708 F662.0
M68 E2 Q31.998
G1 X39.491 Y16.809 F662.0
(ROT_RINGS CONT L5 X39.491 Y16.809 -> X40.469 Y17.332)
M68 E2 Q31.998
G4 P0.020
G1 X39.706 Y16.924 F662.0
M68 E2 Q39.022
G1 X40.254 Y17.217 F662.0
M68 E2 Q31.998
G1 X40.469 Y17.332 F662.0
(ROT_RINGS CONT L5 X40.469 Y17.332 -> X41.410 Y17.917)
M68 E2 Q31.998
G4 P0.020
G1 X40.676 Y17.460 F662.0
M68 E2 Q39.022
G1 X41.203 Y17.788 F662.0
M68 E2 Q31.998
G1 X41.410 Y17.917 F662.0
(ROT_RINGS CONT L5 X41.410 Y17.917 -> X42.311 Y18.562)
M68 E2 Q31.998
G4 P0.020
G1 X41.608 Y18.059 F662.0
M68 E2 Q39.022
G1 X42.113 Y18.420 F662.0
M68 E2 Q31.998
G1 X42.311 Y18.562 F662.0
(ROT_RINGS CONT L5 X42.311 Y18.562 -> X43.168 Y19.266)
M68 E2 Q31.998
G4 P0.020
G1 X42.499 Y18.717 F662.0
M68 E2 Q39.022
G1 X42.979 Y19.111 F662.0
M68 E2 Q31.998
G1 X43.168 Y19.266 F662.0
(ROT_RINGS CONT L5 X43.168 Y19.266 -> X43.977 Y20.023)
M68 E2 Q31.998
G4 P0.020
G1 X43.346 Y19.432 F662.0
M68 E2 Q39.022
G1 X43.799 Y19.857 F662.0
M68 E2 Q31.998
G1 X43.977 Y20.023 F662.0
(ROT_RINGS CONT L5 X43.977 Y20.023 -> X44.734 Y20.832)
M68 E2 Q31.998
G4 P0.020
G1 X44.143 Y20.201 F662.0
M68 E2 Q39.022
G1 X44.568 Y20.654 F662.0
M68 E2 Q31.998
G1 X44.734 Y20.832 F662.0
(ROT_RINGS CONT L5 X44.734 Y20.832 -> X45.438 Y21.689)
M68 E2 Q31.998
G4 P0.020
G1 X44.889 Y21.021 F662.0
M68 E2 Q39.022
G1 X45.283 Y21.501 F662.0
M68 E2 Q31.998
G1 X45.438 Y21.689 F662.0
(ROT_RINGS CONT L5 X45.438 Y21.689 -> X46.083 Y22.590)
M68 E2 Q31.998
G4 P0.020
G1 X45.580 Y21.887 F662.0
M68 E2 Q39.022
G1 X45.941 Y22.392 F662.0
M68 E2 Q31.998
G1 X46.083 Y22.590 F662.0
(ROT_RINGS CONT L5 X46.083 Y22.590 -> X46.668 Y23.531)
M68 E2 Q31.998
G4 P0.020
G1 X46.212 Y22.797 F662.0
M68 E2 Q39.022
G1 X46.540 Y23.324 F662.0
M68 E2 Q31.998
G1 X46.668 Y23.531 F662.0
(ROT_RINGS CONT L5 X46.668 Y23.531 -> X47.191 Y24.509)
M68 E2 Q31.998
G4 P0.020
G1 X46.783 Y23.746 F662.0
M68 E2 Q39.022
G1 X47.076 Y24.294 F662.0
M68 E2 Q31.998
G1 X47.191 Y24.509 F662.0
(ROT_RINGS CONT L5 X47.191 Y24.509 -> X47.648 Y25.518)
M68 E2 Q31.998
G4 P0.020
G1 X47.292 Y24.731 F662.0
M68 E2 Q39.022
G1 X47.548 Y25.296 F662.0
M68 E2 Q31.998
G1 X47.648 Y25.518 F662.0
(ROT_RINGS CONT L5 X47.648 Y25.518 -> X48.039 Y26.556)
M68 E2 Q31.998
G4 P0.020
G1 X47.734 Y25.746 F662.0
M68 E2 Q39.022
G1 X47.953 Y26.327 F662.0
M68 E2 Q31.998
G1 X48.039 Y26.556 F662.0
(ROT_RINGS CONT L5 X48.039 Y26.556 -> X48.361 Y27.616)
M68 E2 Q31.998
G4 P0.020
G1 X48.110 Y26.789 F662.0
M68 E2 Q39.022
G1 X48.290 Y27.383 F662.0
M68 E2 Q31.998
G1 X48.361 Y27.616 F662.0
(ROT_RINGS CONT L5 X48.361 Y27.616 -> X48.612 Y28.696)
M68 E2 Q31.998
G4 P0.020
G1 X48.416 Y27.854 F662.0
M68 E2 Q39.022
G1 X48.557 Y28.458 F662.0
M68 E2 Q31.998
G1 X48.612 Y28.696 F662.0
(ROT_RINGS CONT L5 X48.612 Y28.696 -> X48.793 Y29.789)
M68 E2 Q31.998
G4 P0.020
G1 X48.652 Y28.936 F662.0
M68 E2 Q39.022
G1 X48.753 Y29.549 F662.0
M68 E2 Q31.998
G1 X48.793 Y29.789 F662.0
(ROT_RINGS CONT L5 X48.793 Y29.789 -> X48.901 Y30.892)
M68 E2 Q31.998
G4 P0.020
G1 X48.817 Y30.032 F662.0
M68 E2 Q39.022
G1 X48.877 Y30.650 F662.0
M68 E2 Q31.998
G1 X48.901 Y30.892 F662.0
(ROT_RINGS CONT L5 X48.901 Y30.892 -> X48.938 Y32.000)
M68 E2 Q31.998
G4 P0.020
G1 X48.909 Y31.136 F662.0
M68 E2 Q39.022
G1 X48.930 Y31.756 F662.0
M68 E2 Q31.998
G1 X48.938 Y32.000 F662.0
(ROT_RINGS CONT L5 X48.938 Y32.000 -> X48.901 Y33.108)
M68 E2 Q31.998
G4 P0.020
G1 X48.930 Y32.244 F662.0
M68 E2 Q39.022
G1 X48.909 Y32.864 F662.0
M68 E2 Q31.998
G1 X48.901 Y33.108 F662.0
(ROT_RINGS CONT L5 X48.901 Y33.108 -> X48.793 Y34.211)
M68 E2 Q31.998
G4 P0.020
G1 X48.877 Y33.350 F662.0
M68 E2 Q39.022
G1 X48.817 Y33.968 F662.0
M68 E2 Q31.998
G1 X48.793 Y34.211 F662.0
(ROT_RINGS CONT L5 X48.793 Y34.211 -> X48.612 Y35.304)
M68 E2 Q31.998
G4 P0.020
G1 X48.753 Y34.451 F662.0
M68 E2 Q39.022
G1 X48.652 Y35.064 F662.0
M68 E2 Q31.998
G1 X48.612 Y35.304 F662.0
(ROT_RINGS CONT L5 X48.612 Y35.304 -> X48.361 Y36.384)
M68 E2 Q31.998
G4 P0.020
G1 X48.557 Y35.542 F662.0
M68 E2 Q39.022
G1 X48.416 Y36.146 F662.0
M68 E2 Q31.998
G1 X48.361 Y36.384 F662.0
(ROT_RINGS CONT L5 X48.361 Y36.384 -> X48.039 Y37.444)
M68 E2 Q31.998
G4 P0.020
G1 X48.290 Y36.617 F662.0
M68 E2 Q39.022
G1 X48.110 Y37.211 F662.0
M68 E2 Q31.998
G1 X48.039 Y37.444 F662.0
(ROT_RINGS CONT L5 X48.039 Y37.444 -> X47.648 Y38.482)
M68 E2 Q31.998
G4 P0.020
G1 X47.953 Y37.673 F662.0
M68 E2 Q39.022
G1 X47.734 Y38.254 F662.0
M68 E2 Q31.998
G1 X47.648 Y38.482 F662.0
(ROT_RINGS CONT L5 X47.648 Y38.482 -> X47.191 Y39.491)
M68 E2 Q31.998
G4 P0.020
G1 X47.548 Y38.704 F662.0
M68 E2 Q39.022
G1 X47.292 Y39.269 F662.0
M68 E2 Q31.998
G1 X47.191 Y39.491 F662.0
(ROT_RINGS CONT L5 X47.191 Y39.491 -> X46.668 Y40.469)
M68 E2 Q31.998
G4 P0.020
G1 X47.076 Y39.706 F662.0
M68 E2 Q39.022
G1 X46.783 Y40.254 F662.0
M68 E2 Q31.998
G1 X46.668 Y40.469 F662.0
(ROT_RINGS CONT L5 X46.668 Y40.469 -> X46.083 Y41.410)
M68 E2 Q31.998
G4 P0.020
G1 X46.540 Y40.676 F662.0
M68 E2 Q39.022
G1 X46.212 Y41.203 F662.0
M68 E2 Q31.998
G1 X46.083 Y41.410 F662.0
(ROT_RINGS CONT L5 X46.083 Y41.410 -> X45.438 Y42.311)
M68 E2 Q31.998
G4 P0.020
G1 X45.941 Y41.608 F662.0
M68 E2 Q39.022
G1 X45.580 Y42.113 F662.0
M68 E2 Q31.998
G1 X45.438 Y42.311 F662.0
(ROT_RINGS CONT L5 X45.438 Y42.311 -> X44.734 Y43.168)
M68 E2 Q31.998
G4 P0.020
G1 X45.283 Y42.499 F662.0
M68 E2 Q39.022
G1 X44.889 Y42.979 F662.0
M68 E2 Q31.998
G1 X44.734 Y43.168 F662.0
(ROT_RINGS CONT L5 X44.734 Y43.168 -> X43.977 Y43.977)
M68 E2 Q31.998
G4 P0.020
G1 X44.568 Y43.346 F662.0
M68 E2 Q39.022
G1 X44.143 Y43.799 F662.0
M68 E2 Q31.998
G1 X43.977 Y43.977 F662.0
(ROT_RINGS CONT L5 X43.977 Y43.977 -> X43.168 Y44.734)
M68 E2 Q31.998
G4 P0.020
G1 X43.799 Y44.143 F662.0
M68 E2 Q39.022
G1 X43.346 Y44.568 F662.0
M68 E2 Q31.998
G1 X43.168 Y44.734 F662.0
(ROT_RINGS CONT L5 X43.168 Y44.734 -> X42.311 Y45.438)
M68 E2 Q31.998
G4 P0.020
G1 X42.979 Y44.889 F662.0
M68 E2 Q39.022
G1 X42.499 Y45.283 F662.0
M68 E2 Q31.998
G1 X42.311 Y45.438 F662.0
(ROT_RINGS CONT L5 X42.311 Y45.438 -> X41.410 Y46.083)
M68 E2 Q31.998
G4 P0.020
G1 X42.113 Y45.580 F662.0
M68 E2 Q39.022
G1 X41.608 Y45.941 F662.0
M68 E2 Q31.998
G1 X41.410 Y46.083 F662.0
(ROT_RINGS CONT L5 X41.410 Y46.083 -> X40.469 Y46.668)
M68 E2 Q31.998
G4 P0.020
G1 X41.203 Y46.212 F662.0
M68 E2 Q39.022
G1 X40.676 Y46.540 F662.0
M68 E2 Q31.998
G1 X40.469 Y46.668 F662.0
(ROT_RINGS CONT L5 X40.469 Y46.668 -> X39.491 Y47.191)
M68 E2 Q31.998
G4 P0.020
G1 X40.254 Y46.783 F662.0
M68 E2 Q39.022
G1 X39.706 Y47.076 F662.0
M68 E2 Q31.998
G1 X39.491 Y47.191 F662.0
(ROT_RINGS CONT L5 X39.491 Y47.191 -> X38.482 Y47.648)
M68 E2 Q31.998
G4 P0.020
G1 X39.269 Y47.292 F662.0
M68 E2 Q39.022
G1 X38.704 Y47.548 F662.0
M68 E2 Q31.998
G1 X38.482 Y47.648 F662.0
(ROT_RINGS CONT L5 X38.482 Y47.648 -> X37.444 Y48.039)
M68 E2 Q31.998
G4 P0.020
G1 X38.254 Y47.734 F662.0
M68 E2 Q39.022
G1 X37.673 Y47.953 F662.0
M68 E2 Q31.998
G1 X37.444 Y48.039 F662.0
(ROT_RINGS CONT L5 X37.444 Y48.039 -> X36.384 Y48.361)
M68 E2 Q31.998
G4 P0.020
G1 X37.211 Y48.110 F662.0
M68 E2 Q39.022
G1 X36.617 Y48.290 F662.0
M68 E2 Q31.998
G1 X36.384 Y48.361 F662.0
(ROT_RINGS CONT L5 X36.384 Y48.361 -> X35.304 Y48.612)
M68 E2 Q31.998
G4 P0.020
G1 X36.146 Y48.416 F662.0
M68 E2 Q39.022
G1 X35.542 Y48.557 F662.0
M68 E2 Q31.998
G1 X35.304 Y48.612 F662.0
(ROT_RINGS CONT L5 X35.304 Y48.612 -> X34.211 Y48.793)
M68 E2 Q31.998
G4 P0.020
G1 X35.064 Y48.652 F662.0
M68 E2 Q39.022
G1 X34.451 Y48.753 F662.0
M68 E2 Q31.998
G1 X34.211 Y48.793 F662.0
(ROT_RINGS CONT L5 X34.211 Y48.793 -> X33.108 Y48.901)
M68 E2 Q31.998
G4 P0.020
G1 X33.968 Y48.817 F662.0
M68 E2 Q39.022
G1 X33.350 Y48.877 F662.0
M68 E2 Q31.998
G1 X33.108 Y48.901 F662.0
(ROT_RINGS CONT L5 X33.108 Y48.901 -> X32.000 Y48.938)
M68 E2 Q31.998
G4 P0.020
G1 X32.864 Y48.909 F662.0
M68 E2 Q39.022
G1 X32.244 Y48.930 F662.0
M68 E2 Q31.998
G1 X32.000 Y48.938 F662.0
(ROT_RINGS CONT L5 X32.000 Y48.938 -> X30.892 Y48.901)
M68 E2 Q31.998
G4 P0.020
G1 X31.756 Y48.930 F662.0
M68 E2 Q39.022
G1 X31.136 Y48.909 F662.0
M68 E2 Q31.998
G1 X30.892 Y48.901 F662.0
(ROT_RINGS CONT L5 X30.892 Y48.901 -> X29.789 Y48.793)
M68 E2 Q31.998
G4 P0.020
G1 X30.650 Y48.877 F662.0
M68 E2 Q39.022
G1 X30.032 Y48.817 F662.0
M68 E2 Q31.998
G1 X29.789 Y48.793 F662.0
(ROT_RINGS CONT L5 X29.789 Y48.793 -> X28.696 Y48.612)
M68 E2 Q31.998
G4 P0.020
G1 X29.549 Y48.753 F662.0
M68 E2 Q39.022
G1 X28.936 Y48.652 F662.0
M68 E2 Q31.998
G1 X28.696 Y48.612 F662.0
(ROT_RINGS CONT L5 X28.696 Y48.612 -> X27.616 Y48.361)
M68 E2 Q31.998
G4 P0.020
G1 X28.458 Y48.557 F662.0
M68 E2 Q39.022
G1 X27.854 Y48.416 F662.0
M68 E2 Q31.998
G1 X27.616 Y48.361 F662.0
(ROT_RINGS CONT L5 X27.616 Y48.361 -> X26.556 Y48.039)
M68 E2 Q31.998
G4 P0.020
G1 X27.383 Y48.290 F662.0
M68 E2 Q39.022
G1 X26.789 Y48.110 F662.0
M68 E2 Q31.998
G1 X26.556 Y48.039 F662.0
(ROT_RINGS CONT L5 X26.556 Y48.039 -> X25.518 Y47.648)
M68 E2 Q31.998
G4 P0.020
G1 X26.327 Y47.953 F662.0
M68 E2 Q39.022
G1 X25.746 Y47.734 F662.0
M68 E2 Q31.998
G1 X25.518 Y47.648 F662.0
(ROT_RINGS CONT L5 X25.518 Y47.648 -> X24.509 Y47.191)
M68 E2 Q31.998
G4 P0.020
G1 X25.296 Y47.548 F662.0
M68 E2 Q39.022
G1 X24.731 Y47.292 F662.0
M68 E2 Q31.998
G1 X24.509 Y47.191 F662.0
(ROT_RINGS CONT L5 X24.509 Y47.191 -> X23.531 Y46.668)
M68 E2 Q31.998
G4 P0.020
G1 X24.294 Y47.076 F662.0
M68 E2 Q39.022
G1 X23.746 Y46.783 F662.0
M68 E2 Q31.998
G1 X23.531 Y46.668 F662.0
(ROT_RINGS CONT L5 X23.531 Y46.668 -> X22.590 Y46.083)
M68 E2 Q31.998
G4 P0.020
G1 X23.324 Y46.540 F662.0
M68 E2 Q39.022
G1 X22.797 Y46.212 F662.0
M68 E2 Q31.998
G1 X22.590 Y46.083 F662.0
(ROT_RINGS CONT L5 X22.590 Y46.083 -> X21.689 Y45.438)
M68 E2 Q31.998
G4 P0.020
G1 X22.392 Y45.941 F662.0
M68 E2 Q39.022
G1 X21.887 Y45.580 F662.0
M68 E2 Q31.998
G1 X21.689 Y45.438 F662.0
(ROT_RINGS CONT L5 X21.689 Y45.438 -> X20.832 Y44.734)
M68 E2 Q31.998
G4 P0.020
G1 X21.501 Y45.283 F662.0
M68 E2 Q39.022
G1 X21.021 Y44.889 F662.0
M68 E2 Q31.998
G1 X20.832 Y44.734 F662.0
(ROT_RINGS CONT L5 X20.832 Y44.734 -> X20.023 Y43.977)
M68 E2 Q31.998
G4 P0.020
G1 X20.654 Y44.568 F662.0
M68 E2 Q39.022
G1 X20.201 Y44.143 F662.0
M68 E2 Q31.998
G1 X20.023 Y43.977 F662.0
(ROT_RINGS CONT L5 X20.023 Y43.977 -> X19.266 Y43.168)
M68 E2 Q31.998
G4 P0.020
G1 X19.857 Y43.799 F662.0
M68 E2 Q39.022
G1 X19.432 Y43.346 F662.0
M68 E2 Q31.998
G1 X19.266 Y43.168 F662.0
(ROT_RINGS CONT L5 X19.266 Y43.168 -> X18.562 Y42.311)
M68 E2 Q31.998
G4 P0.020
G1 X19.111 Y42.979 F662.0
M68 E2 Q39.022
G1 X18.717 Y42.499 F662.0
M68 E2 Q31.998
G1 X18.562 Y42.311 F662.0
(ROT_RINGS CONT L5 X18.562 Y42.311 -> X17.917 Y41.410)
M68 E2 Q31.998
G4 P0.020
G1 X18.420 Y42.113 F662.0
M68 E2 Q39.022
G1 X18.059 Y41.608 F662.0
M68 E2 Q31.998
G1 X17.917 Y41.410 F662.0
(ROT_RINGS CONT L5 X17.917 Y41.410 -> X17.332 Y40.469)
M68 E2 Q31.998
G4 P0.020
G1 X17.788 Y41.203 F662.0
M68 E2 Q39.022
G1 X17.460 Y40.676 F662.0
M68 E2 Q31.998
G1 X17.332 Y40.469 F662.0
M68 E2 Q0.000
G1 X17.289 Y34.594 F860.6
(ROT_RINGS CONT L5 X17.289 Y34.594 -> X17.490 Y35.550)
M68 E2 Q31.998
G4 P0.020
G1 X17.334 Y34.804 F662.0
M68 E2 Q39.022
G1 X17.446 Y35.340 F662.0
M68 E2 Q31.998
G1 X17.490 Y35.550 F662.0
(ROT_RINGS CONT L5 X17.490 Y35.550 -> X17.754 Y36.492)
M68 E2 Q31.998
G4 P0.020
G1 X17.548 Y35.758 F662.0
M68 E2 Q39.022
G1 X17.696 Y36.285 F662.0
M68 E2 Q31.998
G1 X17.754 Y36.492 F662.0
(ROT_RINGS CONT L5 X17.754 Y36.492 -> X18.078 Y37.414)
M68 E2 Q31.998
G4 P0.020
G1 X17.825 Y36.695 F662.0
M68 E2 Q39.022
G1 X18.007 Y37.211 F662.0
M68 E2 Q31.998
G1 X18.078 Y37.414 F662.0
(ROT_RINGS CONT L5 X18.078 Y37.414 -> X18.462 Y38.313)
M68 E2 Q31.998
G4 P0.020
G1 X18.162 Y37.612 F662.0
M68 E2 Q39.022
G1 X18.377 Y38.115 F662.0
M68 E2 Q31.998
G1 X18.462 Y38.313 F662.0
(ROT_RINGS CONT L5 X18.462 Y38.313 -> X18.904 Y39.185)
M68 E2 Q31.998
G4 P0.020
G1 X18.559 Y38.505 F662.0
M68 E2 Q39.022
G1 X18.807 Y38.993 F662.0
M68 E2 Q31.998
G1 X18.904 Y39.185 F662.0
(ROT_RINGS CONT L5 X18.904 Y39.185 -> X19.402 Y40.026)
M68 E2 Q31.998
G4 P0.020
G1 X19.013 Y39.370 F662.0
M68 E2 Q39.022
G1 X19.292 Y39.841 F662.0
M68 E2 Q31.998
G1 X19.402 Y40.026 F662.0
(ROT_RINGS CONT L5 X19.402 Y40.026 -> X19.954 Y40.833)
M68 E2 Q31.998
G4 P0.020
G1 X19.523 Y40.203 F662.0
M68 E2 Q39.022
G1 X19.832 Y40.655 F662.0
M68 E2 Q31.998
G1 X19.954 Y40.833 F662.0
(ROT_RINGS CONT L5 X19.954 Y40.833 -> X20.557 Y41.602)
M68 E2 Q31.998
G4 P0.020
G1 X20.086 Y41.002 F662.0
M68 E2 Q39.022
G1 X20.424 Y41.433 F662.0
M68 E2 Q31.998
G1 X20.557 Y41.602 F662.0
(ROT_RINGS CONT L5 X20.557 Y41.602 -> X21.210 Y42.330)
M68 E2 Q31.998
G4 P0.020
G1 X20.701 Y41.762 F662.0
M68 E2 Q39.022
G1 X21.066 Y42.169 F662.0
M68 E2 Q31.998
G1 X21.210 Y42.330 F662.0
(ROT_RINGS CONT L5 X21.210 Y42.330 -> X21.908 Y43.013)
M68 E2 Q31.998
G4 P0.020
G1 X21.363 Y42.480 F662.0
M68 E2 Q39.022
G1 X21.755 Y42.863 F662.0
M68 E2 Q31.998
G1 X21.908 Y43.013 F662.0
(ROT_RINGS CONT L5 X21.908 Y43.013 -> X22.650 Y43.650)
M68 E2 Q31.998
G4 P0.020
G1 X22.071 Y43.153 F662.0
M68 E2 Q39.022
G1 X22.487 Y43.510 F662.0
M68 E2 Q31.998
G1 X22.650 Y43.650 F662.0
(ROT_RINGS CONT L5 X22.650 Y43.650 -> X23.432 Y44.236)
M68 E2 Q31.998
G4 P0.020
G1 X22.822 Y43.779 F662.0
M68 E2 Q39.022
G1 X23.260 Y44.107 F662.0
M68 E2 Q31.998
G1 X23.432 Y44.236 F662.0
(ROT_RINGS CONT L5 X23.432 Y44.236 -> X24.251 Y44.770)
M68 E2 Q31.998
G4 P0.020
G1 X23.612 Y44.354 F662.0
M68 E2 Q39.022
G1 X24.071 Y44.653 F662.0
M68 E2 Q31.998
G1 X24.251 Y44.770 F662.0
(ROT_RINGS CONT L5 X24.251 Y44.770 -> X25.103 Y45.250)
M68 E2 Q31.998
G4 P0.020
G1 X24.438 Y44.876 F662.0
M68 E2 Q39.022
G1 X24.915 Y45.144 F662.0
M68 E2 Q31.998
G1 X25.103 Y45.250 F662.0
(ROT_RINGS CONT L5 X25.103 Y45.250 -> X25.984 Y45.673)
M68 E2 Q31.998
G4 P0.020
G1 X25.296 Y45.343 F662.0
M68 E2 Q39.022
G1 X25.790 Y45.580 F662.0
M68 E2 Q31.998
G1 X25.984 Y45.673 F662.0
(ROT_RINGS CONT L5 X25.984 Y45.673 -> X26.891 Y46.037)
M68 E2 Q31.998
G4 P0.020
G1 X26.183 Y45.753 F662.0
M68 E2 Q39.022
G1 X26.691 Y45.957 F662.0
M68 E2 Q31.998
G1 X26.891 Y46.037 F662.0
(ROT_RINGS CONT L5 X26.891 Y46.037 -> X27.820 Y46.341)
M68 E2 Q31.998
G4 P0.020
G1 X27.095 Y46.104 F662.0
M68 E2 Q39.022
G1 X27.616 Y46.274 F662.0
M68 E2 Q31.998
G1 X27.820 Y46.341 F662.0
(ROT_RINGS CONT L5 X27.820 Y46.341 -> X28.767 Y46.584)
M68 E2 Q31.998
G4 P0.020
G1 X28.028 Y46.394 F662.0
M68 E2 Q39.022
G1 X28.559 Y46.530 F662.0
M68 E2 Q31.998
G1 X28.767 Y46.584 F662.0
(ROT_RINGS CONT L5 X28.767 Y46.584 -> X29.728 Y46.764)
M68 E2 Q31.998
G4 P0.020
G1 X28.978 Y46.623 F662.0
M68 E2 Q39.022
G1 X29.516 Y46.724 F662.0
M68 E2 Q31.998
G1 X29.728 Y46.764 F662.0
(ROT_RINGS CONT L5 X29.728 Y46.764 -> X30.698 Y46.881)
M68 E2 Q31.998
G4 P0.020
G1 X29.941 Y46.790 F662.0
M68 E2 Q39.022
G1 X30.485 Y46.855 F662.0
M68 E2 Q31.998
G1 X30.698 Y46.881 F662.0
(ROT_RINGS CONT L5 X30.698 Y46.881 -> X31.674 Y46.934)
M68 E2 Q31.998
G4 P0.020
G1 X30.913 Y46.893 F662.0
M68 E2 Q39.022
G1 X31.459 Y46.922 F662.0
M68 E2 Q31.998
G1 X31.674 Y46.934 F662.0
(ROT_RINGS CONT L5 X31.674 Y46.934 -> X32.652 Y46.923)
M68 E2 Q31.998
G4 P0.020
G1 X31.889 Y46.932 F662.0
M68 E2 Q39.022
G1 X32.437 Y46.926 F662.0
M68 E2 Q31.998
G1 X32.652 Y46.923 F662.0
(ROT_RINGS CONT L5 X32.652 Y46.923 -> X33.626 Y46.849)
M68 E2 Q31.998
G4 P0.020
G1 X32.866 Y46.907 F662.0
M68 E2 Q39.022
G1 X33.412 Y46.865 F662.0
M68 E2 Q31.998
G1 X33.626 Y46.849 F662.0
(ROT_RINGS CONT L5 X33.626 Y46.849 -> X34.594 Y46.711)
M68 E2 Q31.998
G4 P0.020
G1 X33.839 Y46.818 F662.0
M68 E2 Q39.022
G1 X34.381 Y46.741 F662.0
M68 E2 Q31.998
G1 X34.594 Y46.711 F662.0
(ROT_RINGS CONT L5 X34.594 Y46.711 -> X35.550 Y46.510)
M68 E2 Q31.998
G4 P0.020
G1 X34.804 Y46.666 F662.0
M68 E2 Q39.022
G1 X35.340 Y46.554 F662.0
M68 E2 Q31.998
G1 X35.550 Y46.510 F662.0
(ROT_RINGS CONT L5 X35.550 Y46.510 -> X36.492 Y46.246)
M68 E2 Q31.998
G4 P0.020
G1 X35.758 Y46.452 F662.0
M68 E2 Q39.022
G1 X36.285 Y46.304 F662.0
M68 E2 Q31.998
G1 X36.492 Y46.246 F662.0
(ROT_RINGS CONT L5 X36.492 Y46.246 -> X37.414 Y45.922)
M68 E2 Q31.998
G4 P0.020
G1 X36.695 Y46.175 F662.0
M68 E2 Q39.022
G1 X37.211 Y45.993 F662.0
M68 E2 Q31.998
G1 X37.414 Y45.922 F662.0
(ROT_RINGS CONT L5 X37.414 Y45.922 -> X38.313 Y45.538)
M68 E2 Q31.998
G4 P0.020
G1 X37.612 Y45.838 F662.0
M68 E2 Q39.022
G1 X38.115 Y45.623 F662.0
M68 E2 Q31.998
G1 X38.313 Y45.538 F662.0
(ROT_RINGS CONT L5 X38.313 Y45.538 -> X39.185 Y45.096)
M68 E2 Q31.998
G4 P0.020
G1 X38.505 Y45.441 F662.0
M68 E2 Q39.022
G1 X38.993 Y45.193 F662.0
M68 E2 Q31.998
G1 X39.185 Y45.096 F662.0
(ROT_RINGS CONT L5 X39.185 Y45.096 -> X40.026 Y44.598)
M68 E2 Q31.998
G4 P0.020
G1 X39.370 Y44.987 F662.0
M68 E2 Q39.022
G1 X39.841 Y44.708 F662.0
M68 E2 Q31.998
G1 X40.026 Y44.598 F662.0
(ROT_RINGS CONT L5 X40.026 Y44.598 -> X40.833 Y44.046)
M68 E2 Q31.998
G4 P0.020
G1 X40.203 Y44.477 F662.0
M68 E2 Q39.022
G1 X40.655 Y44.168 F662.0
M68 E2 Q31.998
G1 X40.833 Y44.046 F662.0
(ROT_RINGS CONT L5 X40.833 Y44.046 -> X41.602 Y43.443)
M68 E2 Q31.998
G4 P0.020
G1 X41.002 Y43.914 F662.0
M68 E2 Q39.022
G1 X41.433 Y43.576 F662.0
M68 E2 Q31.998
G1 X41.602 Y43.443 F662.0
(ROT_RINGS CONT L5 X41.602 Y43.443 -> X42.330 Y42.790)
M68 E2 Q31.998
G4 P0.020
G1 X41.762 Y43.299 F662.0
M68 E2 Q39.022
G1 X42.169 Y42.934 F662.0
M68 E2 Q31.998
G1 X42.330 Y42.790 F662.0
(ROT_RINGS CONT L5 X42.330 Y42.790 -> X43.013 Y42.092)
M68 E2 Q31.998
G4 P0.020
G1 X42.480 Y42.637 F662.0
M68 E2 Q39.022
G1 X42.863 Y42.245 F662.0
M68 E2 Q31.998
G1 X43.013 Y42.092 F662.0
(ROT_RINGS CONT L5 X43.013 Y42.092 -> X43.650 Y41.350)
M68 E2 Q31.998
G4 P0.020
G1 X43.153 Y41.929 F662.0
M68 E2 Q39.022
G1 X43.510 Y41.513 F662.0
M68 E2 Q31.998
G1 X43.650 Y41.350 F662.0
(ROT_RINGS CONT L5 X43.650 Y41.350 -> X44.236 Y40.568)
M68 E2 Q31.998
G4 P0.020
G1 X43.779 Y41.178 F662.0
M68 E2 Q39.022
G1 X44.107 Y40.740 F662.0
M68 E2 Q31.998
G1 X44.236 Y40.568 F662.0
(ROT_RINGS CONT L5 X44.236 Y40.568 -> X44.770 Y39.749)
M68 E2 Q31.998
G4 P0.020
G1 X44.354 Y40.388 F662.0
M68 E2 Q39.022
G1 X44.653 Y39.929 F662.0
M68 E2 Q31.998
G1 X44.770 Y39.749 F662.0
(ROT_RINGS CONT L5 X44.770 Y39.749 -> X45.250 Y38.897)
M68 E2 Q31.998
G4 P0.020
G1 X44.876 Y39.562 F662.0
M68 E2 Q39.022
G1 X45.144 Y39.085 F662.0
M68 E2 Q31.998
G1 X45.250 Y38.897 F662.0
(ROT_RINGS CONT L5 X45.250 Y38.897 -> X45.673 Y38.016)
M68 E2 Q31.998
G4 P0.020
G1 X45.343 Y38.704 F662.0
M68 E2 Q39.022
G1 X45.580 Y38.210 F662.0
M68 E2 Q31.998
G1 X45.673 Y38.016 F662.0
(ROT_RINGS CONT L5 X45.673 Y38.016 -> X46.037 Y37.109)
M68 E2 Q31.998
G4 P0.020
G1 X45.753 Y37.817 F662.0
M68 E2 Q39.022
G1 X45.957 Y37.309 F662.0
M68 E2 Q31.998
G1 X46.037 Y37.109 F662.0
(ROT_RINGS CONT L5 X46.037 Y37.109 -> X46.341 Y36.180)
M68 E2 Q31.998
G4 P0.020
G1 X46.104 Y36.905 F662.0
M68 E2 Q39.022
G1 X46.274 Y36.384 F662.0
M68 E2 Q31.998
G1 X46.341 Y36.180 F662.0
(ROT_RINGS CONT L5 X46.341 Y36.180 -> X46.584 Y35.233)
M68 E2 Q31.998
G4 P0.020
G1 X46.394 Y35.972 F662.0
M68 E2 Q39.022
G1 X46.530 Y35.441 F662.0
M68 E2 Q31.998
G1 X46.584 Y35.233 F662.0
(ROT_RINGS CONT L5 X46.584 Y35.233 -> X46.764 Y34.272)
M68 E2 Q31.998
G4 P0.020
G1 X46.623 Y35.022 F662.0
M68 E2 Q39.022
G1 X46.724 Y34.484 F662.0
M68 E2 Q31.998
G1 X46.764 Y34.272 F662.0
(ROT_RINGS CONT L5 X46.764 Y34.272 -> X46.881 Y33.302)
M68 E2 Q31.998
G4 P0.020
G1 X46.790 Y34.059 F662.0
M68 E2 Q39.022
G1 X46.855 Y33.515 F662.0
M68 E2 Q31.998
G1 X46.881 Y33.302 F662.0
(ROT_RINGS CONT L5 X46.881 Y33.302 -> X46.934 Y32.326)
M68 E2 Q31.998
G4 P0.020
G1 X46.893 Y33.087 F662.0
M68 E2 Q39.022
G1 X46.922 Y32.541 F662.0
M68 E2 Q31.998
G1 X46.934 Y32.326 F662.0
(ROT_RINGS CONT L5 X46.934 Y32.326 -> X46.923 Y31.348)
M68 E2 Q31.998
G4 P0.020
G1 X46.932 Y32.111 F662.0
M68 E2 Q39.022
G1 X46.926 Y31.563 F662.0
M68 E2 Q31.998
G1 X46.923 Y31.348 F662.0
(ROT_RINGS CONT L5 X46.923 Y31.348 -> X46.849 Y30.374)
M68 E2 Q31.998
G4 P0.020
G1 X46.907 Y31.134 F662.0
M68 E2 Q39.022
G1 X46.865 Y30.588 F662.0
M68 E2 Q31.998
G1 X46.849 Y30.374 F662.0
(ROT_RINGS CONT L5 X46.849 Y30.374 -> X46.711 Y29.406)
M68 E2 Q31.998
G4 P0.020
G1 X46.818 Y30.161 F662.0
M68 E2 Q39.022
G1 X46.741 Y29.619 F662.0
M68 E2 Q31.998
G1 X46.711 Y29.406 F662.0
(ROT_RINGS CONT L5 X46.711 Y29.406 -> X46.510 Y28.450)
M68 E2 Q31.998
G4 P0.020
G1 X46.666 Y29.196 F662.0
M68 E2 Q39.022
G1 X46.554 Y28.660 F662.0
M68 E2 Q31.998
G1 X46.510 Y28.450 F662.0
(ROT_RINGS CONT L5 X46.510 Y28.450 -> X46.246 Y27.508)
M68 E2 Q31.998
G4 P0.020
G1 X46.452 Y28.242 F662.0
M68 E2 Q39.022
G1 X46.304 Y27.715 F662.0
M68 E2 Q31.998
G1 X46.246 Y27.508 F662.0
(ROT_RINGS CONT L5 X46.246 Y27.508 -> X45.922 Y26.586)
M68 E2 Q31.998
G4 P0.020
G1 X46.175 Y27.305 F662.0
M68 E2 Q39.022
G1 X45.993 Y26.789 F662.0
M68 E2 Q31.998
G1 X45.922 Y26.586 F662.0
(ROT_RINGS CONT L5 X45.922 Y26.586 -> X45.538 Y25.687)
M68 E2 Q31.998
G4 P0.020
G1 X45.838 Y26.388 F662.0
M68 E2 Q39.022
G1 X45.623 Y25.885 F662.0
M68 E2 Q31.998
G1 X45.538 Y25.687 F662.0
(ROT_RINGS CONT L5 X45.538 Y25.687 -> X45.096 Y24.815)
M68 E2 Q31.998
G4 P0.020
G1 X45.441 Y25.495 F662.0
M68 E2 Q39.022
G1 X45.193 Y25.007 F662.0
M68 E2 Q31.998
G1 X45.096 Y24.815 F662.0
(ROT_RINGS CONT L5 X45.096 Y24.815 -> X44.598 Y23.974)
M68 E2 Q31.998
G4 P0.020
G1 X44.987 Y24.630 F662.0
M68 E2 Q39.022
G1 X44.708 Y24.159 F662.0
M68 E2 Q31.998
G1 X44.598 Y23.974 F662.0
(ROT_RINGS CONT L5 X44.598 Y23.974 -> X44.046 Y23.167)
M68 E2 Q31.998
G4 P0.020
G1 X44.477 Y23.797 F662.0
M68 E2 Q39.022
G1 X44.168 Y23.345 F662.0
M68 E2 Q31.998
G1 X44.046 Y23.167 F662.0
(ROT_RINGS CONT L5 X44.046 Y23.167 -> X43.443 Y22.398)
M68 E2 Q31.998
G4 P0.020
G1 X43.914 Y22.998 F662.0
M68 E2 Q39.022
G1 X43.576 Y22.567 F662.0
M68 E2 Q31.998
G1 X43.443 Y22.398 F662.0
(ROT_RINGS CONT L5 X43.443 Y22.398 -> X42.790 Y21.670)
M68 E2 Q31.998
G4 P0.020
G1 X43.299 Y22.238 F662.0
M68 E2 Q39.022
G1 X42.934 Y21.831 F662.0
M68 E2 Q31.998
G1 X42.790 Y21.670 F662.0
(ROT_RINGS CONT L5 X42.790 Y21.670 -> X42.092 Y20.987)
M68 E2 Q31.998
G4 P0.020
G1 X42.637 Y21.520 F662.0
M68 E2 Q39.022
G1 X42.245 Y21.137 F662.0
M68 E2 Q31.998
G1 X42.092 Y20.987 F662.0
(ROT_RINGS CONT L5 X42.092 Y20.987 -> X41.350 Y20.350)
M68 E2 Q31.998
G4 P0.020
G1 X41.929 Y20.847 F662.0
M68 E2 Q39.022
G1 X41.513 Y20.490 F662.0
M68 E2 Q31.998
G1 X41.350 Y20.350 F662.0
(ROT_RINGS CONT L5 X41.350 Y20.350 -> X40.568 Y19.764)
M68 E2 Q31.998
G4 P0.020
G1 X41.178 Y20.221 F662.0
M68 E2 Q39.022
G1 X40.740 Y19.893 F662.0
M68 E2 Q31.998
G1 X40.568 Y19.764 F662.0
(ROT_RINGS CONT L5 X40.568 Y19.764 -> X39.749 Y19.230)
M68 E2 Q31.998
G4 P0.020
G1 X40.388 Y19.646 F662.0
M68 E2 Q39.022
G1 X39.929 Y19.347 F662.0
M68 E2 Q31.998
G1 X39.749 Y19.230 F662.0
(ROT_RINGS CONT L5 X39.749 Y19.230 -> X38.897 Y18.750)
M68 E2 Q31.998
G4 P0.020
G1 X39.562 Y19.124 F662.0
M68 E2 Q39.022
G1 X39.085 Y18.856 F662.0
M68 E2 Q31.998
G1 X38.897 Y18.750 F662.0
(ROT_RINGS CONT L5 X38.897 Y18.750 -> X38.016 Y18.327)
M68 E2 Q31.998
G4 P0.020
G1 X38.704 Y18.657 F662.0
M68 E2 Q39.022
G1 X38.210 Y18.420 F662.0
M68 E2 Q31.998
G1 X38.016 Y18.327 F662.0
(ROT_RINGS CONT L5 X38.016 Y18.327 -> X37.109 Y17.963)
M68 E2 Q31.998
G4 P0.020
G1 X37.817 Y18.247 F662.0
M68 E2 Q39.022
G1 X37.309 Y18.043 F662.0
M68 E2 Q31.998
G1 X37.109 Y17.963 F662.0
(ROT_RINGS CONT L5 X37.109 Y17.963 -> X36.180 Y17.659)
M68 E2 Q31.998
G4 P0.020
G1 X36.905 Y17.896 F662.0
M68 E2 Q39.022
G1 X36.384 Y17.726 F662.0
M68 E2 Q31.998
G1 X36.180 Y17.659 F662.0
(ROT_RINGS CONT L5 X36.180 Y17.659 -> X35.233 Y17.416)
M68 E2 Q31.998
G4 P0.020
G1 X35.972 Y17.606 F662.0
M68 E2 Q39.022
G1 X35.441 Y17.470 F662.0
M68 E2 Q31.998
G1 X35.233 Y17.416 F662.0
(ROT_RINGS CONT L5 X35.233 Y17.416 -> X34.272 Y17.236)
M68 E2 Q31.998
G4 P0.020
G1 X35.022 Y17.377 F662.0
M68 E2 Q39.022
G1 X34.484 Y17.276 F662.0
M68 E2 Q31.998
G1 X34.272 Y17.236 F662.0
(ROT_RINGS CONT L5 X34.272 Y17.236 -> X33.302 Y17.119)
M68 E2 Q31.998
G4 P0.020
G1 X34.059 Y17.210 F662.0
M68 E2 Q39.022
G1 X33.515 Y17.145 F662.0
M68 E2 Q31.998
G1 X33.302 Y17.119 F662.0
(ROT_RINGS CONT L5 X33.302 Y17.119 -> X32.326 Y17.066)
M68 E2 Q31.998
G4 P0.020
G1 X33.087 Y17.107 F662.0
M68 E2 Q39.022
G1 X32.541 Y17.078 F662.0
M68 E2 Q31.998
G1 X32.326 Y17.066 F662.0
(ROT_RINGS CONT L5 X32.326 Y17.066 -> X31.348 Y17.077)
M68 E2 Q31.998
G4 P0.020
G1 X32.111 Y17.068 F662.0
M68 E2 Q39.022
G1 X31.563 Y17.074 F662.0
M68 E2 Q31.998
G1 X31.348 Y17.077 F662.0
(ROT_RINGS CONT L5 X31.348 Y17.077 -> X30.374 Y17.151)
M68 E2 Q31.998
G4 P0.020
G1 X31.134 Y17.093 F662.0
M68 E2 Q39.022
G1 X30.588 Y17.135 F662.0
M68 E2 Q31.998
G1 X30.374 Y17.151 F662.0
(ROT_RINGS CONT L5 X30.374 Y17.151 -> X29.406 Y17.289)
M68 E2 Q31.998
G4 P0.020
G1 X30.161 Y17.182 F662.0
M68 E2 Q39.022
G1 X29.619 Y17.259 F662.0
M68 E2 Q31.998
G1 X29.406 Y17.289 F662.0
(ROT_RINGS CONT L5 X29.406 Y17.289 -> X28.450 Y17.490)
M68 E2 Q31.998
G4 P0.020
G1 X29.196 Y17.334 F662.0
M68 E2 Q39.022
G1 X28.660 Y17.446 F662.0
M68 E2 Q31.998
G1 X28.450 Y17.490 F662.0
(ROT_RINGS CONT L5 X28.450 Y17.490 -> X27.508 Y17.754)
M68 E2 Q31.998
G4 P0.020
G1 X28.242 Y17.548 F662.0
M68 E2 Q39.022
G1 X27.715 Y17.696 F662.0
M68 E2 Q31.998
G1 X27.508 Y17.754 F662.0
(ROT_RINGS CONT L5 X27.508 Y17.754 -> X26.586 Y18.078)
M68 E2 Q31.998
G4 P0.020
G1 X27.305 Y17.825 F662.0
M68 E2 Q39.022
G1 X26.789 Y18.007 F662.0
M68 E2 Q31.998
G1 X26.586 Y18.078 F662.0
(ROT_RINGS CONT L5 X26.586 Y18.078 -> X25.687 Y18.462)
M68 E2 Q31.998
G4 P0.020
G1 X26.388 Y18.162 F662.0
M68 E2 Q39.022
G1 X25.885 Y18.377 F662.0
M68 E2 Q31.998
G1 X25.687 Y18.462 F662.0
(ROT_RINGS CONT L5 X25.687 Y18.462 -> X24.815 Y18.904)
M68 E2 Q31.998
G4 P0.020
G1 X25.495 Y18.559 F662.0
M68 E2 Q39.022
G1 X25.007 Y18.807 F662.0
M68 E2 Q31.998
G1 X24.815 Y18.904 F662.0
(ROT_RINGS CONT L5 X24.815 Y18.904 -> X23.974 Y19.402)
M68 E2 Q31.998
G4 P0.020
G1 X24.630 Y19.013 F662.0
M68 E2 Q39.022
G1 X24.159 Y19.292 F662.0
M68 E2 Q31.998
G1 X23.974 Y19.402 F662.0
(ROT_RINGS CONT L5 X23.974 Y19.402 -> X23.167 Y19.954)
M68 E2 Q31.998
G4 P0.020
G1 X23.797 Y19.523 F662.0
M68 E2 Q39.022
G1 X23.345 Y19.832 F662.0
M68 E2 Q31.998
G1 X23.167 Y19.954 F662.0
(ROT_RINGS CONT L5 X23.167 Y19.954 -> X22.398 Y20.557)
M68 E2 Q31.998
G4 P0.020
G1 X22.998 Y20.086 F662.0
M68 E2 Q39.022
G1 X22.567 Y20.424 F662.0
M68 E2 Q31.998
G1 X22.398 Y20.557 F662.0
(ROT_RINGS CONT L5 X22.398 Y20.557 -> X21.670 Y21.210)
M68 E2 Q31.998
G4 P0.020
G1 X22.238 Y20.701 F662.0
M68 E2 Q39.022
G1 X21.831 Y21.066 F662.0
M68 E2 Q31.998
G1 X21.670 Y21.210 F662.0
(ROT_RINGS CONT L5 X21.670 Y21.210 -> X20.987 Y21.908)
M68 E2 Q31.998
G4 P0.020
G1 X21.520 Y21.363 F662.0
M68 E2 Q39.022
G1 X21.137 Y21.755 F662.0
M68 E2 Q31.998
G1 X20.987 Y21.908 F662.0
(ROT_RINGS CONT L5 X20.987 Y21.908 -> X20.350 Y22.650)
M68 E2 Q31.998
G4 P0.020
G1 X20.847 Y22.071 F662.0
M68 E2 Q39.022
G1 X20.490 Y22.487 F662.0
M68 E2 Q31.998
G1 X20.350 Y22.650 F662.0
(ROT_RINGS CONT L5 X20.350 Y22.650 -> X19.764 Y23.432)
M68 E2 Q31.998
G4 P0.020
G1 X20.221 Y22.822 F662.0
M68 E2 Q39.022
G1 X19.893 Y23.260 F662.0
M68 E2 Q31.998
G1 X19.764 Y23.432 F662.0
(ROT_RINGS CONT L5 X19.764 Y23.432 -> X19.230 Y24.251)
M68 E2 Q31.998
G4 P0.020
G1 X19.646 Y23.612 F662.0
M68 E2 Q39.022
G1 X19.347 Y24.071 F662.0
M68 E2 Q31.998
G1 X19.230 Y24.251 F662.0
(ROT_RINGS CONT L5 X19.230 Y24.251 -> X18.750 Y25.103)
M68 E2 Q31.998
G4 P0.020
G1 X19.124 Y24.438 F662.0
M68 E2 Q39.022
G1 X18.856 Y24.915 F662.0
M68 E2 Q31.998
G1 X18.750 Y25.103 F662.0
(ROT_RINGS CONT L5 X18.750 Y25.103 -> X18.327 Y25.984)
M68 E2 Q31.998
G4 P0.020
G1 X18.657 Y25.296 F662.0
M68 E2 Q39.022
G1 X18.420 Y25.790 F662.0
M68 E2 Q31.998
G1 X18.327 Y25.984 F662.0
(ROT_RINGS CONT L5 X18.327 Y25.984 -> X17.963 Y26.891)
M68 E2 Q31.998
G4 P0.020
G1 X18.247 Y26.183 F662.0
M68 E2 Q39.022
G1 X18.043 Y26.691 F662.0
M68 E2 Q31.998
G1 X17.963 Y26.891 F662.0
(ROT_RINGS CONT L5 X17.963 Y26.891 -> X17.659 Y27.820)
M68 E2 Q31.998
G4 P0.020
G1 X17.896 Y27.095 F662.0
M68 E2 Q39.022
G1 X17.726 Y27.616 F662.0
M68 E2 Q31.998
G1 X17.659 Y27.820 F662.0
(ROT_RINGS CONT L5 X17.659 Y27.820 -> X17.416 Y28.767)
M68 E2 Q31.998
G4 P0.020
G1 X17.606 Y28.028 F662.0
M68 E2 Q39.022
G1 X17.470 Y28.559 F662.0
M68 E2 Q31.998
G1 X17.416 Y28.767 F662.0
(ROT_RINGS CONT L5 X17.416 Y28.767 -> X17.236 Y29.728)
M68 E2 Q31.998
G4 P0.020
G1 X17.377 Y28.978 F662.0
M68 E2 Q39.022
G1 X17.276 Y29.516 F662.0
M68 E2 Q31.998
G1 X17.236 Y29.728 F662.0
(ROT_RINGS CONT L5 X17.236 Y29.728 -> X17.119 Y30.698)
M68 E2 Q31.998
G4 P0.020
G1 X17.210 Y29.941 F662.0
M68 E2 Q39.022
G1 X17.145 Y30.485 F662.0
M68 E2 Q31.998
G1 X17.119 Y30.698 F662.0
(ROT_RINGS CONT L5 X17.119 Y30.698 -> X17.066 Y31.674)
M68 E2 Q31.998
G4 P0.020
G1 X17.107 Y30.913 F662.0
M68 E2 Q39.022
G1 X17.078 Y31.459 F662.0
M68 E2 Q31.998
G1 X17.066 Y31.674 F662.0
(ROT_RINGS CONT L5 X17.066 Y31.674 -> X17.077 Y32.652)
M68 E2 Q31.998
G4 P0.020
G1 X17.068 Y31.889 F662.0
M68 E2 Q39.022
G1 X17.074 Y32.437 F662.0
M68 E2 Q31.998
G1 X17.077 Y32.652 F662.0
(ROT_RINGS CONT L5 X17.077 Y32.652 -> X17.151 Y33.626)
M68 E2 Q31.998
G4 P0.020
G1 X17.093 Y32.866 F662.0
M68 E2 Q39.022
G1 X17.135 Y33.412 F662.0
M68 E2 Q31.998
G1 X17.151 Y33.626 F662.0
(ROT_RINGS CONT L5 X17.151 Y33.626 -> X17.289 Y34.594)
M68 E2 Q31.998
G4 P0.020
G1 X17.182 Y33.839 F662.0
M68 E2 Q39.022
G1 X17.259 Y34.381 F662.0
M68 E2 Q31.998
G1 X17.289 Y34.594 F662.0
M68 E2 Q0.000
G4 P0.030
M68 E0 Q0.000
G0 Z15.000
G4 P0.170 (layer thermal stabilization)
(--- FINISH ---)
M68 E2 Q0.000
M68 E0 Q0.000
G0 Z110.000
M30
