layer,zone,kind,index,radius_start_mm,radius_end_mm,c_deg,length_mm,time_min,c_speed_deg_min,linear_speed_mm_s,e0_ma,e2_mm_s,deposit_area_mm2,line_energy_j_mm,volume_energy_j_mm3,deposited_volume_mm3,contour
1,FLANGE_NARROW,RING,1,21.29167389938872,21.29167389938872,360.0,133.7795326098983,0.6005004170141784,599.5,3.713001379612687,25.0,13.201010356765746,3.9003732470084778,403.9858450460552,103.57620142018605,521.7901099889456,True
1,FLANGE_NARROW,RADIAL_LINK,1,21.29167389938872,23.8750073377509,5.0,3.249648059912887,0.008340283569641367,599.5,6.493880039725919,25.0,23.08800048680793,3.9003732470084778,230.9867122311839,59.221694336137425,12.674840355077228,False
1,FLANGE_NARROW,RING,2,23.8750073377509,23.8750073377509,360.0,150.01109531336127,0.6005004170141784,599.5,4.163502390757412,25.0,14.8026980228434,3.9003732470084778,360.2736012184983,92.36900634953905,585.0992629146731,False
1,FLANGE_NARROW,RADIAL_LINK,2,23.8750073377509,26.458340776113076,5.0,3.391075007305256,0.008340283569641367,599.5,6.77649822293167,25.0,24.09280635194838,3.9003732470084778,221.35326397991224,56.75181577806344,13.226458237092498,False
1,FLANGE_NARROW,RING,3,26.458340776113076,26.458340776113076,360.0,166.2426580168242,0.6005004170141784,599.5,4.614003401902135,25.0,16.40438568892105,3.9003732470084778,325.09728956455064,83.35030238808424,648.4084158404006,False
1,FLANGE_NARROW,RADIAL_LINK,3,26.458340776113076,29.041674214475258,5.0,3.541218207844852,0.008340283569641367,599.5,7.0765343853432965,25.0,25.159539186777895,3.9003732470084778,211.96816383832663,54.345610128698,13.812072759697369,False
1,FLANGE_NARROW,RING,4,29.041674214475258,29.041674214475258,360.0,182.47422072028718,0.6005004170141784,599.5,5.064504413046859,25.0,18.006073354998698,3.9003732470084778,296.179029114042,75.93607338508089,711.7175687661281,False
1,FLANGE_NARROW,RADIAL_LINK,4,29.041674214475258,31.625007652837432,5.0,3.6990165995918476,0.008340283569641367,599.5,7.391868171517709,25.0,26.280660390767533,3.9003732470084778,202.92569688672057,52.02725073615999,14.427545385288314,False
1,FLANGE_NARROW,RING,5,31.625007652837432,31.625007652837432,360.0,198.70578342375012,0.6005004170141784,599.5,5.515005424191584,25.0,19.607761021076353,3.9003732470084778,271.9852266001855,69.73312792789606,775.0267216918556,False
1,FLANGE_NARROW,RADIAL_LINK,5,31.625007652837432,34.208341091199614,5.0,3.8635323406295163,0.008340283569641367,599.5,7.720625460691317,25.0,27.449506813252768,3.9003732470084778,194.28477752703827,49.81184241176187,15.06921818034341,False
1,FLANGE_NARROW,RING,6,34.208341091199614,34.208341091199614,360.0,214.93734612721312,0.6005004170141784,599.5,5.965506435336309,25.0,21.209448687154005,3.9003732470084778,251.44554217808613,64.46704616563062,838.3358746175833,False
1,FLANGE_NARROW,RADIAL_LINK,6,34.208341091199614,36.79167452956179,5.0,4.033943601059749,0.008340283569641367,599.5,8.061163962784399,25.0,28.660239542222882,3.9003732470084778,186.0773465128585,47.70757430858105,15.733885701514486,False
1,FLANGE_NARROW,RING,7,36.79167452956179,36.79167452956179,360.0,231.16890883067606,0.6005004170141784,599.5,6.416007446481032,25.0,22.811136353231657,3.9003732470084778,233.7902523512033,59.940481986055204,901.6450275433108,False
1,FLANGE_NARROW,RADIAL_LINK,7,36.79167452956179,39.37500796792397,5.0,4.2095343493796005,0.008340283569641367,599.5,8.412052808176902,25.263812208585513,29.90777133888039,3.9003732470084778,180.19724401179167,46.199999999999996,16.41875515868343,False
1,FLANGE_NARROW,RING,8,39.37500796792397,39.37500796792397,360.0,247.40047153413903,0.6005004170141784,599.5,6.866508457625757,25.0,24.412824019309312,3.9003732470084778,218.4516351005351,56.007879571034366,964.9541804690383,False
1,FLANGE_NARROW,RADIAL_LINK,8,39.37500796792397,41.958341406286145,5.0,4.389682956730791,0.008340283569641367,599.5,8.772049775200365,26.344986563756038,31.187685673460226,3.9003732470084778,180.19724401179164,46.19999999999999,17.12140196728185,False
1,FLANGE_NARROW,RING,9,41.958341406286145,41.958341406286145,360.0,263.63203423760194,0.6005004170141784,599.5,7.31700946877048,25.0,26.014511685386957,3.9003732470084778,205.0017847321515,52.55953001148916,1028.2633333947656,False
1,FLANGE_NARROW,RADIAL_LINK,9,41.958341406286145,44.54167484464833,5.0,4.573850771374138,0.008340283569641367,599.5,9.14007845812932,27.4502824701075,32.49615554950395,3.9003732470084778,180.1972440117917,46.2,17.839725184476777,False
1,FLANGE_NARROW,RING,10,44.54167484464833,44.54167484464833,360.0,279.86359694106494,0.6005004170141784,599.5,7.767510479915205,25.0,27.616199351464612,3.9003732470084778,193.11206645663577,49.5111760405878,1091.5724863204935,False
1,FLANGE_NARROW,RADIAL_LINK,10,44.54167484464833,47.1250082830105,5.0,4.761571329055562,0.008340283569641367,599.5,9.515206705896032,28.576900410083063,33.82986684599701,3.9003732470084778,180.19724401179167,46.199999999999996,18.571905425570918,False
1,FLANGE_NARROW,RING,11,47.1250082830105,47.1250082830105,360.0,296.0951596445279,0.6005004170141784,599.5,8.21801149105993,25.0,29.21788701754226,3.9003732470084778,182.5259068610204,46.79703589932445,1154.8816392462209,False
1,FLANGE_NARROW,RADIAL_LINK,11,47.1250082830105,49.70834172137268,5.0,4.952440535860089,0.008340283569641367,599.5,9.896627004160411,29.722415186039676,35.185948568809074,3.9003732470084778,180.1972440117917,46.2,19.316366573469022,False
1,FLANGE_NARROW,RING,12,49.70834172137268,49.70834172137268,360.0,312.3267223479909,0.6005004170141784,599.5,8.668512502204655,26.03403437631732,30.819574683619916,3.9003732470084778,180.1972440117917,46.2,1218.1907921719485,False
1,FLANGE_NARROW,RADIAL_LINK,12,49.70834172137268,52.29167515973486,5.0,5.146107950849645,0.008340283569641367,599.5,10.283639055114541,30.88472360239443,36.56191091584476,3.9003732470084778,180.19724401179167,46.199999999999996,20.071741777711573,False
1,FLANGE_NARROW,RING,13,52.29167515973486,52.29167515973486,360.0,328.5582850514538,0.6005004170141784,599.5,9.119013513349378,27.387018386864057,32.42126234969757,3.9003732470084778,180.19724401179167,46.199999999999996,1281.499945097676,False
1,FLANGE_NARROW,RADIAL_LINK,13,52.29167515973486,54.87500859809704,5.0,5.342269170890103,0.008340283569641367,599.5,10.675634559828723,32.06199876263621,37.95559117299493,3.9003732470084778,180.19724401179167,46.199999999999996,20.83684375245792,False
1,FLANGE_NARROW,RING,14,54.87500859809704,54.87500859809704,360.0,344.78984775491676,0.6005004170141784,599.5,9.569514524494101,28.740002397410805,34.022950015775216,3.9003732470084778,180.1972440117917,46.2,1344.8090980234033,False
1,FLANGE_NARROW,RADIAL_LINK,14,54.87500859809704,57.458342036459214,5.0,5.5406592514309825,0.008340283569641367,599.5,11.072084070776247,33.252650583678985,39.36510697029283,3.9003732470084778,180.19724401179167,46.199999999999996,21.61063911507142,False
1,FLANGE_NARROW,RING,15,57.458342036459214,57.458342036459214,360.0,361.0214104583797,0.6005004170141784,599.5,10.020015535638827,30.09298640795755,35.62463768185287,3.9003732470084778,180.19724401179167,46.199999999999996,1408.118250949131,False
1,FLANGE_NARROW,RADIAL_LINK,15,57.458342036459214,60.041675474821396,5.0,5.741047064090099,0.008340283569641367,599.5,11.472525716406714,34.45529193251493,40.78881619385351,3.9003732470084778,180.1972440117917,46.2,22.392226378593588,False
1,FLANGE_NARROW,RING,16,60.041675474821396,60.041675474821396,360.0,377.2529731618427,0.6005004170141784,599.5,10.470516546783552,31.4459704185043,37.226325347930526,3.9003732470084778,180.19724401179167,46.199999999999996,1471.4274038748586,False
1,FLANGE_NARROW,RADIAL_LINK,16,60.041675474821396,62.62500891318357,5.0,5.943230480618439,0.008340283569641367,599.5,11.876555577102515,35.66870972244579,42.22528276905425,3.9003732470084778,180.1972440117917,46.2,23.180817167409497,False
1,FLANGE_NARROW,RING,17,62.62500891318357,62.62500891318357,360.0,393.48453586530565,0.6005004170141784,599.5,10.921017557928275,32.798954429051044,38.82801301400817,3.9003732470084778,180.19724401179167,46.199999999999996,1534.736556800586,False
1,FLANGE_NARROW,RADIAL_LINK,17,62.62500891318357,65.20834235154575,5.0,6.1470322739145935,0.008340283569641367,599.5,12.28381949403933,36.891840312736804,43.67324753818685,3.9003732470084778,180.19724401179167,46.199999999999996,23.97572022967417,False
1,FLANGE_NARROW,RING,18,65.20834235154575,65.20834235154575,360.0,409.71609856876864,0.6005004170141784,599.5,11.371518569073,34.15193843959779,40.42970068008583,3.9003732470084778,180.1972440117917,46.2,1598.0457097263136,False
1,FLANGE_NARROW,RADIAL_LINK,18,65.20834235154575,67.79167578990793,5.0,6.35229663435701,0.008340283569641367,599.5,12.69400610765676,37.95,45.13160350980117,3.9003732470084778,179.37599688301404,45.98944396426483,24.77632784970808,False
1,FLANGE_NARROW,RING,19,67.79167578990793,67.79167578990793,360.0,425.9476612722316,0.6005004170141784,599.5,11.822019580217724,35.504922450144534,42.03138834616348,3.9003732470084778,180.1972440117917,46.2,1661.3548626520412,False
1,FLANGE_NARROW,RADIAL_LINK,19,67.79167578990793,70.3750092282701,5.0,6.558886210250728,0.008340283569641367,599.5,13.106840943484372,37.95,46.59937483176132,3.9003732470084778,173.72607250047804,44.54088403814252,25.58210430463476,False
1,FLANGE_NARROW,RING,20,70.3750092282701,70.3750092282701,360.0,442.17922397569447,0.6005004170141784,599.5,12.272520591362447,36.85790646069128,43.633076012241126,3.9003732470084778,180.19724401179167,46.199999999999996,1724.6640155777684,False
1,FLANGE_NARROW,RADIAL_LINK,20,70.3750092282701,72.95834266663229,5.0,6.766679592549335,0.008340283569641367,599.5,13.522081385777755,37.95,48.075698920774926,3.9003732470084778,168.39123615946443,43.17310818615058,26.392576053857653,False
1,FLANGE_NARROW,RING,21,72.95834266663229,72.95834266663229,360.0,458.4107866791575,0.6005004170141784,599.5,12.723021602507174,37.95,45.234763678318785,3.9003732470084778,178.96692084145317,45.88456270915043,1787.9731685034963,False
1,FLANGE_NARROW,RADIAL_LINK,21,72.95834266663229,75.54167610499447,5.0,6.97556917505962,0.008350361203299092,598.7764934078039,13.922689500552558,37.95,49.5,3.9003732470084778,163.54598728281854,41.93085556831148,27.20732339305954,False
1,FLANGE_NARROW,RING,22,75.54167610499447,75.54167610499447,360.0,474.64234938262047,0.6005004170141784,599.5,13.173522613651897,37.95,46.83645134439644,3.9003732470084778,172.84670674496087,44.31542721649305,1851.2823214292237,False
1,FLANGE_NARROW,RADIAL_LINK,22,75.54167610499447,78.12500954335664,5.0,7.1854593314837,0.008601617921593056,581.2859912608137,13.922689500552556,37.95,49.49999999999999,3.9003732470084778,163.54598728281857,41.930855568311486,28.025973343986443,False
1,FLANGE_NARROW,RING,23,78.12500954335664,78.12500954335664,360.0,490.8739120860834,0.6005004170141784,599.5,13.62402362479662,37.95,48.43813901047409,3.9003732470084778,167.1312427743967,42.850063875959464,1914.5914743549513,False
1,FLANGE_NARROW,RADIAL_LINK,23,78.12500954335664,80.70834298171883,5.0,7.396264859661561,0.00885397041925463,564.7183990051012,13.922689500552554,37.95,49.49999999999999,3.9003732470084778,163.5459872828186,41.93085556831149,28.848193586412865,False
1,FLANGE_NARROW,RING,24,80.70834298171883,80.70834298171883,360.0,507.1054747895464,0.6070492280118491,593.0326296255056,13.922689500552558,37.95,49.5,3.9003732470084778,163.54598728281854,41.93085556831148,1977.900627280679,True
2,FLANGE_NARROW,RING,1,21.29167389938872,21.29167389938872,360.0,133.7795326098983,0.6005004170141784,599.5,3.713001379612687,25.0,13.201010356765746,3.9003732470084778,403.9858450460552,103.57620142018605,521.7901099889456,True
2,FLANGE_NARROW,RADIAL_LINK,1,21.29167389938872,23.8750073377509,5.0,3.249648059912887,0.008340283569641367,599.5,6.493880039725919,25.0,23.08800048680793,3.9003732470084778,230.9867122311839,59.221694336137425,12.674840355077228,False
2,FLANGE_NARROW,RING,2,23.8750073377509,23.8750073377509,360.0,150.01109531336127,0.6005004170141784,599.5,4.163502390757412,25.0,14.8026980228434,3.9003732470084778,360.2736012184983,92.36900634953905,585.0992629146731,False
2,FLANGE_NARROW,RADIAL_LINK,2,23.8750073377509,26.458340776113076,5.0,3.391075007305256,0.008340283569641367,599.5,6.77649822293167,25.0,24.09280635194838,3.9003732470084778,221.35326397991224,56.75181577806344,13.226458237092498,False
2,FLANGE_NARROW,RING,3,26.458340776113076,26.458340776113076,360.0,166.2426580168242,0.6005004170141784,599.5,4.614003401902135,25.0,16.40438568892105,3.9003732470084778,325.09728956455064,83.35030238808424,648.4084158404006,False
2,FLANGE_NARROW,RADIAL_LINK,3,26.458340776113076,29.041674214475258,5.0,3.541218207844852,0.008340283569641367,599.5,7.0765343853432965,25.0,25.159539186777895,3.9003732470084778,211.96816383832663,54.345610128698,13.812072759697369,False
2,FLANGE_NARROW,RING,4,29.041674214475258,29.041674214475258,360.0,182.47422072028718,0.6005004170141784,599.5,5.064504413046859,25.0,18.006073354998698,3.9003732470084778,296.179029114042,75.93607338508089,711.7175687661281,False
2,FLANGE_NARROW,RADIAL_LINK,4,29.041674214475258,31.625007652837432,5.0,3.6990165995918476,0.008340283569641367,599.5,7.391868171517709,25.0,26.280660390767533,3.9003732470084778,202.92569688672057,52.02725073615999,14.427545385288314,False
2,FLANGE_NARROW,RING,5,31.625007652837432,31.625007652837432,360.0,198.70578342375012,0.6005004170141784,599.5,5.515005424191584,25.0,19.607761021076353,3.9003732470084778,271.9852266001855,69.73312792789606,775.0267216918556,False
2,FLANGE_NARROW,RADIAL_LINK,5,31.625007652837432,34.208341091199614,5.0,3.8635323406295163,0.008340283569641367,599.5,7.720625460691317,25.0,27.449506813252768,3.9003732470084778,194.28477752703827,49.81184241176187,15.06921818034341,False
2,FLANGE_NARROW,RING,6,34.208341091199614,34.208341091199614,360.0,214.93734612721312,0.6005004170141784,599.5,5.965506435336309,25.0,21.209448687154005,3.9003732470084778,251.44554217808613,64.46704616563062,838.3358746175833,False
2,FLANGE_NARROW,RADIAL_LINK,6,34.208341091199614,36.79167452956179,5.0,4.033943601059749,0.008340283569641367,599.5,8.061163962784399,25.0,28.660239542222882,3.9003732470084778,186.0773465128585,47.70757430858105,15.733885701514486,False
2,FLANGE_NARROW,RING,7,36.79167452956179,36.79167452956179,360.0,231.16890883067606,0.6005004170141784,599.5,6.416007446481032,25.0,22.811136353231657,3.9003732470084778,233.7902523512033,59.940481986055204,901.6450275433108,False
2,FLANGE_NARROW,RADIAL_LINK,7,36.79167452956179,39.37500796792397,5.0,4.2095343493796005,0.008340283569641367,599.5,8.412052808176902,25.0,29.90777133888039,3.9003732470084778,178.31557102707808,45.7175659185549,16.41875515868343,False
2,FLANGE_NARROW,RING,8,39.37500796792397,39.37500796792397,360.0,247.40047153413903,0.6005004170141784,599.5,6.866508457625757,25.0,24.412824019309312,3.9003732470084778,218.4516351005351,56.007879571034366,964.9541804690383,False
2,FLANGE_NARROW,RADIAL_LINK,8,39.37500796792397,41.958341406286145,5.0,4.389682956730791,0.008340283569641367,599.5,8.772049775200365,25.090463394053376,31.187685673460226,3.9003732470084778,171.61642286837306,44.000000000000014,17.12140196728185,False
2,FLANGE_NARROW,RING,9,41.958341406286145,41.958341406286145,360.0,263.63203423760194,0.6005004170141784,599.5,7.31700946877048,25.0,26.014511685386957,3.9003732470084778,205.0017847321515,52.55953001148916,1028.2633333947656,False
2,FLANGE_NARROW,RADIAL_LINK,9,41.958341406286145,44.54167484464833,5.0,4.573850771374138,0.008340283569641367,599.5,9.14007845812932,26.143126162007142,32.49615554950395,3.9003732470084778,171.61642286837304,44.00000000000001,17.839725184476777,False
2,FLANGE_NARROW,RING,10,44.54167484464833,44.54167484464833,360.0,279.86359694106494,0.6005004170141784,599.5,7.767510479915205,25.0,27.616199351464612,3.9003732470084778,193.11206645663577,49.5111760405878,1091.5724863204935,False
2,FLANGE_NARROW,RADIAL_LINK,10,44.54167484464833,47.1250082830105,5.0,4.761571329055562,0.008340283569641367,599.5,9.515206705896032,27.216095628650535,33.82986684599701,3.9003732470084778,171.61642286837304,44.00000000000001,18.571905425570918,False
2,FLANGE_NARROW,RING,11,47.1250082830105,47.1250082830105,360.0,296.0951596445279,0.6005004170141784,599.5,8.21801149105993,25.0,29.21788701754226,3.9003732470084778,182.5259068610204,46.79703589932445,1154.8816392462209,False
2,FLANGE_NARROW,RADIAL_LINK,11,47.1250082830105,49.70834172137268,5.0,4.952440535860089,0.008340283569641367,599.5,9.896627004160411,28.307062081942547,35.185948568809074,3.9003732470084778,171.61642286837304,44.00000000000001,19.316366573469022,False
2,FLANGE_NARROW,RING,12,49.70834172137268,49.70834172137268,360.0,312.3267223479909,0.6005004170141784,599.5,8.668512502204655,25.0,30.819574683619916,3.9003732470084778,173.0400688259383,44.36500249268636,1218.1907921719485,False
2,FLANGE_NARROW,RADIAL_LINK,12,49.70834172137268,52.29167515973486,5.0,5.146107950849645,0.008340283569641367,599.5,10.283639055114541,29.414022478470887,36.56191091584476,3.9003732470084778,171.61642286837304,44.00000000000001,20.071741777711573,False
2,FLANGE_NARROW,RING,13,52.29167515973486,52.29167515973486,360.0,328.5582850514538,0.6005004170141784,599.5,9.119013513349378,26.082874654156253,32.42126234969757,3.9003732470084778,171.61642286837306,44.000000000000014,1281.499945097676,False
2,FLANGE_NARROW,RADIAL_LINK,13,52.29167515973486,54.87500859809704,5.0,5.342269170890103,0.008340283569641367,599.5,10.675634559828723,30.53523691679639,37.95559117299493,3.9003732470084778,171.616422868373,43.99999999999999,20.83684375245792,False
2,FLANGE_NARROW,RING,14,54.87500859809704,54.87500859809704,360.0,344.78984775491676,0.6005004170141784,599.5,9.569514524494101,27.37143085467696,34.022950015775216,3.9003732470084778,171.61642286837304,44.00000000000001,1344.8090980234033,False
2,FLANGE_NARROW,RADIAL_LINK,14,54.87500859809704,57.458342036459214,5.0,5.5406592514309825,0.008340283569641367,599.5,11.072084070776247,31.66919103207523,39.36510697029283,3.9003732470084778,171.61642286837306,44.000000000000014,21.61063911507142,False
2,FLANGE_NARROW,RING,15,57.458342036459214,57.458342036459214,360.0,361.0214104583797,0.6005004170141784,599.5,10.020015535638827,28.659987055197668,35.62463768185287,3.9003732470084778,171.616422868373,43.99999999999999,1408.118250949131,False
2,FLANGE_NARROW,RADIAL_LINK,15,57.458342036459214,60.041675474821396,5.0,5.741047064090099,0.008340283569641367,599.5,11.472525716406714,32.814563745252315,40.78881619385351,3.9003732470084778,171.61642286837304,44.00000000000001,22.392226378593588,False
2,FLANGE_NARROW,RING,16,60.041675474821396,60.041675474821396,360.0,377.2529731618427,0.6005004170141784,599.5,10.470516546783552,29.948543255718384,37.226325347930526,3.9003732470084778,171.61642286837304,44.00000000000001,1471.4274038748586,False
2,FLANGE_NARROW,RADIAL_LINK,16,60.041675474821396,62.62500891318357,5.0,5.943230480618439,0.008340283569641367,599.5,11.876555577102515,33.97019973566265,42.22528276905425,3.9003732470084778,171.616422868373,43.99999999999999,23.180817167409497,False
2,FLANGE_NARROW,RING,17,62.62500891318357,62.62500891318357,360.0,393.48453586530565,0.6005004170141784,599.5,10.921017557928275,31.237099456239093,38.82801301400817,3.9003732470084778,171.61642286837304,44.00000000000001,1534.736556800586,False
2,FLANGE_NARROW,RADIAL_LINK,17,62.62500891318357,65.20834235154575,5.0,6.1470322739145935,0.008340283569641367,599.5,12.28381949403933,35.135086012130294,43.67324753818685,3.9003732470084778,171.61642286837304,44.00000000000001,23.97572022967417,False
2,FLANGE_NARROW,RING,18,65.20834235154575,65.20834235154575,360.0,409.71609856876864,0.6005004170141784,599.5,11.371518569073,32.5256556567598,40.42970068008583,3.9003732470084778,171.61642286837304,44.00000000000001,1598.0457097263136,False
2,FLANGE_NARROW,RADIAL_LINK,18,65.20834235154575,67.79167578990793,5.0,6.35229663435701,0.008340283569641367,599.5,12.69400610765676,36.30833200108888,45.13160350980117,3.9003732470084778,171.61642286837306,44.000000000000014,24.77632784970808,False
2,FLANGE_NARROW,RING,19,67.79167578990793,67.79167578990793,360.0,425.9476612722316,0.6005004170141784,599.5,11.822019580217724,33.81421185728051,42.03138834616348,3.9003732470084778,171.61642286837304,44.00000000000001,1661.3548626520412,False
2,FLANGE_NARROW,RADIAL_LINK,19,67.79167578990793,70.3750092282701,5.0,6.558886210250728,0.008340283569641367,599.5,13.106840943484372,37.48915263042532,46.59937483176132,3.9003732470084778,171.61642286837304,44.00000000000001,25.58210430463476,False
2,FLANGE_NARROW,RING,20,70.3750092282701,70.3750092282701,360.0,442.17922397569447,0.6005004170141784,599.5,12.272520591362447,35.10276805780122,43.633076012241126,3.9003732470084778,171.61642286837304,44.00000000000001,1724.6640155777684,False
2,FLANGE_NARROW,RADIAL_LINK,20,70.3750092282701,72.95834266663229,5.0,6.766679592549335,0.008340283569641367,599.5,13.522081385777755,37.95,48.075698920774926,3.9003732470084778,168.39123615946443,43.17310818615058,26.392576053857653,False
2,FLANGE_NARROW,RING,21,72.95834266663229,72.95834266663229,360.0,458.4107866791575,0.6005004170141784,599.5,12.723021602507174,36.391324258321944,45.234763678318785,3.9003732470084778,171.61642286837306,44.000000000000014,1787.9731685034963,False
2,FLANGE_NARROW,RADIAL_LINK,21,72.95834266663229,75.54167610499447,5.0,6.97556917505962,0.008350361203299092,598.7764934078039,13.922689500552558,37.95,49.5,3.9003732470084778,163.54598728281854,41.93085556831148,27.20732339305954,False
2,FLANGE_NARROW,RING,22,75.54167610499447,75.54167610499447,360.0,474.64234938262047,0.6005004170141784,599.5,13.173522613651897,37.67988045884264,46.83645134439644,3.9003732470084778,171.616422868373,43.99999999999999,1851.2823214292237,False
2,FLANGE_NARROW,RADIAL_LINK,22,75.54167610499447,78.12500954335664,5.0,7.1854593314837,0.008601617921593056,581.2859912608137,13.922689500552556,37.95,49.49999999999999,3.9003732470084778,163.54598728281857,41.930855568311486,28.025973343986443,False
2,FLANGE_NARROW,RING,23,78.12500954335664,78.12500954335664,360.0,490.8739120860834,0.6005004170141784,599.5,13.62402362479662,37.95,48.43813901047409,3.9003732470084778,167.1312427743967,42.850063875959464,1914.5914743549513,False
2,FLANGE_NARROW,RADIAL_LINK,23,78.12500954335664,80.70834298171883,5.0,7.396264859661561,0.00885397041925463,564.7183990051012,13.922689500552554,37.95,49.49999999999999,3.9003732470084778,163.5459872828186,41.93085556831149,28.848193586412865,False
2,FLANGE_NARROW,RING,24,80.70834298171883,80.70834298171883,360.0,507.1054747895464,0.6070492280118491,593.0326296255056,13.922689500552558,36.63688658814223,49.5,3.9003732470084778,157.88710903890316,40.48,1977.900627280679,True
3,FLANGE_NARROW,RING,1,21.29167389938872,21.29167389938872,360.0,133.7795326098983,0.6005004170141784,599.5,3.713001379612687,25.0,13.201010356765744,3.9003732470084773,403.9858450460552,103.57620142018607,521.7901099889455,True
3,FLANGE_NARROW,RADIAL_LINK,1,21.29167389938872,23.8750073377509,5.0,3.249648059912887,0.008340283569641367,599.5,6.493880039725919,25.0,23.088000486807925,3.9003732470084773,230.9867122311839,59.22169433613743,12.674840355077226,False
3,FLANGE_NARROW,RING,2,23.8750073377509,23.8750073377509,360.0,150.01109531336127,0.6005004170141784,599.5,4.163502390757412,25.0,14.802698022843396,3.9003732470084773,360.2736012184983,92.36900634953905,585.0992629146731,False
3,FLANGE_NARROW,RADIAL_LINK,2,23.8750073377509,26.458340776113076,5.0,3.391075007305256,0.008340283569641367,599.5,6.77649822293167,25.0,24.092806351948376,3.9003732470084773,221.35326397991224,56.751815778063445,13.226458237092496,False
3,FLANGE_NARROW,RING,3,26.458340776113076,26.458340776113076,360.0,166.2426580168242,0.6005004170141784,599.5,4.614003401902135,25.0,16.404385688921046,3.9003732470084773,325.09728956455064,83.35030238808426,648.4084158404005,False
3,FLANGE_NARROW,RADIAL_LINK,3,26.458340776113076,29.041674214475258,5.0,3.541218207844852,0.008340283569641367,599.5,7.0765343853432965,25.0,25.15953918677789,3.9003732470084773,211.96816383832663,54.345610128698006,13.812072759697367,False
3,FLANGE_NARROW,RING,4,29.041674214475258,29.041674214475258,360.0,182.47422072028718,0.6005004170141784,599.5,5.064504413046859,25.0,18.006073354998694,3.9003732470084773,296.179029114042,75.9360733850809,711.7175687661281,False
3,FLANGE_NARROW,RADIAL_LINK,4,29.041674214475258,31.625007652837432,5.0,3.6990165995918476,0.008340283569641367,599.5,7.391868171517709,25.0,26.280660390767533,3.9003732470084773,202.92569688672057,52.02725073616,14.427545385288312,False
3,FLANGE_NARROW,RING,5,31.625007652837432,31.625007652837432,360.0,198.70578342375012,0.6005004170141784,599.5,5.515005424191584,25.0,19.60776102107635,3.9003732470084773,271.9852266001855,69.73312792789606,775.0267216918555,False
3,FLANGE_NARROW,RADIAL_LINK,5,31.625007652837432,34.208341091199614,5.0,3.8635323406295163,0.008340283569641367,599.5,7.720625460691317,25.0,27.449506813252768,3.9003732470084773,194.28477752703827,49.81184241176188,15.069218180343409,False
3,FLANGE_NARROW,RING,6,34.208341091199614,34.208341091199614,360.0,214.93734612721312,0.6005004170141784,599.5,5.965506435336309,25.0,21.209448687154005,3.9003732470084773,251.44554217808613,64.46704616563062,838.3358746175832,False
3,FLANGE_NARROW,RADIAL_LINK,6,34.208341091199614,36.79167452956179,5.0,4.033943601059749,0.008340283569641367,599.5,8.061163962784399,25.0,28.66023954222288,3.9003732470084773,186.0773465128585,47.70757430858105,15.733885701514485,False
3,FLANGE_NARROW,RING,7,36.79167452956179,36.79167452956179,360.0,231.16890883067606,0.6005004170141784,599.5,6.416007446481032,25.0,22.811136353231653,3.9003732470084773,233.7902523512033,59.94048198605521,901.6450275433107,False
3,FLANGE_NARROW,RADIAL_LINK,7,36.79167452956179,39.37500796792397,5.0,4.2095343493796005,0.008340283569641367,599.5,8.412052808176902,25.0,29.907771338880387,3.9003732470084773,178.31557102707808,45.717565918554904,16.41875515868343,False
3,FLANGE_NARROW,RING,8,39.37500796792397,39.37500796792397,360.0,247.40047153413903,0.6005004170141784,599.5,6.866508457625757,25.0,24.41282401930931,3.9003732470084773,218.4516351005351,56.00787957103437,964.9541804690382,False
3,FLANGE_NARROW,RADIAL_LINK,8,39.37500796792397,41.958341406286145,5.0,4.389682956730791,0.008340283569641367,599.5,8.772049775200365,25.0,31.187685673460226,3.9003732470084773,170.99766171421868,43.841358476492246,17.121401967281848,False
3,FLANGE_NARROW,RING,9,41.958341406286145,41.958341406286145,360.0,263.63203423760194,0.6005004170141784,599.5,7.31700946877048,25.0,26.014511685386953,3.9003732470084773,205.0017847321515,52.55953001148916,1028.2633333947656,False
3,FLANGE_NARROW,RADIAL_LINK,9,41.958341406286145,44.54167484464833,5.0,4.573850771374138,0.008340283569641367,599.5,9.14007845812932,25.0,32.496155549503946,3.9003732470084773,164.11237681071304,42.07606975475605,17.839725184476777,False
3,FLANGE_NARROW,RING,10,44.54167484464833,44.54167484464833,360.0,279.86359694106494,0.6005004170141784,599.5,7.767510479915205,25.0,27.61619935146461,3.9003732470084773,193.11206645663577,49.511176040587806,1091.5724863204932,False
3,FLANGE_NARROW,RADIAL_LINK,10,44.54167484464833,47.1250082830105,5.0,4.761571329055562,0.008340283569641367,599.5,9.515206705896032,25.855290847218008,33.829866845997,3.9003732470084773,163.03560172495438,41.800000000000004,18.571905425570915,False
3,FLANGE_NARROW,RING,11,47.1250082830105,47.1250082830105,360.0,296.0951596445279,0.6005004170141784,599.5,8.21801149105993,25.0,29.21788701754226,3.9003732470084773,182.5259068610204,46.79703589932445,1154.8816392462206,False
3,FLANGE_NARROW,RADIAL_LINK,11,47.1250082830105,49.70834172137268,5.0,4.952440535860089,0.008340283569641367,599.5,9.896627004160411,26.89170897784542,35.185948568809074,3.9003732470084773,163.03560172495435,41.8,19.31636657346902,False
3,FLANGE_NARROW,RING,12,49.70834172137268,49.70834172137268,360.0,312.3267223479909,0.6005004170141784,599.5,8.668512502204655,25.0,30.819574683619916,3.9003732470084773,173.0400688259383,44.365002492686365,1218.1907921719483,False
3,FLANGE_NARROW,RADIAL_LINK,12,49.70834172137268,52.29167515973486,5.0,5.146107950849645,0.008340283569641367,599.5,10.283639055114541,27.943321354547336,36.56191091584476,3.9003732470084773,163.03560172495435,41.8,20.071741777711573,False
3,FLANGE_NARROW,RING,13,52.29167515973486,52.29167515973486,360.0,328.5582850514538,0.6005004170141784,599.5,9.119013513349378,25.0,32.421262349697564,3.9003732470084773,164.4914768252225,42.17326558461675,1281.499945097676,False
3,FLANGE_NARROW,RADIAL_LINK,13,52.29167515973486,54.87500859809704,5.0,5.342269170890103,0.008340283569641367,599.5,10.675634559828723,29.00847507095657,37.95559117299492,3.9003732470084773,163.03560172495438,41.800000000000004,20.836843752457916,False
3,FLANGE_NARROW,RING,14,54.87500859809704,54.87500859809704,360.0,344.78984775491676,0.6005004170141784,599.5,9.569514524494101,26.002859311943105,34.022950015775216,3.9003732470084773,163.03560172495438,41.800000000000004,1344.8090980234033,False
3,FLANGE_NARROW,RADIAL_LINK,14,54.87500859809704,57.458342036459214,5.0,5.5406592514309825,0.008340283569641367,599.5,11.072084070776247,30.08573148047146,39.36510697029283,3.9003732470084773,163.03560172495435,41.8,21.61063911507142,False
3,FLANGE_NARROW,RING,15,57.458342036459214,57.458342036459214,360.0,361.0214104583797,0.6005004170141784,599.5,10.020015535638827,27.22698770243778,35.62463768185287,3.9003732470084773,163.03560172495435,41.8,1408.1182509491307,False
3,FLANGE_NARROW,RADIAL_LINK,15,57.458342036459214,60.041675474821396,5.0,5.741047064090099,0.008340283569641367,599.5,11.472525716406714,31.173835557989694,40.788816193853506,3.9003732470084773,163.03560172495435,41.8,22.392226378593584,False
3,FLANGE_NARROW,RING,16,60.041675474821396,60.041675474821396,360.0,377.2529731618427,0.6005004170141784,599.5,10.470516546783552,28.45111609293246,37.22632534793052,3.9003732470084773,163.03560172495435,41.8,1471.4274038748583,False
3,FLANGE_NARROW,RADIAL_LINK,16,60.041675474821396,62.62500891318357,5.0,5.943230480618439,0.008340283569641367,599.5,11.876555577102515,32.27168974887952,42.22528276905425,3.9003732470084773,163.03560172495435,41.8,23.180817167409494,False
3,FLANGE_NARROW,RING,17,62.62500891318357,62.62500891318357,360.0,393.48453586530565,0.6005004170141784,599.5,10.921017557928275,29.67524448342713,38.828013014008164,3.9003732470084773,163.03560172495432,41.79999999999999,1534.7365568005857,False
3,FLANGE_NARROW,RADIAL_LINK,17,62.62500891318357,65.20834235154575,5.0,6.1470322739145935,0.008340283569641367,599.5,12.28381949403933,33.37833171152377,43.67324753818684,3.9003732470084773,163.03560172495435,41.8,23.975720229674167,False
3,FLANGE_NARROW,RING,18,65.20834235154575,65.20834235154575,360.0,409.71609856876864,0.6005004170141784,599.5,11.371518569073,30.899372873921813,40.42970068008583,3.9003732470084773,163.03560172495438,41.800000000000004,1598.0457097263136,False
3,FLANGE_NARROW,RADIAL_LINK,18,65.20834235154575,67.79167578990793,5.0,6.35229663435701,0.008340283569641367,599.5,12.69400610765676,34.49291540103442,45.13160350980116,3.9003732470084773,163.03560172495435,41.8,24.776327849708075,False
3,FLANGE_NARROW,RING,19,67.79167578990793,67.79167578990793,360.0,425.9476612722316,0.6005004170141784,599.5,11.822019580217724,32.12350126441648,42.031388346163475,3.9003732470084773,163.03560172495438,41.800000000000004,1661.354862652041,False
3,FLANGE_NARROW,RADIAL_LINK,19,67.79167578990793,70.3750092282701,5.0,6.558886210250728,0.008340283569641367,599.5,13.106840943484372,35.61469499890405,46.59937483176132,3.9003732470084773,163.03560172495435,41.8,25.582104304634758,False
3,FLANGE_NARROW,RING,20,70.3750092282701,70.3750092282701,360.0,442.17922397569447,0.6005004170141784,599.5,12.272520591362447,33.34762965491115,43.63307601224112,3.9003732470084773,163.03560172495435,41.8,1724.6640155777682,False
3,FLANGE_NARROW,RADIAL_LINK,20,70.3750092282701,72.95834266663229,5.0,6.766679592549335,0.008340283569641367,599.5,13.522081385777755,36.74301125506802,48.07569892077492,3.9003732470084773,163.03560172495438,41.800000000000004,26.39257605385765,False
3,FLANGE_NARROW,RING,21,72.95834266663229,72.95834266663229,360.0,458.4107866791575,0.6005004170141784,599.5,12.723021602507174,34.571758045405836,45.23476367831878,3.9003732470084773,163.03560172495435,41.8,1787.973168503496,False
3,FLANGE_NARROW,RADIAL_LINK,21,72.95834266663229,75.54167610499447,5.0,6.97556917505962,0.008350361203299092,598.7764934078039,13.922689500552558,37.83156767253817,49.49999999999999,3.9003732470084773,163.03560172495432,41.79999999999999,27.207323393059536,False
3,FLANGE_NARROW,RING,22,75.54167610499447,75.54167610499447,360.0,474.64234938262047,0.6005004170141784,599.5,13.173522613651897,35.795886435900506,46.83645134439643,3.9003732470084773,163.03560172495435,41.8,1851.2823214292234,False
3,FLANGE_NARROW,RADIAL_LINK,22,75.54167610499447,78.12500954335664,5.0,7.1854593314837,0.008601617921593056,581.2859912608137,13.922689500552556,37.83156767253816,49.49999999999999,3.9003732470084773,163.03560172495432,41.79999999999999,28.02597334398644,False
3,FLANGE_NARROW,RING,23,78.12500954335664,78.12500954335664,360.0,490.8739120860834,0.6005004170141784,599.5,13.62402362479662,37.02001482639518,48.43813901047408,3.9003732470084773,163.03560172495438,41.800000000000004,1914.591474354951,False
3,FLANGE_NARROW,RADIAL_LINK,23,78.12500954335664,80.70834298171883,5.0,7.396264859661561,0.00885397041925463,564.7183990051012,13.922689500552554,37.83156767253816,49.49999999999999,3.9003732470084773,163.03560172495435,41.8,28.84819358641286,False
3,FLANGE_NARROW,RING,24,80.70834298171883,80.70834298171883,360.0,507.1054747895464,0.6070492280118491,593.0326296255056,13.922689500552558,34.80504225873512,49.49999999999999,3.9003732470084773,149.992753586958,38.456,1977.9006272806787,True
4,FLANGE_NARROW,RING,1,21.29167389938872,21.29167389938872,360.0,133.7795326098983,0.6005004170141784,599.5,3.713001379612687,25.0,13.201010356765748,3.9003732470084786,403.9858450460552,103.57620142018604,521.7901099889457,True
4,FLANGE_NARROW,RADIAL_LINK,1,21.29167389938872,23.8750073377509,5.0,3.249648059912887,0.008340283569641367,599.5,6.493880039725919,25.0,23.08800048680793,3.9003732470084786,230.9867122311839,59.22169433613741,12.674840355077231,False
4,FLANGE_NARROW,RING,2,23.8750073377509,23.8750073377509,360.0,150.01109531336127,0.6005004170141784,599.5,4.163502390757412,25.0,14.802698022843403,3.9003732470084786,360.2736012184983,92.36900634953902,585.0992629146732,False
4,FLANGE_NARROW,RADIAL_LINK,2,23.8750073377509,26.458340776113076,5.0,3.391075007305256,0.008340283569641367,599.5,6.77649822293167,25.0,24.092806351948386,3.9003732470084786,221.35326397991224,56.751815778063424,13.226458237092501,False
4,FLANGE_NARROW,RING,3,26.458340776113076,26.458340776113076,360.0,166.2426580168242,0.6005004170141784,599.5,4.614003401902135,25.0,16.404385688921053,3.9003732470084786,325.09728956455064,83.35030238808423,648.4084158404007,False
4,FLANGE_NARROW,RADIAL_LINK,3,26.458340776113076,29.041674214475258,5.0,3.541218207844852,0.008340283569641367,599.5,7.0765343853432965,25.0,25.1595391867779,3.9003732470084786,211.96816383832663,54.345610128697984,13.812072759697372,False
4,FLANGE_NARROW,RING,4,29.041674214475258,29.041674214475258,360.0,182.47422072028718,0.6005004170141784,599.5,5.064504413046859,25.0,18.0060733549987,3.9003732470084786,296.179029114042,75.93607338508087,711.7175687661284,False
4,FLANGE_NARROW,RADIAL_LINK,4,29.041674214475258,31.625007652837432,5.0,3.6990165995918476,0.008340283569641367,599.5,7.391868171517709,25.0,26.28066039076754,3.9003732470084786,202.92569688672057,52.027250736159985,14.427545385288315,False
4,FLANGE_NARROW,RING,5,31.625007652837432,31.625007652837432,360.0,198.70578342375012,0.6005004170141784,599.5,5.515005424191584,25.0,19.607761021076357,3.9003732470084786,271.9852266001855,69.73312792789605,775.0267216918558,False
4,FLANGE_NARROW,RADIAL_LINK,5,31.625007652837432,34.208341091199614,5.0,3.8635323406295163,0.008340283569641367,599.5,7.720625460691317,25.0,27.449506813252775,3.9003732470084786,194.28477752703827,49.811842411761866,15.069218180343414,False
4,FLANGE_NARROW,RING,6,34.208341091199614,34.208341091199614,360.0,214.93734612721312,0.6005004170141784,599.5,5.965506435336309,25.0,21.209448687154012,3.9003732470084786,251.44554217808613,64.4670461656306,838.3358746175835,False
4,FLANGE_NARROW,RADIAL_LINK,6,34.208341091199614,36.79167452956179,5.0,4.033943601059749,0.008340283569641367,599.5,8.061163962784399,25.0,28.66023954222289,3.9003732470084786,186.0773465128585,47.70757430858104,15.73388570151449,False
4,FLANGE_NARROW,RING,7,36.79167452956179,36.79167452956179,360.0,231.16890883067606,0.6005004170141784,599.5,6.416007446481032,25.0,22.81113635323166,3.9003732470084786,233.7902523512033,59.94048198605519,901.6450275433109,False
4,FLANGE_NARROW,RADIAL_LINK,7,36.79167452956179,39.37500796792397,5.0,4.2095343493796005,0.008340283569641367,599.5,8.412052808176902,25.0,29.907771338880398,3.9003732470084786,178.31557102707808,45.71756591855488,16.418755158683435,False
4,FLANGE_NARROW,RING,8,39.37500796792397,39.37500796792397,360.0,247.40047153413903,0.6005004170141784,599.5,6.866508457625757,25.0,24.412824019309316,3.9003732470084786,218.4516351005351,56.00787957103435,964.9541804690385,False
4,FLANGE_NARROW,RADIAL_LINK,8,39.37500796792397,41.958341406286145,5.0,4.389682956730791,0.008340283569641367,599.5,8.772049775200365,25.0,31.18768567346023,3.9003732470084786,170.99766171421868,43.841358476492225,17.121401967281855,False
4,FLANGE_NARROW,RING,9,41.958341406286145,41.958341406286145,360.0,263.63203423760194,0.6005004170141784,599.5,7.31700946877048,25.0,26.01451168538696,3.9003732470084786,205.0017847321515,52.559530011489144,1028.2633333947658,False
4,FLANGE_NARROW,RADIAL_LINK,9,41.958341406286145,44.54167484464833,5.0,4.573850771374138,0.008340283569641367,599.5,9.14007845812932,25.0,32.49615554950396,3.9003732470084786,164.11237681071304,42.076069754756034,17.83972518447678,False
4,FLANGE_NARROW,RING,10,44.54167484464833,44.54167484464833,360.0,279.86359694106494,0.6005004170141784,599.5,7.767510479915205,25.0,27.61619935146462,3.9003732470084786,193.11206645663577,49.511176040587785,1091.5724863204937,False
4,FLANGE_NARROW,RADIAL_LINK,10,44.54167484464833,47.1250082830105,5.0,4.761571329055562,0.008340283569641367,599.5,9.515206705896032,25.0,33.82986684599702,3.9003732470084786,157.642397728526,40.41725951469775,18.57190542557092,False
4,FLANGE_NARROW,RING,11,47.1250082830105,47.1250082830105,360.0,296.0951596445279,0.6005004170141784,599.5,8.21801149105993,25.0,29.217887017542267,3.9003732470084786,182.5259068610204,46.797035899324435,1154.881639246221,False
4,FLANGE_NARROW,RADIAL_LINK,11,47.1250082830105,49.70834172137268,5.0,4.952440535860089,0.008340283569641367,599.5,9.896627004160411,25.83019414977258,35.18594856880909,3.9003732470084786,156.59998586739042,40.15,19.316366573469026,False
4,FLANGE_NARROW,RING,12,49.70834172137268,49.70834172137268,360.0,312.3267223479909,0.6005004170141784,599.5,8.668512502204655,25.0,30.819574683619926,3.9003732470084786,173.0400688259383,44.36500249268635,1218.1907921719487,False
4,FLANGE_NARROW,RADIAL_LINK,12,49.70834172137268,52.29167515973486,5.0,5.146107950849645,0.008340283569641367,599.5,10.283639055114541,26.84029551160469,36.56191091584478,3.9003732470084786,156.59998586739044,40.150000000000006,20.07174177771158,False
4,FLANGE_NARROW,RING,13,52.29167515973486,52.29167515973486,360.0,328.5582850514538,0.6005004170141784,599.5,9.119013513349378,25.0,32.42126234969757,3.9003732470084786,164.4914768252225,42.173265584616736,1281.4999450976763,False
4,FLANGE_NARROW,RADIAL_LINK,13,52.29167515973486,54.87500859809704,5.0,5.342269170890103,0.008340283569641367,599.5,10.675634559828723,27.863403686576714,37.955591172994936,3.9003732470084786,156.59998586739044,40.150000000000006,20.836843752457924,False
4,FLANGE_NARROW,RING,14,54.87500859809704,54.87500859809704,360.0,344.78984775491676,0.6005004170141784,599.5,9.569514524494101,25.0,34.02295001577522,3.9003732470084786,156.74776355274915,40.187888088139275,1344.8090980234037,False
4,FLANGE_NARROW,RADIAL_LINK,14,54.87500859809704,57.458342036459214,5.0,5.5406592514309825,0.008340283569641367,599.5,11.072084070776247,28.898136816768652,39.36510697029284,3.9003732470084786,156.59998586739044,40.150000000000006,21.61063911507143,False
4,FLANGE_NARROW,RING,15,57.458342036459214,57.458342036459214,360.0,361.0214104583797,0.6005004170141784,599.5,10.020015535638827,26.15223818786788,35.62463768185288,3.9003732470084786,156.59998586739044,40.150000000000006,1408.1182509491312,False
4,FLANGE_NARROW,RADIAL_LINK,15,57.458342036459214,60.041675474821396,5.0,5.741047064090099,0.008340283569641367,599.5,11.472525716406714,29.943289417542744,40.78881619385352,3.9003732470084786,156.59998586739042,40.15,22.39222637859359,False
4,FLANGE_NARROW,RING,16,60.041675474821396,60.041675474821396,360.0,377.2529731618427,0.6005004170141784,599.5,10.470516546783552,27.328045720843036,37.22632534793053,3.9003732470084786,156.59998586739047,40.15000000000001,1471.4274038748588,False
4,FLANGE_NARROW,RADIAL_LINK,16,60.041675474821396,62.62500891318357,5.0,5.943230480618439,0.008340283569641367,599.5,11.876555577102515,30.99780725879218,42.22528276905427,3.9003732470084786,156.59998586739042,40.15,23.1808171674095,False
4,FLANGE_NARROW,RING,17,62.62500891318357,62.62500891318357,360.0,393.48453586530565,0.6005004170141784,599.5,10.921017557928275,28.50385325381818,38.82801301400818,3.9003732470084786,156.59998586739044,40.150000000000006,1534.7365568005864,False
4,FLANGE_NARROW,RADIAL_LINK,17,62.62500891318357,65.20834235154575,5.0,6.1470322739145935,0.008340283569641367,599.5,12.28381949403933,32.0607659860689,43.67324753818686,3.9003732470084786,156.59998586739044,40.150000000000006,23.975720229674174,False
4,FLANGE_NARROW,RING,18,65.20834235154575,65.20834235154575,360.0,409.71609856876864,0.6005004170141784,599.5,11.371518569073,29.67966078679333,40.42970068008584,3.9003732470084786,156.59998586739044,40.150000000000006,1598.045709726314,False
4,FLANGE_NARROW,RADIAL_LINK,18,65.20834235154575,67.79167578990793,5.0,6.35229663435701,0.008340283569641367,599.5,12.69400610765676,33.13135295099361,45.131603509801174,3.9003732470084786,156.59998586739044,40.150000000000006,24.776327849708082,False
4,FLANGE_NARROW,RING,19,67.79167578990793,67.79167578990793,360.0,425.9476612722316,0.6005004170141784,599.5,11.822019580217724,30.855468319768477,42.03138834616349,3.9003732470084786,156.59998586739044,40.150000000000006,1661.3548626520414,False
4,FLANGE_NARROW,RADIAL_LINK,19,67.79167578990793,70.3750092282701,5.0,6.558886210250728,0.008340283569641367,599.5,13.106840943484372,34.20885177526312,46.59937483176133,3.9003732470084786,156.59998586739044,40.150000000000006,25.58210430463477,False
4,FLANGE_NARROW,RING,20,70.3750092282701,70.3750092282701,360.0,442.17922397569447,0.6005004170141784,599.5,12.272520591362447,32.03127585274362,43.63307601224113,3.9003732470084786,156.59998586739042,40.15,1724.6640155777689,False
4,FLANGE_NARROW,RADIAL_LINK,20,70.3750092282701,72.95834266663229,5.0,6.766679592549335,0.008340283569641367,599.5,13.522081385777755,35.292629231841666,48.07569892077493,3.9003732470084786,156.59998586739044,40.150000000000006,26.39257605385766,False
4,FLANGE_NARROW,RING,21,72.95834266663229,72.95834266663229,360.0,458.4107866791575,0.6005004170141784,599.5,12.723021602507174,33.20708338571878,45.2347636783188,3.9003732470084786,156.59998586739047,40.15000000000001,1787.9731685034967,False
4,FLANGE_NARROW,RADIAL_LINK,21,72.95834266663229,75.54167610499447,5.0,6.97556917505962,0.008350361203299093,598.7764934078037,13.922689500552554,36.33821631704325,49.5,3.9003732470084786,156.59998586739042,40.15,27.207323393059546,False
4,FLANGE_NARROW,RING,22,75.54167610499447,75.54167610499447,360.0,474.64234938262047,0.6005004170141784,599.5,13.173522613651897,34.382890918693924,46.836451344396444,3.9003732470084786,156.59998586739044,40.150000000000006,1851.282321429224,False
4,FLANGE_NARROW,RADIAL_LINK,22,75.54167610499447,78.12500954335664,5.0,7.1854593314837,0.008601617921593058,581.2859912608136,13.922689500552552,36.33821631704325,49.49999999999999,3.9003732470084786,156.59998586739044,40.150000000000006,28.02597334398645,False
4,FLANGE_NARROW,RING,23,78.12500954335664,78.12500954335664,360.0,490.8739120860834,0.6005004170141784,599.5,13.62402362479662,35.55869845166907,48.438139010474096,3.9003732470084786,156.59998586739044,40.150000000000006,1914.5914743549517,False
4,FLANGE_NARROW,RADIAL_LINK,23,78.12500954335664,80.70834298171883,5.0,7.396264859661561,0.008853970419254632,564.7183990051011,13.922689500552552,36.33821631704325,49.49999999999999,3.9003732470084786,156.59998586739044,40.150000000000006,28.848193586412872,False
4,FLANGE_NARROW,RING,24,80.70834298171883,80.70834298171883,360.0,507.1054747895464,0.6070492280118494,593.0326296255054,13.92268950055255,33.43115901167979,49.49999999999999,3.9003732470084786,144.07198699799923,36.93800000000001,1977.9006272806794,True
5,FLANGE_NARROW,RING,1,21.29167389938872,21.29167389938872,360.0,133.7795326098983,0.6005004170141784,599.5,3.713001379612687,25.0,13.201010356765748,3.9003732470084786,403.9858450460552,103.57620142018604,521.7901099889457,True
5,FLANGE_NARROW,RADIAL_LINK,1,21.29167389938872,23.8750073377509,5.0,3.249648059912887,0.008340283569641367,599.5,6.493880039725919,25.0,23.08800048680793,3.9003732470084786,230.9867122311839,59.22169433613741,12.674840355077231,False
5,FLANGE_NARROW,RING,2,23.8750073377509,23.8750073377509,360.0,150.01109531336127,0.6005004170141784,599.5,4.163502390757412,25.0,14.802698022843403,3.9003732470084786,360.2736012184983,92.36900634953902,585.0992629146732,False
5,FLANGE_NARROW,RADIAL_LINK,2,23.8750073377509,26.458340776113076,5.0,3.391075007305256,0.008340283569641367,599.5,6.77649822293167,25.0,24.092806351948386,3.9003732470084786,221.35326397991224,56.751815778063424,13.226458237092501,False
5,FLANGE_NARROW,RING,3,26.458340776113076,26.458340776113076,360.0,166.2426580168242,0.6005004170141784,599.5,4.614003401902135,25.0,16.404385688921053,3.9003732470084786,325.09728956455064,83.35030238808423,648.4084158404007,False
5,FLANGE_NARROW,RADIAL_LINK,3,26.458340776113076,29.041674214475258,5.0,3.541218207844852,0.008340283569641367,599.5,7.0765343853432965,25.0,25.1595391867779,3.9003732470084786,211.96816383832663,54.345610128697984,13.812072759697372,False
5,FLANGE_NARROW,RING,4,29.041674214475258,29.041674214475258,360.0,182.47422072028718,0.6005004170141784,599.5,5.064504413046859,25.0,18.0060733549987,3.9003732470084786,296.179029114042,75.93607338508087,711.7175687661284,False
5,FLANGE_NARROW,RADIAL_LINK,4,29.041674214475258,31.625007652837432,5.0,3.6990165995918476,0.008340283569641367,599.5,7.391868171517709,25.0,26.28066039076754,3.9003732470084786,202.92569688672057,52.027250736159985,14.427545385288315,False
5,FLANGE_NARROW,RING,5,31.625007652837432,31.625007652837432,360.0,198.70578342375012,0.6005004170141784,599.5,5.515005424191584,25.0,19.607761021076357,3.9003732470084786,271.9852266001855,69.73312792789605,775.0267216918558,False
5,FLANGE_NARROW,RADIAL_LINK,5,31.625007652837432,34.208341091199614,5.0,3.8635323406295163,0.008340283569641367,599.5,7.720625460691317,25.0,27.449506813252775,3.9003732470084786,194.28477752703827,49.811842411761866,15.069218180343414,False
5,FLANGE_NARROW,RING,6,34.208341091199614,34.208341091199614,360.0,214.93734612721312,0.6005004170141784,599.5,5.965506435336309,25.0,21.209448687154012,3.9003732470084786,251.44554217808613,64.4670461656306,838.3358746175835,False
5,FLANGE_NARROW,RADIAL_LINK,6,34.208341091199614,36.79167452956179,5.0,4.033943601059749,0.008340283569641367,599.5,8.061163962784399,25.0,28.66023954222289,3.9003732470084786,186.0773465128585,47.70757430858104,15.73388570151449,False
5,FLANGE_NARROW,RING,7,36.79167452956179,36.79167452956179,360.0,231.16890883067606,0.6005004170141784,599.5,6.416007446481032,25.0,22.81113635323166,3.9003732470084786,233.7902523512033,59.94048198605519,901.6450275433109,False
5,FLANGE_NARROW,RADIAL_LINK,7,36.79167452956179,39.37500796792397,5.0,4.2095343493796005,0.008340283569641367,599.5,8.412052808176902,25.0,29.907771338880398,3.9003732470084786,178.31557102707808,45.71756591855488,16.418755158683435,False
5,FLANGE_NARROW,RING,8,39.37500796792397,39.37500796792397,360.0,247.40047153413903,0.6005004170141784,599.5,6.866508457625757,25.0,24.412824019309316,3.9003732470084786,218.4516351005351,56.00787957103435,964.9541804690385,False
5,FLANGE_NARROW,RADIAL_LINK,8,39.37500796792397,41.958341406286145,5.0,4.389682956730791,0.008340283569641367,599.5,8.772049775200365,25.0,31.18768567346023,3.9003732470084786,170.99766171421868,43.841358476492225,17.121401967281855,False
5,FLANGE_NARROW,RING,9,41.958341406286145,41.958341406286145,360.0,263.63203423760194,0.6005004170141784,599.5,7.31700946877048,25.0,26.01451168538696,3.9003732470084786,205.0017847321515,52.559530011489144,1028.2633333947658,False
5,FLANGE_NARROW,RADIAL_LINK,9,41.958341406286145,44.54167484464833,5.0,4.573850771374138,0.008340283569641367,599.5,9.14007845812932,25.0,32.49615554950396,3.9003732470084786,164.11237681071304,42.076069754756034,17.83972518447678,False
5,FLANGE_NARROW,RING,10,44.54167484464833,44.54167484464833,360.0,279.86359694106494,0.6005004170141784,599.5,7.767510479915205,25.0,27.61619935146462,3.9003732470084786,193.11206645663577,49.511176040587785,1091.5724863204937,False
5,FLANGE_NARROW,RADIAL_LINK,10,44.54167484464833,47.1250082830105,5.0,4.761571329055562,0.008340283569641367,599.5,9.515206705896032,25.0,33.82986684599702,3.9003732470084786,157.642397728526,40.41725951469775,18.57190542557092,False
5,FLANGE_NARROW,RING,11,47.1250082830105,47.1250082830105,360.0,296.0951596445279,0.6005004170141784,599.5,8.21801149105993,25.0,29.217887017542267,3.9003732470084786,182.5259068610204,46.797035899324435,1154.881639246221,False
5,FLANGE_NARROW,RADIAL_LINK,11,47.1250082830105,49.70834172137268,5.0,4.952440535860089,0.008340283569641367,599.5,9.896627004160411,25.0,35.18594856880909,3.9003732470084786,151.5667913289467,38.85956079849432,19.316366573469026,False
5,FLANGE_NARROW,RING,12,49.70834172137268,49.70834172137268,360.0,312.3267223479909,0.6005004170141784,599.5,8.668512502204655,25.0,30.819574683619926,3.9003732470084786,173.0400688259383,44.36500249268635,1218.1907921719487,False
5,FLANGE_NARROW,RADIAL_LINK,12,49.70834172137268,52.29167515973486,5.0,5.146107950849645,0.008340283569641367,599.5,10.283639055114541,25.737269668662034,36.56191091584478,3.9003732470084786,150.16437000982646,38.50000000000001,20.07174177771158,False
5,FLANGE_NARROW,RING,13,52.29167515973486,52.29167515973486,360.0,328.5582850514538,0.6005004170141784,599.5,9.119013513349378,25.0,32.42126234969757,3.9003732470084786,164.4914768252225,42.173265584616736,1281.4999450976763,False
5,FLANGE_NARROW,RADIAL_LINK,13,52.29167515973486,54.87500859809704,5.0,5.342269170890103,0.008340283569641367,599.5,10.675634559828723,26.71833230219685,37.955591172994936,3.9003732470084786,150.16437000982643,38.5,20.836843752457924,False
5,FLANGE_NARROW,RING,14,54.87500859809704,54.87500859809704,360.0,344.78984775491676,0.6005004170141784,599.5,9.569514524494101,25.0,34.02295001577522,3.9003732470084786,156.74776355274915,40.187888088139275,1344.8090980234037,False
5,FLANGE_NARROW,RADIAL_LINK,14,54.87500859809704,57.458342036459214,5.0,5.5406592514309825,0.008340283569641367,599.5,11.072084070776247,27.71054215306583,39.36510697029284,3.9003732470084786,150.16437000982646,38.50000000000001,21.61063911507143,False
5,FLANGE_NARROW,RING,15,57.458342036459214,57.458342036459214,360.0,361.0214104583797,0.6005004170141784,599.5,10.020015535638827,25.07748867329796,35.62463768185288,3.9003732470084786,150.1643700098264,38.49999999999999,1408.1182509491312,False
5,FLANGE_NARROW,RADIAL_LINK,15,57.458342036459214,60.041675474821396,5.0,5.741047064090099,0.008340283569641367,599.5,11.472525716406714,28.71274327709578,40.78881619385352,3.9003732470084786,150.1643700098264,38.49999999999999,22.39222637859359,False
5,FLANGE_NARROW,RING,16,60.041675474821396,60.041675474821396,360.0,377.2529731618427,0.6005004170141784,599.5,10.470516546783552,26.20497534875359,37.22632534793053,3.9003732470084786,150.16437000982643,38.5,1471.4274038748588,False
5,FLANGE_NARROW,RADIAL_LINK,16,60.041675474821396,62.62500891318357,5.0,5.943230480618439,0.008340283569641367,599.5,11.876555577102515,29.723924768704826,42.22528276905427,3.9003732470084786,150.16437000982643,38.5,23.1808171674095,False
5,FLANGE_NARROW,RING,17,62.62500891318357,62.62500891318357,360.0,393.48453586530565,0.6005004170141784,599.5,10.921017557928275,27.33246202420921,38.82801301400818,3.9003732470084786,150.16437000982643,38.5,1534.7365568005864,False
5,FLANGE_NARROW,RADIAL_LINK,17,62.62500891318357,65.20834235154575,5.0,6.1470322739145935,0.008340283569641367,599.5,12.28381949403933,30.743200260614014,43.67324753818686,3.9003732470084786,150.16437000982643,38.5,23.975720229674174,False
5,FLANGE_NARROW,RING,18,65.20834235154575,65.20834235154575,360.0,409.71609856876864,0.6005004170141784,599.5,11.371518569073,28.459948699664835,40.42970068008584,3.9003732470084786,150.16437000982643,38.5,1598.045709726314,False
5,FLANGE_NARROW,RADIAL_LINK,18,65.20834235154575,67.79167578990793,5.0,6.35229663435701,0.008340283569641367,599.5,12.69400610765676,31.769790500952773,45.131603509801174,3.9003732470084786,150.16437000982646,38.50000000000001,24.776327849708082,False
5,FLANGE_NARROW,RING,19,67.79167578990793,67.79167578990793,360.0,425.9476612722316,0.6005004170141784,599.5,11.822019580217724,29.587435375120453,42.03138834616349,3.9003732470084786,150.16437000982643,38.5,1661.3548626520414,False
5,FLANGE_NARROW,RADIAL_LINK,19,67.79167578990793,70.3750092282701,5.0,6.558886210250728,0.008340283569641367,599.5,13.106840943484372,32.803008551622156,46.59937483176133,3.9003732470084786,150.1643700098264,38.49999999999999,25.58210430463477,False
5,FLANGE_NARROW,RING,20,70.3750092282701,70.3750092282701,360.0,442.17922397569447,0.6005004170141784,599.5,12.272520591362447,30.71492205057607,43.63307601224113,3.9003732470084786,150.1643700098264,38.49999999999999,1724.6640155777689,False
5,FLANGE_NARROW,RADIAL_LINK,20,70.3750092282701,72.95834266663229,5.0,6.766679592549335,0.008340283569641367,599.5,13.522081385777755,33.84224720861529,48.07569892077493,3.9003732470084786,150.16437000982646,38.50000000000001,26.39257605385766,False
5,FLANGE_NARROW,RING,21,72.95834266663229,72.95834266663229,360.0,458.4107866791575,0.6005004170141784,599.5,12.723021602507174,31.842408726031703,45.2347636783188,3.9003732470084786,150.16437000982643,38.5,1787.9731685034967,False
5,FLANGE_NARROW,RADIAL_LINK,21,72.95834266663229,75.54167610499447,5.0,6.97556917505962,0.008350361203299093,598.7764934078037,13.922689500552554,34.844864961548325,49.5,3.9003732470084786,150.16437000982646,38.50000000000001,27.207323393059546,False
5,FLANGE_NARROW,RING,22,75.54167610499447,75.54167610499447,360.0,474.64234938262047,0.6005004170141784,599.5,13.173522613651897,32.96989540148732,46.836451344396444,3.9003732470084786,150.16437000982643,38.5,1851.282321429224,False
5,FLANGE_NARROW,RADIAL_LINK,22,75.54167610499447,78.12500954335664,5.0,7.1854593314837,0.008601617921593058,581.2859912608136,13.922689500552552,34.84486496154832,49.49999999999999,3.9003732470084786,150.16437000982643,38.5,28.02597334398645,False
5,FLANGE_NARROW,RING,23,78.12500954335664,78.12500954335664,360.0,490.8739120860834,0.6005004170141784,599.5,13.62402362479662,34.09738207694294,48.438139010474096,3.9003732470084786,150.16437000982643,38.5,1914.5914743549517,False
5,FLANGE_NARROW,RADIAL_LINK,23,78.12500954335664,80.70834298171883,5.0,7.396264859661561,0.008853970419254632,564.7183990051011,13.922689500552552,34.84486496154832,49.49999999999999,3.9003732470084786,150.16437000982643,38.5,28.848193586412872,False
5,FLANGE_NARROW,RING,24,80.70834298171883,80.70834298171883,360.0,507.1054747895464,0.6070492280118494,593.0326296255054,13.92268950055255,32.05727576462445,49.49999999999999,3.9003732470084786,138.15122040904032,35.42,1977.9006272806794,True
6,FLANGE_NARROW,RING,1,21.29167389938872,21.29167389938872,360.0,133.7795326098983,0.6005004170141784,599.5,3.713001379612687,25.0,13.201010356765739,3.900373247008476,403.9858450460552,103.57620142018611,521.7901099889453,True
6,FLANGE_NARROW,RADIAL_LINK,1,21.29167389938872,23.8750073377509,5.0,3.249648059912887,0.008340283569641367,599.5,6.493880039725919,25.0,23.088000486807914,3.900373247008476,230.9867122311839,59.22169433613745,12.674840355077222,False
6,FLANGE_NARROW,RING,2,23.8750073377509,23.8750073377509,360.0,150.01109531336127,0.6005004170141784,599.5,4.163502390757412,25.0,14.802698022843392,3.900373247008476,360.2736012184983,92.36900634953909,585.0992629146729,False
6,FLANGE_NARROW,RADIAL_LINK,2,23.8750073377509,26.458340776113076,5.0,3.391075007305256,0.008340283569641367,599.5,6.77649822293167,25.0,24.092806351948372,3.900373247008476,221.35326397991224,56.75181577806346,13.226458237092492,False
6,FLANGE_NARROW,RING,3,26.458340776113076,26.458340776113076,360.0,166.2426580168242,0.6005004170141784,599.5,4.614003401902135,25.0,16.40438568892104,3.900373247008476,325.09728956455064,83.35030238808429,648.4084158404003,False
6,FLANGE_NARROW,RADIAL_LINK,3,26.458340776113076,29.041674214475258,5.0,3.541218207844852,0.008340283569641367,599.5,7.0765343853432965,25.0,25.15953918677788,3.900373247008476,211.96816383832663,54.34561012869803,13.812072759697362,False
6,FLANGE_NARROW,RING,4,29.041674214475258,29.041674214475258,360.0,182.47422072028718,0.6005004170141784,599.5,5.064504413046859,25.0,18.006073354998694,3.900373247008476,296.179029114042,75.93607338508093,711.7175687661278,False
6,FLANGE_NARROW,RADIAL_LINK,4,29.041674214475258,31.625007652837432,5.0,3.6990165995918476,0.008340283569641367,599.5,7.391868171517709,25.0,26.280660390767522,3.900373247008476,202.92569688672057,52.02725073616002,14.427545385288306,False
6,FLANGE_NARROW,RING,5,31.625007652837432,31.625007652837432,360.0,198.70578342375012,0.6005004170141784,599.5,5.515005424191584,25.0,19.607761021076342,3.900373247008476,271.9852266001855,69.73312792789609,775.0267216918553,False
6,FLANGE_NARROW,RADIAL_LINK,5,31.625007652837432,34.208341091199614,5.0,3.8635323406295163,0.008340283569641367,599.5,7.720625460691317,25.0,27.449506813252757,3.900373247008476,194.28477752703827,49.8118424117619,15.069218180343404,False
6,FLANGE_NARROW,RING,6,34.208341091199614,34.208341091199614,360.0,214.93734612721312,0.6005004170141784,599.5,5.965506435336309,25.0,21.209448687153994,3.900373247008476,251.44554217808613,64.46704616563065,838.3358746175829,False
6,FLANGE_NARROW,RADIAL_LINK,6,34.208341091199614,36.79167452956179,5.0,4.033943601059749,0.008340283569641367,599.5,8.061163962784399,25.0,28.660239542222868,3.900373247008476,186.0773465128585,47.70757430858107,15.73388570151448,False
6,FLANGE_NARROW,RING,7,36.79167452956179,36.79167452956179,360.0,231.16890883067606,0.6005004170141784,599.5,6.416007446481032,25.0,22.811136353231646,3.900373247008476,233.7902523512033,59.940481986055225,901.6450275433103,False
6,FLANGE_NARROW,RADIAL_LINK,7,36.79167452956179,39.37500796792397,5.0,4.2095343493796005,0.008340283569641367,599.5,8.412052808176902,25.0,29.907771338880373,3.900373247008476,178.31557102707808,45.71756591855492,16.418755158683425,False
6,FLANGE_NARROW,RING,8,39.37500796792397,39.37500796792397,360.0,247.40047153413903,0.6005004170141784,599.5,6.866508457625757,25.0,24.412824019309298,3.900373247008476,218.4516351005351,56.007879571034394,964.9541804690379,False
6,FLANGE_NARROW,RADIAL_LINK,8,39.37500796792397,41.958341406286145,5.0,4.389682956730791,0.008340283569641367,599.5,8.772049775200365,25.0,31.187685673460212,3.900373247008476,170.99766171421868,43.84135847649226,17.121401967281844,False
6,FLANGE_NARROW,RING,9,41.958341406286145,41.958341406286145,360.0,263.63203423760194,0.6005004170141784,599.5,7.31700946877048,25.0,26.014511685386946,3.900373247008476,205.0017847321515,52.55953001148918,1028.2633333947651,False
6,FLANGE_NARROW,RADIAL_LINK,9,41.958341406286145,44.54167484464833,5.0,4.573850771374138,0.008340283569641367,599.5,9.14007845812932,25.0,32.49615554950393,3.900373247008476,164.11237681071304,42.07606975475606,17.83972518447677,False
6,FLANGE_NARROW,RING,10,44.54167484464833,44.54167484464833,360.0,279.86359694106494,0.6005004170141784,599.5,7.767510479915205,25.0,27.616199351464598,3.900373247008476,193.11206645663577,49.51117604058782,1091.5724863204928,False
6,FLANGE_NARROW,RADIAL_LINK,10,44.54167484464833,47.1250082830105,5.0,4.761571329055562,0.008340283569641367,599.5,9.515206705896032,25.0,33.82986684599699,3.900373247008476,157.642397728526,40.417259514697776,18.571905425570908,False
6,FLANGE_NARROW,RING,11,47.1250082830105,47.1250082830105,360.0,296.0951596445279,0.6005004170141784,599.5,8.21801149105993,25.0,29.21788701754225,3.900373247008476,182.5259068610204,46.79703589932447,1154.8816392462202,False
6,FLANGE_NARROW,RADIAL_LINK,11,47.1250082830105,49.70834172137268,5.0,4.952440535860089,0.008340283569641367,599.5,9.896627004160411,25.0,35.18594856880906,3.900373247008476,151.5667913289467,38.85956079849435,19.31636657346901,False
6,FLANGE_NARROW,RING,12,49.70834172137268,49.70834172137268,360.0,312.3267223479909,0.6005004170141784,599.5,8.668512502204655,25.0,30.8195746836199,3.900373247008476,173.0400688259383,44.36500249268638,1218.190792171948,False
6,FLANGE_NARROW,RADIAL_LINK,12,49.70834172137268,52.29167515973486,5.0,5.146107950849645,0.008340283569641367,599.5,10.283639055114541,25.737269668662012,36.56191091584475,3.900373247008476,150.1643700098263,38.5,20.071741777711566,False
6,FLANGE_NARROW,RING,13,52.29167515973486,52.29167515973486,360.0,328.5582850514538,0.6005004170141784,599.5,9.119013513349378,25.0,32.42126234969756,3.900373247008476,164.4914768252225,42.173265584616765,1281.4999450976754,False
6,FLANGE_NARROW,RADIAL_LINK,13,52.29167515973486,54.87500859809704,5.0,5.342269170890103,0.008340283569641367,599.5,10.675634559828723,26.71833230219683,37.95559117299491,3.900373247008476,150.16437000982634,38.50000000000001,20.83684375245791,False
6,FLANGE_NARROW,RING,14,54.87500859809704,54.87500859809704,360.0,344.78984775491676,0.6005004170141784,599.5,9.569514524494101,25.0,34.0229500157752,3.900373247008476,156.74776355274915,40.1878880881393,1344.8090980234028,False
6,FLANGE_NARROW,RADIAL_LINK,14,54.87500859809704,57.458342036459214,5.0,5.5406592514309825,0.008340283569641367,599.5,11.072084070776247,27.71054215306581,39.365106970292814,3.900373247008476,150.1643700098263,38.5,21.610639115071415,False
6,FLANGE_NARROW,RING,15,57.458342036459214,57.458342036459214,360.0,361.0214104583797,0.6005004170141784,599.5,10.020015535638827,25.077488673297946,35.62463768185285,3.900373247008476,150.1643700098263,38.5,1408.1182509491302,False
6,FLANGE_NARROW,RADIAL_LINK,15,57.458342036459214,60.041675474821396,5.0,5.741047064090099,0.008340283569641367,599.5,11.472525716406714,28.712743277095765,40.78881619385349,3.900373247008476,150.16437000982634,38.50000000000001,22.392226378593577,False
6,FLANGE_NARROW,RING,16,60.041675474821396,60.041675474821396,360.0,377.2529731618427,0.6005004170141784,599.5,10.470516546783552,26.204975348753575,37.226325347930505,3.900373247008476,150.16437000982634,38.50000000000001,1471.4274038748579,False
6,FLANGE_NARROW,RADIAL_LINK,16,60.041675474821396,62.62500891318357,5.0,5.943230480618439,0.008340283569641367,599.5,11.876555577102515,29.72392476870481,42.22528276905424,3.900373247008476,150.1643700098263,38.5,23.180817167409487,False
6,FLANGE_NARROW,RING,17,62.62500891318357,62.62500891318357,360.0,393.48453586530565,0.6005004170141784,599.5,10.921017557928275,27.33246202420919,38.82801301400816,3.900373247008476,150.1643700098263,38.5,1534.7365568005853,False
6,FLANGE_NARROW,RADIAL_LINK,17,62.62500891318357,65.20834235154575,5.0,6.1470322739145935,0.008340283569641367,599.5,12.28381949403933,30.743200260613996,43.67324753818683,3.900373247008476,150.16437000982634,38.50000000000001,23.97572022967416,False
6,FLANGE_NARROW,RING,18,65.20834235154575,65.20834235154575,360.0,409.71609856876864,0.6005004170141784,599.5,11.371518569073,28.459948699664814,40.42970068008581,3.900373247008476,150.1643700098263,38.5,1598.045709726313,False
6,FLANGE_NARROW,RADIAL_LINK,18,65.20834235154575,67.79167578990793,5.0,6.35229663435701,0.008340283569641367,599.5,12.69400610765676,31.76979050095275,45.13160350980115,3.900373247008476,150.16437000982634,38.50000000000001,24.776327849708068,False
6,FLANGE_NARROW,RING,19,67.79167578990793,67.79167578990793,360.0,425.9476612722316,0.6005004170141784,599.5,11.822019580217724,29.587435375120435,42.03138834616346,3.900373247008476,150.16437000982634,38.50000000000001,1661.3548626520403,False
6,FLANGE_NARROW,RADIAL_LINK,19,67.79167578990793,70.3750092282701,5.0,6.558886210250728,0.008340283569641367,599.5,13.106840943484372,32.80300855162214,46.5993748317613,3.900373247008476,150.16437000982634,38.50000000000001,25.58210430463475,False
6,FLANGE_NARROW,RING,20,70.3750092282701,70.3750092282701,360.0,442.17922397569447,0.6005004170141784,599.5,12.272520591362447,30.714922050576053,43.633076012241105,3.900373247008476,150.16437000982634,38.50000000000001,1724.6640155777675,False
6,FLANGE_NARROW,RADIAL_LINK,20,70.3750092282701,72.95834266663229,5.0,6.766679592549335,0.008340283569641367,599.5,13.522081385777755,33.84224720861526,48.0756989207749,3.900373247008476,150.1643700098263,38.5,26.392576053857642,False
6,FLANGE_NARROW,RING,21,72.95834266663229,72.95834266663229,360.0,458.4107866791575,0.6005004170141784,599.5,12.723021602507174,31.842408726031678,45.234763678318764,3.900373247008476,150.1643700098263,38.5,1787.9731685034956,False
6,FLANGE_NARROW,RADIAL_LINK,21,72.95834266663229,75.54167610499447,5.0,6.97556917505962,0.00835036120329909,598.776493407804,13.92268950055256,34.84486496154831,49.49999999999999,3.900373247008476,150.16437000982634,38.50000000000001,27.20732339305953,False
6,FLANGE_NARROW,RING,22,75.54167610499447,75.54167610499447,360.0,474.64234938262047,0.6005004170141784,599.5,13.173522613651897,32.9698954014873,46.836451344396416,3.900373247008476,150.16437000982634,38.50000000000001,1851.282321429223,False
6,FLANGE_NARROW,RADIAL_LINK,22,75.54167610499447,78.12500954335664,5.0,7.1854593314837,0.008601617921593053,581.285991260814,13.922689500552561,34.84486496154832,49.49999999999999,3.900373247008476,150.16437000982634,38.50000000000001,28.025973343986433,False
6,FLANGE_NARROW,RING,23,78.12500954335664,78.12500954335664,360.0,490.8739120860834,0.6005004170141784,599.5,13.62402362479662,34.09738207694292,48.43813901047406,3.900373247008476,150.16437000982634,38.50000000000001,1914.5914743549504,False
6,FLANGE_NARROW,RADIAL_LINK,23,78.12500954335664,80.70834298171883,5.0,7.396264859661561,0.008853970419254627,564.7183990051014,13.922689500552561,34.84486496154832,49.49999999999999,3.900373247008476,150.16437000982634,38.50000000000001,28.84819358641285,False
6,FLANGE_NARROW,RING,24,80.70834298171883,80.70834298171883,360.0,507.1054747895464,0.6070492280118489,593.0326296255058,13.922689500552563,32.05727576462446,49.5,3.900373247008476,138.15122040904023,35.42,1977.900627280678,True
7,FLANGE_NARROW,RING,1,21.29167389938872,21.29167389938872,360.0,133.7795326098983,0.6005004170141784,599.5,3.713001379612687,25.0,13.201010356765748,3.9003732470084786,403.9858450460552,103.57620142018604,521.7901099889457,True
7,FLANGE_NARROW,RADIAL_LINK,1,21.29167389938872,23.8750073377509,5.0,3.249648059912887,0.008340283569641367,599.5,6.493880039725919,25.0,23.08800048680793,3.9003732470084786,230.9867122311839,59.22169433613741,12.674840355077231,False
7,FLANGE_NARROW,RING,2,23.8750073377509,23.8750073377509,360.0,150.01109531336127,0.6005004170141784,599.5,4.163502390757412,25.0,14.802698022843403,3.9003732470084786,360.2736012184983,92.36900634953902,585.0992629146732,False
7,FLANGE_NARROW,RADIAL_LINK,2,23.8750073377509,26.458340776113076,5.0,3.391075007305256,0.008340283569641367,599.5,6.77649822293167,25.0,24.092806351948386,3.9003732470084786,221.35326397991224,56.751815778063424,13.226458237092501,False
7,FLANGE_NARROW,RING,3,26.458340776113076,26.458340776113076,360.0,166.2426580168242,0.6005004170141784,599.5,4.614003401902135,25.0,16.404385688921053,3.9003732470084786,325.09728956455064,83.35030238808423,648.4084158404007,False
7,FLANGE_NARROW,RADIAL_LINK,3,26.458340776113076,29.041674214475258,5.0,3.541218207844852,0.008340283569641367,599.5,7.0765343853432965,25.0,25.1595391867779,3.9003732470084786,211.96816383832663,54.345610128697984,13.812072759697372,False
7,FLANGE_NARROW,RING,4,29.041674214475258,29.041674214475258,360.0,182.47422072028718,0.6005004170141784,599.5,5.064504413046859,25.0,18.0060733549987,3.9003732470084786,296.179029114042,75.93607338508087,711.7175687661284,False
7,FLANGE_NARROW,RADIAL_LINK,4,29.041674214475258,31.625007652837432,5.0,3.6990165995918476,0.008340283569641367,599.5,7.391868171517709,25.0,26.28066039076754,3.9003732470084786,202.92569688672057,52.027250736159985,14.427545385288315,False
7,FLANGE_NARROW,RING,5,31.625007652837432,31.625007652837432,360.0,198.70578342375012,0.6005004170141784,599.5,5.515005424191584,25.0,19.607761021076357,3.9003732470084786,271.9852266001855,69.73312792789605,775.0267216918558,False
7,FLANGE_NARROW,RADIAL_LINK,5,31.625007652837432,34.208341091199614,5.0,3.8635323406295163,0.008340283569641367,599.5,7.720625460691317,25.0,27.449506813252775,3.9003732470084786,194.28477752703827,49.811842411761866,15.069218180343414,False
7,FLANGE_NARROW,RING,6,34.208341091199614,34.208341091199614,360.0,214.93734612721312,0.6005004170141784,599.5,5.965506435336309,25.0,21.209448687154012,3.9003732470084786,251.44554217808613,64.4670461656306,838.3358746175835,False
7,FLANGE_NARROW,RADIAL_LINK,6,34.208341091199614,36.79167452956179,5.0,4.033943601059749,0.008340283569641367,599.5,8.061163962784399,25.0,28.66023954222289,3.9003732470084786,186.0773465128585,47.70757430858104,15.73388570151449,False
7,FLANGE_NARROW,RING,7,36.79167452956179,36.79167452956179,360.0,231.16890883067606,0.6005004170141784,599.5,6.416007446481032,25.0,22.81113635323166,3.9003732470084786,233.7902523512033,59.94048198605519,901.6450275433109,False
7,FLANGE_NARROW,RADIAL_LINK,7,36.79167452956179,39.37500796792397,5.0,4.2095343493796005,0.008340283569641367,599.5,8.412052808176902,25.0,29.907771338880398,3.9003732470084786,178.31557102707808,45.71756591855488,16.418755158683435,False
7,FLANGE_NARROW,RING,8,39.37500796792397,39.37500796792397,360.0,247.40047153413903,0.6005004170141784,599.5,6.866508457625757,25.0,24.412824019309316,3.9003732470084786,218.4516351005351,56.00787957103435,964.9541804690385,False
7,FLANGE_NARROW,RADIAL_LINK,8,39.37500796792397,41.958341406286145,5.0,4.389682956730791,0.008340283569641367,599.5,8.772049775200365,25.0,31.18768567346023,3.9003732470084786,170.99766171421868,43.841358476492225,17.121401967281855,False
7,FLANGE_NARROW,RING,9,41.958341406286145,41.958341406286145,360.0,263.63203423760194,0.6005004170141784,599.5,7.31700946877048,25.0,26.01451168538696,3.9003732470084786,205.0017847321515,52.559530011489144,1028.2633333947658,False
7,FLANGE_NARROW,RADIAL_LINK,9,41.958341406286145,44.54167484464833,5.0,4.573850771374138,0.008340283569641367,599.5,9.14007845812932,25.0,32.49615554950396,3.9003732470084786,164.11237681071304,42.076069754756034,17.83972518447678,False
7,FLANGE_NARROW,RING,10,44.54167484464833,44.54167484464833,360.0,279.86359694106494,0.6005004170141784,599.5,7.767510479915205,25.0,27.61619935146462,3.9003732470084786,193.11206645663577,49.511176040587785,1091.5724863204937,False
7,FLANGE_NARROW,RADIAL_LINK,10,44.54167484464833,47.1250082830105,5.0,4.761571329055562,0.008340283569641367,599.5,9.515206705896032,25.0,33.82986684599702,3.9003732470084786,157.642397728526,40.41725951469775,18.57190542557092,False
7,FLANGE_NARROW,RING,11,47.1250082830105,47.1250082830105,360.0,296.0951596445279,0.6005004170141784,599.5,8.21801149105993,25.0,29.217887017542267,3.9003732470084786,182.5259068610204,46.797035899324435,1154.881639246221,False
7,FLANGE_NARROW,RADIAL_LINK,11,47.1250082830105,49.70834172137268,5.0,4.952440535860089,0.008340283569641367,599.5,9.896627004160411,25.0,35.18594856880909,3.9003732470084786,151.5667913289467,38.85956079849432,19.316366573469026,False
7,FLANGE_NARROW,RING,12,49.70834172137268,49.70834172137268,360.0,312.3267223479909,0.6005004170141784,599.5,8.668512502204655,25.0,30.819574683619926,3.9003732470084786,173.0400688259383,44.36500249268635,1218.1907921719487,False
7,FLANGE_NARROW,RADIAL_LINK,12,49.70834172137268,52.29167515973486,5.0,5.146107950849645,0.008340283569641367,599.5,10.283639055114541,25.737269668662034,36.56191091584478,3.9003732470084786,150.16437000982646,38.50000000000001,20.07174177771158,False
7,FLANGE_NARROW,RING,13,52.29167515973486,52.29167515973486,360.0,328.5582850514538,0.6005004170141784,599.5,9.119013513349378,25.0,32.42126234969757,3.9003732470084786,164.4914768252225,42.173265584616736,1281.4999450976763,False
7,FLANGE_NARROW,RADIAL_LINK,13,52.29167515973486,54.87500859809704,5.0,5.342269170890103,0.008340283569641367,599.5,10.675634559828723,26.71833230219685,37.955591172994936,3.9003732470084786,150.16437000982643,38.5,20.836843752457924,False
7,FLANGE_NARROW,RING,14,54.87500859809704,54.87500859809704,360.0,344.78984775491676,0.6005004170141784,599.5,9.569514524494101,25.0,34.02295001577522,3.9003732470084786,156.74776355274915,40.187888088139275,1344.8090980234037,False
7,FLANGE_NARROW,RADIAL_LINK,14,54.87500859809704,57.458342036459214,5.0,5.5406592514309825,0.008340283569641367,599.5,11.072084070776247,27.71054215306583,39.36510697029284,3.9003732470084786,150.16437000982646,38.50000000000001,21.61063911507143,False
7,FLANGE_NARROW,RING,15,57.458342036459214,57.458342036459214,360.0,361.0214104583797,0.6005004170141784,599.5,10.020015535638827,25.07748867329796,35.62463768185288,3.9003732470084786,150.1643700098264,38.49999999999999,1408.1182509491312,False
7,FLANGE_NARROW,RADIAL_LINK,15,57.458342036459214,60.041675474821396,5.0,5.741047064090099,0.008340283569641367,599.5,11.472525716406714,28.71274327709578,40.78881619385352,3.9003732470084786,150.1643700098264,38.49999999999999,22.39222637859359,False
7,FLANGE_NARROW,RING,16,60.041675474821396,60.041675474821396,360.0,377.2529731618427,0.6005004170141784,599.5,10.470516546783552,26.20497534875359,37.22632534793053,3.9003732470084786,150.16437000982643,38.5,1471.4274038748588,False
7,FLANGE_NARROW,RADIAL_LINK,16,60.041675474821396,62.62500891318357,5.0,5.943230480618439,0.008340283569641367,599.5,11.876555577102515,29.723924768704826,42.22528276905427,3.9003732470084786,150.16437000982643,38.5,23.1808171674095,False
7,FLANGE_NARROW,RING,17,62.62500891318357,62.62500891318357,360.0,393.48453586530565,0.6005004170141784,599.5,10.921017557928275,27.33246202420921,38.82801301400818,3.9003732470084786,150.16437000982643,38.5,1534.7365568005864,False
7,FLANGE_NARROW,RADIAL_LINK,17,62.62500891318357,65.20834235154575,5.0,6.1470322739145935,0.008340283569641367,599.5,12.28381949403933,30.743200260614014,43.67324753818686,3.9003732470084786,150.16437000982643,38.5,23.975720229674174,False
7,FLANGE_NARROW,RING,18,65.20834235154575,65.20834235154575,360.0,409.71609856876864,0.6005004170141784,599.5,11.371518569073,28.459948699664835,40.42970068008584,3.9003732470084786,150.16437000982643,38.5,1598.045709726314,False
7,FLANGE_NARROW,RADIAL_LINK,18,65.20834235154575,67.79167578990793,5.0,6.35229663435701,0.008340283569641367,599.5,12.69400610765676,31.769790500952773,45.131603509801174,3.9003732470084786,150.16437000982646,38.50000000000001,24.776327849708082,False
7,FLANGE_NARROW,RING,19,67.79167578990793,67.79167578990793,360.0,425.9476612722316,0.6005004170141784,599.5,11.822019580217724,29.587435375120453,42.03138834616349,3.9003732470084786,150.16437000982643,38.5,1661.3548626520414,False
7,FLANGE_NARROW,RADIAL_LINK,19,67.79167578990793,70.3750092282701,5.0,6.558886210250728,0.008340283569641367,599.5,13.106840943484372,32.803008551622156,46.59937483176133,3.9003732470084786,150.1643700098264,38.49999999999999,25.58210430463477,False
7,FLANGE_NARROW,RING,20,70.3750092282701,70.3750092282701,360.0,442.17922397569447,0.6005004170141784,599.5,12.272520591362447,30.71492205057607,43.63307601224113,3.9003732470084786,150.1643700098264,38.49999999999999,1724.6640155777689,False
7,FLANGE_NARROW,RADIAL_LINK,20,70.3750092282701,72.95834266663229,5.0,6.766679592549335,0.008340283569641367,599.5,13.522081385777755,33.84224720861529,48.07569892077493,3.9003732470084786,150.16437000982646,38.50000000000001,26.39257605385766,False
7,FLANGE_NARROW,RING,21,72.95834266663229,72.95834266663229,360.0,458.4107866791575,0.6005004170141784,599.5,12.723021602507174,31.842408726031703,45.2347636783188,3.9003732470084786,150.16437000982643,38.5,1787.9731685034967,False
7,FLANGE_NARROW,RADIAL_LINK,21,72.95834266663229,75.54167610499447,5.0,6.97556917505962,0.008350361203299093,598.7764934078037,13.922689500552554,34.844864961548325,49.5,3.9003732470084786,150.16437000982646,38.50000000000001,27.207323393059546,False
7,FLANGE_NARROW,RING,22,75.54167610499447,75.54167610499447,360.0,474.64234938262047,0.6005004170141784,599.5,13.173522613651897,32.96989540148732,46.836451344396444,3.9003732470084786,150.16437000982643,38.5,1851.282321429224,False
7,FLANGE_NARROW,RADIAL_LINK,22,75.54167610499447,78.12500954335664,5.0,7.1854593314837,0.008601617921593058,581.2859912608136,13.922689500552552,34.84486496154832,49.49999999999999,3.9003732470084786,150.16437000982643,38.5,28.02597334398645,False
7,FLANGE_NARROW,RING,23,78.12500954335664,78.12500954335664,360.0,490.8739120860834,0.6005004170141784,599.5,13.62402362479662,34.09738207694294,48.438139010474096,3.9003732470084786,150.16437000982643,38.5,1914.5914743549517,False
7,FLANGE_NARROW,RADIAL_LINK,23,78.12500954335664,80.70834298171883,5.0,7.396264859661561,0.008853970419254632,564.7183990051011,13.922689500552552,34.84486496154832,49.49999999999999,3.9003732470084786,150.16437000982643,38.5,28.848193586412872,False
7,FLANGE_NARROW,RING,24,80.70834298171883,80.70834298171883,360.0,507.1054747895464,0.6070492280118494,593.0326296255054,13.92268950055255,32.05727576462445,49.49999999999999,3.9003732470084786,138.15122040904032,35.42,1977.9006272806794,True
8,FLANGE_NARROW,RING,1,21.29167389938872,21.29167389938872,360.0,133.7795326098983,0.6005004170141784,599.5,3.713001379612687,25.0,13.201010356765748,3.9003732470084786,403.9858450460552,103.57620142018604,521.7901099889457,True
8,FLANGE_NARROW,RADIAL_LINK,1,21.29167389938872,23.8750073377509,5.0,3.249648059912887,0.008340283569641367,599.5,6.493880039725919,25.0,23.08800048680793,3.9003732470084786,230.9867122311839,59.22169433613741,12.674840355077231,False
8,FLANGE_NARROW,RING,2,23.8750073377509,23.8750073377509,360.0,150.01109531336127,0.6005004170141784,599.5,4.163502390757412,25.0,14.802698022843403,3.9003732470084786,360.2736012184983,92.36900634953902,585.0992629146732,False
8,FLANGE_NARROW,RADIAL_LINK,2,23.8750073377509,26.458340776113076,5.0,3.391075007305256,0.008340283569641367,599.5,6.77649822293167,25.0,24.092806351948386,3.9003732470084786,221.35326397991224,56.751815778063424,13.226458237092501,False
8,FLANGE_NARROW,RING,3,26.458340776113076,26.458340776113076,360.0,166.2426580168242,0.6005004170141784,599.5,4.614003401902135,25.0,16.404385688921053,3.9003732470084786,325.09728956455064,83.35030238808423,648.4084158404007,False
8,FLANGE_NARROW,RADIAL_LINK,3,26.458340776113076,29.041674214475258,5.0,3.541218207844852,0.008340283569641367,599.5,7.0765343853432965,25.0,25.1595391867779,3.9003732470084786,211.96816383832663,54.345610128697984,13.812072759697372,False
8,FLANGE_NARROW,RING,4,29.041674214475258,29.041674214475258,360.0,182.47422072028718,0.6005004170141784,599.5,5.064504413046859,25.0,18.0060733549987,3.9003732470084786,296.179029114042,75.93607338508087,711.7175687661284,False
8,FLANGE_NARROW,RADIAL_LINK,4,29.041674214475258,31.625007652837432,5.0,3.6990165995918476,0.008340283569641367,599.5,7.391868171517709,25.0,26.28066039076754,3.9003732470084786,202.92569688672057,52.027250736159985,14.427545385288315,False
8,FLANGE_NARROW,RING,5,31.625007652837432,31.625007652837432,360.0,198.70578342375012,0.6005004170141784,599.5,5.515005424191584,25.0,19.607761021076357,3.9003732470084786,271.9852266001855,69.73312792789605,775.0267216918558,False
8,FLANGE_NARROW,RADIAL_LINK,5,31.625007652837432,34.208341091199614,5.0,3.8635323406295163,0.008340283569641367,599.5,7.720625460691317,25.0,27.449506813252775,3.9003732470084786,194.28477752703827,49.811842411761866,15.069218180343414,False
8,FLANGE_NARROW,RING,6,34.208341091199614,34.208341091199614,360.0,214.93734612721312,0.6005004170141784,599.5,5.965506435336309,25.0,21.209448687154012,3.9003732470084786,251.44554217808613,64.4670461656306,838.3358746175835,False
8,FLANGE_NARROW,RADIAL_LINK,6,34.208341091199614,36.79167452956179,5.0,4.033943601059749,0.008340283569641367,599.5,8.061163962784399,25.0,28.66023954222289,3.9003732470084786,186.0773465128585,47.70757430858104,15.73388570151449,False
8,FLANGE_NARROW,RING,7,36.79167452956179,36.79167452956179,360.0,231.16890883067606,0.6005004170141784,599.5,6.416007446481032,25.0,22.81113635323166,3.9003732470084786,233.7902523512033,59.94048198605519,901.6450275433109,False
8,FLANGE_NARROW,RADIAL_LINK,7,36.79167452956179,39.37500796792397,5.0,4.2095343493796005,0.008340283569641367,599.5,8.412052808176902,25.0,29.907771338880398,3.9003732470084786,178.31557102707808,45.71756591855488,16.418755158683435,False
8,FLANGE_NARROW,RING,8,39.37500796792397,39.37500796792397,360.0,247.40047153413903,0.6005004170141784,599.5,6.866508457625757,25.0,24.412824019309316,3.9003732470084786,218.4516351005351,56.00787957103435,964.9541804690385,False
8,FLANGE_NARROW,RADIAL_LINK,8,39.37500796792397,41.958341406286145,5.0,4.389682956730791,0.008340283569641367,599.5,8.772049775200365,25.0,31.18768567346023,3.9003732470084786,170.99766171421868,43.841358476492225,17.121401967281855,False
8,FLANGE_NARROW,RING,9,41.958341406286145,41.958341406286145,360.0,263.63203423760194,0.6005004170141784,599.5,7.31700946877048,25.0,26.01451168538696,3.9003732470084786,205.0017847321515,52.559530011489144,1028.2633333947658,False
8,FLANGE_NARROW,RADIAL_LINK,9,41.958341406286145,44.54167484464833,5.0,4.573850771374138,0.008340283569641367,599.5,9.14007845812932,25.0,32.49615554950396,3.9003732470084786,164.11237681071304,42.076069754756034,17.83972518447678,False
8,FLANGE_NARROW,RING,10,44.54167484464833,44.54167484464833,360.0,279.86359694106494,0.6005004170141784,599.5,7.767510479915205,25.0,27.61619935146462,3.9003732470084786,193.11206645663577,49.511176040587785,1091.5724863204937,False
8,FLANGE_NARROW,RADIAL_LINK,10,44.54167484464833,47.1250082830105,5.0,4.761571329055562,0.008340283569641367,599.5,9.515206705896032,25.0,33.82986684599702,3.9003732470084786,157.642397728526,40.41725951469775,18.57190542557092,False
8,FLANGE_NARROW,RING,11,47.1250082830105,47.1250082830105,360.0,296.0951596445279,0.6005004170141784,599.5,8.21801149105993,25.0,29.217887017542267,3.9003732470084786,182.5259068610204,46.797035899324435,1154.881639246221,False
8,FLANGE_NARROW,RADIAL_LINK,11,47.1250082830105,49.70834172137268,5.0,4.952440535860089,0.008340283569641367,599.5,9.896627004160411,25.0,35.18594856880909,3.9003732470084786,151.5667913289467,38.85956079849432,19.316366573469026,False
8,FLANGE_NARROW,RING,12,49.70834172137268,49.70834172137268,360.0,312.3267223479909,0.6005004170141784,599.5,8.668512502204655,25.0,30.819574683619926,3.9003732470084786,173.0400688259383,44.36500249268635,1218.1907921719487,False
8,FLANGE_NARROW,RADIAL_LINK,12,49.70834172137268,52.29167515973486,5.0,5.146107950849645,0.008340283569641367,599.5,10.283639055114541,25.737269668662034,36.56191091584478,3.9003732470084786,150.16437000982646,38.50000000000001,20.07174177771158,False
8,FLANGE_NARROW,RING,13,52.29167515973486,52.29167515973486,360.0,328.5582850514538,0.6005004170141784,599.5,9.119013513349378,25.0,32.42126234969757,3.9003732470084786,164.4914768252225,42.173265584616736,1281.4999450976763,False
8,FLANGE_NARROW,RADIAL_LINK,13,52.29167515973486,54.87500859809704,5.0,5.342269170890103,0.008340283569641367,599.5,10.675634559828723,26.71833230219685,37.955591172994936,3.9003732470084786,150.16437000982643,38.5,20.836843752457924,False
8,FLANGE_NARROW,RING,14,54.87500859809704,54.87500859809704,360.0,344.78984775491676,0.6005004170141784,599.5,9.569514524494101,25.0,34.02295001577522,3.9003732470084786,156.74776355274915,40.187888088139275,1344.8090980234037,False
8,FLANGE_NARROW,RADIAL_LINK,14,54.87500859809704,57.458342036459214,5.0,5.5406592514309825,0.008340283569641367,599.5,11.072084070776247,27.71054215306583,39.36510697029284,3.9003732470084786,150.16437000982646,38.50000000000001,21.61063911507143,False
8,FLANGE_NARROW,RING,15,57.458342036459214,57.458342036459214,360.0,361.0214104583797,0.6005004170141784,599.5,10.020015535638827,25.07748867329796,35.62463768185288,3.9003732470084786,150.1643700098264,38.49999999999999,1408.1182509491312,False
8,FLANGE_NARROW,RADIAL_LINK,15,57.458342036459214,60.041675474821396,5.0,5.741047064090099,0.008340283569641367,599.5,11.472525716406714,28.71274327709578,40.78881619385352,3.9003732470084786,150.1643700098264,38.49999999999999,22.39222637859359,False
8,FLANGE_NARROW,RING,16,60.041675474821396,60.041675474821396,360.0,377.2529731618427,0.6005004170141784,599.5,10.470516546783552,26.20497534875359,37.22632534793053,3.9003732470084786,150.16437000982643,38.5,1471.4274038748588,False
8,FLANGE_NARROW,RADIAL_LINK,16,60.041675474821396,62.62500891318357,5.0,5.943230480618439,0.008340283569641367,599.5,11.876555577102515,29.723924768704826,42.22528276905427,3.9003732470084786,150.16437000982643,38.5,23.1808171674095,False
8,FLANGE_NARROW,RING,17,62.62500891318357,62.62500891318357,360.0,393.48453586530565,0.6005004170141784,599.5,10.921017557928275,27.33246202420921,38.82801301400818,3.9003732470084786,150.16437000982643,38.5,1534.7365568005864,False
8,FLANGE_NARROW,RADIAL_LINK,17,62.62500891318357,65.20834235154575,5.0,6.1470322739145935,0.008340283569641367,599.5,12.28381949403933,30.743200260614014,43.67324753818686,3.9003732470084786,150.16437000982643,38.5,23.975720229674174,False
8,FLANGE_NARROW,RING,18,65.20834235154575,65.20834235154575,360.0,409.71609856876864,0.6005004170141784,599.5,11.371518569073,28.459948699664835,40.42970068008584,3.9003732470084786,150.16437000982643,38.5,1598.045709726314,False
8,FLANGE_NARROW,RADIAL_LINK,18,65.20834235154575,67.79167578990793,5.0,6.35229663435701,0.008340283569641367,599.5,12.69400610765676,31.769790500952773,45.131603509801174,3.9003732470084786,150.16437000982646,38.50000000000001,24.776327849708082,False
8,FLANGE_NARROW,RING,19,67.79167578990793,67.79167578990793,360.0,425.9476612722316,0.6005004170141784,599.5,11.822019580217724,29.587435375120453,42.03138834616349,3.9003732470084786,150.16437000982643,38.5,1661.3548626520414,False
8,FLANGE_NARROW,RADIAL_LINK,19,67.79167578990793,70.3750092282701,5.0,6.558886210250728,0.008340283569641367,599.5,13.106840943484372,32.803008551622156,46.59937483176133,3.9003732470084786,150.1643700098264,38.49999999999999,25.58210430463477,False
8,FLANGE_NARROW,RING,20,70.3750092282701,70.3750092282701,360.0,442.17922397569447,0.6005004170141784,599.5,12.272520591362447,30.71492205057607,43.63307601224113,3.9003732470084786,150.1643700098264,38.49999999999999,1724.6640155777689,False
8,FLANGE_NARROW,RADIAL_LINK,20,70.3750092282701,72.95834266663229,5.0,6.766679592549335,0.008340283569641367,599.5,13.522081385777755,33.84224720861529,48.07569892077493,3.9003732470084786,150.16437000982646,38.50000000000001,26.39257605385766,False
8,FLANGE_NARROW,RING,21,72.95834266663229,72.95834266663229,360.0,458.4107866791575,0.6005004170141784,599.5,12.723021602507174,31.842408726031703,45.2347636783188,3.9003732470084786,150.16437000982643,38.5,1787.9731685034967,False
8,FLANGE_NARROW,RADIAL_LINK,21,72.95834266663229,75.54167610499447,5.0,6.97556917505962,0.008350361203299093,598.7764934078037,13.922689500552554,34.844864961548325,49.5,3.9003732470084786,150.16437000982646,38.50000000000001,27.207323393059546,False
8,FLANGE_NARROW,RING,22,75.54167610499447,75.54167610499447,360.0,474.64234938262047,0.6005004170141784,599.5,13.173522613651897,32.96989540148732,46.836451344396444,3.9003732470084786,150.16437000982643,38.5,1851.282321429224,False
8,FLANGE_NARROW,RADIAL_LINK,22,75.54167610499447,78.12500954335664,5.0,7.1854593314837,0.008601617921593058,581.2859912608136,13.922689500552552,34.84486496154832,49.49999999999999,3.9003732470084786,150.16437000982643,38.5,28.02597334398645,False
8,FLANGE_NARROW,RING,23,78.12500954335664,78.12500954335664,360.0,490.8739120860834,0.6005004170141784,599.5,13.62402362479662,34.09738207694294,48.438139010474096,3.9003732470084786,150.16437000982643,38.5,1914.5914743549517,False
8,FLANGE_NARROW,RADIAL_LINK,23,78.12500954335664,80.70834298171883,5.0,7.396264859661561,0.008853970419254632,564.7183990051011,13.922689500552552,34.84486496154832,49.49999999999999,3.9003732470084786,150.16437000982643,38.5,28.848193586412872,False
8,FLANGE_NARROW,RING,24,80.70834298171883,80.70834298171883,360.0,507.1054747895464,0.6070492280118494,593.0326296255054,13.92268950055255,32.05727576462445,49.49999999999999,3.9003732470084786,138.15122040904032,35.42,1977.9006272806794,True
9,FLANGE_NARROW,RING,1,21.29167389938872,21.29167389938872,360.0,133.7795326098983,0.6005004170141784,599.5,3.713001379612687,25.0,13.201010356765748,3.9003732470084786,403.9858450460552,103.57620142018604,521.7901099889457,True
9,FLANGE_NARROW,RADIAL_LINK,1,21.29167389938872,23.8750073377509,5.0,3.249648059912887,0.008340283569641367,599.5,6.493880039725919,25.0,23.08800048680793,3.9003732470084786,230.9867122311839,59.22169433613741,12.674840355077231,False
9,FLANGE_NARROW,RING,2,23.8750073377509,23.8750073377509,360.0,150.01109531336127,0.6005004170141784,599.5,4.163502390757412,25.0,14.802698022843403,3.9003732470084786,360.2736012184983,92.36900634953902,585.0992629146732,False
9,FLANGE_NARROW,RADIAL_LINK,2,23.8750073377509,26.458340776113076,5.0,3.391075007305256,0.008340283569641367,599.5,6.77649822293167,25.0,24.092806351948386,3.9003732470084786,221.35326397991224,56.751815778063424,13.226458237092501,False
9,FLANGE_NARROW,RING,3,26.458340776113076,26.458340776113076,360.0,166.2426580168242,0.6005004170141784,599.5,4.614003401902135,25.0,16.404385688921053,3.9003732470084786,325.09728956455064,83.35030238808423,648.4084158404007,False
9,FLANGE_NARROW,RADIAL_LINK,3,26.458340776113076,29.041674214475258,5.0,3.541218207844852,0.008340283569641367,599.5,7.0765343853432965,25.0,25.1595391867779,3.9003732470084786,211.96816383832663,54.345610128697984,13.812072759697372,False
9,FLANGE_NARROW,RING,4,29.041674214475258,29.041674214475258,360.0,182.47422072028718,0.6005004170141784,599.5,5.064504413046859,25.0,18.0060733549987,3.9003732470084786,296.179029114042,75.93607338508087,711.7175687661284,False
9,FLANGE_NARROW,RADIAL_LINK,4,29.041674214475258,31.625007652837432,5.0,3.6990165995918476,0.008340283569641367,599.5,7.391868171517709,25.0,26.28066039076754,3.9003732470084786,202.92569688672057,52.027250736159985,14.427545385288315,False
9,FLANGE_NARROW,RING,5,31.625007652837432,31.625007652837432,360.0,198.70578342375012,0.6005004170141784,599.5,5.515005424191584,25.0,19.607761021076357,3.9003732470084786,271.9852266001855,69.73312792789605,775.0267216918558,False
9,FLANGE_NARROW,RADIAL_LINK,5,31.625007652837432,34.208341091199614,5.0,3.8635323406295163,0.008340283569641367,599.5,7.720625460691317,25.0,27.449506813252775,3.9003732470084786,194.28477752703827,49.811842411761866,15.069218180343414,False
9,FLANGE_NARROW,RING,6,34.208341091199614,34.208341091199614,360.0,214.93734612721312,0.6005004170141784,599.5,5.965506435336309,25.0,21.209448687154012,3.9003732470084786,251.44554217808613,64.4670461656306,838.3358746175835,False
9,FLANGE_NARROW,RADIAL_LINK,6,34.208341091199614,36.79167452956179,5.0,4.033943601059749,0.008340283569641367,599.5,8.061163962784399,25.0,28.66023954222289,3.9003732470084786,186.0773465128585,47.70757430858104,15.73388570151449,False
9,FLANGE_NARROW,RING,7,36.79167452956179,36.79167452956179,360.0,231.16890883067606,0.6005004170141784,599.5,6.416007446481032,25.0,22.81113635323166,3.9003732470084786,233.7902523512033,59.94048198605519,901.6450275433109,False
9,FLANGE_NARROW,RADIAL_LINK,7,36.79167452956179,39.37500796792397,5.0,4.2095343493796005,0.008340283569641367,599.5,8.412052808176902,25.0,29.907771338880398,3.9003732470084786,178.31557102707808,45.71756591855488,16.418755158683435,False
9,FLANGE_NARROW,RING,8,39.37500796792397,39.37500796792397,360.0,247.40047153413903,0.6005004170141784,599.5,6.866508457625757,25.0,24.412824019309316,3.9003732470084786,218.4516351005351,56.00787957103435,964.9541804690385,False
9,FLANGE_NARROW,RADIAL_LINK,8,39.37500796792397,41.958341406286145,5.0,4.389682956730791,0.008340283569641367,599.5,8.772049775200365,25.0,31.18768567346023,3.9003732470084786,170.99766171421868,43.841358476492225,17.121401967281855,False
9,FLANGE_NARROW,RING,9,41.958341406286145,41.958341406286145,360.0,263.63203423760194,0.6005004170141784,599.5,7.31700946877048,25.0,26.01451168538696,3.9003732470084786,205.0017847321515,52.559530011489144,1028.2633333947658,False
9,FLANGE_NARROW,RADIAL_LINK,9,41.958341406286145,44.54167484464833,5.0,4.573850771374138,0.008340283569641367,599.5,9.14007845812932,25.0,32.49615554950396,3.9003732470084786,164.11237681071304,42.076069754756034,17.83972518447678,False
9,FLANGE_NARROW,RING,10,44.54167484464833,44.54167484464833,360.0,279.86359694106494,0.6005004170141784,599.5,7.767510479915205,25.0,27.61619935146462,3.9003732470084786,193.11206645663577,49.511176040587785,1091.5724863204937,False
9,FLANGE_NARROW,RADIAL_LINK,10,44.54167484464833,47.1250082830105,5.0,4.761571329055562,0.008340283569641367,599.5,9.515206705896032,25.0,33.82986684599702,3.9003732470084786,157.642397728526,40.41725951469775,18.57190542557092,False
9,FLANGE_NARROW,RING,11,47.1250082830105,47.1250082830105,360.0,296.0951596445279,0.6005004170141784,599.5,8.21801149105993,25.0,29.217887017542267,3.9003732470084786,182.5259068610204,46.797035899324435,1154.881639246221,False
9,FLANGE_NARROW,RADIAL_LINK,11,47.1250082830105,49.70834172137268,5.0,4.952440535860089,0.008340283569641367,599.5,9.896627004160411,25.0,35.18594856880909,3.9003732470084786,151.5667913289467,38.85956079849432,19.316366573469026,False
9,FLANGE_NARROW,RING,12,49.70834172137268,49.70834172137268,360.0,312.3267223479909,0.6005004170141784,599.5,8.668512502204655,25.0,30.819574683619926,3.9003732470084786,173.0400688259383,44.36500249268635,1218.1907921719487,False
9,FLANGE_NARROW,RADIAL_LINK,12,49.70834172137268,52.29167515973486,5.0,5.146107950849645,0.008340283569641367,599.5,10.283639055114541,25.737269668662034,36.56191091584478,3.9003732470084786,150.16437000982646,38.50000000000001,20.07174177771158,False
9,FLANGE_NARROW,RING,13,52.29167515973486,52.29167515973486,360.0,328.5582850514538,0.6005004170141784,599.5,9.119013513349378,25.0,32.42126234969757,3.9003732470084786,164.4914768252225,42.173265584616736,1281.4999450976763,False
9,FLANGE_NARROW,RADIAL_LINK,13,52.29167515973486,54.87500859809704,5.0,5.342269170890103,0.008340283569641367,599.5,10.675634559828723,26.71833230219685,37.955591172994936,3.9003732470084786,150.16437000982643,38.5,20.836843752457924,False
9,FLANGE_NARROW,RING,14,54.87500859809704,54.87500859809704,360.0,344.78984775491676,0.6005004170141784,599.5,9.569514524494101,25.0,34.02295001577522,3.9003732470084786,156.74776355274915,40.187888088139275,1344.8090980234037,False
9,FLANGE_NARROW,RADIAL_LINK,14,54.87500859809704,57.458342036459214,5.0,5.5406592514309825,0.008340283569641367,599.5,11.072084070776247,27.71054215306583,39.36510697029284,3.9003732470084786,150.16437000982646,38.50000000000001,21.61063911507143,False
9,FLANGE_NARROW,RING,15,57.458342036459214,57.458342036459214,360.0,361.0214104583797,0.6005004170141784,599.5,10.020015535638827,25.07748867329796,35.62463768185288,3.9003732470084786,150.1643700098264,38.49999999999999,1408.1182509491312,False
9,FLANGE_NARROW,RADIAL_LINK,15,57.458342036459214,60.041675474821396,5.0,5.741047064090099,0.008340283569641367,599.5,11.472525716406714,28.71274327709578,40.78881619385352,3.9003732470084786,150.1643700098264,38.49999999999999,22.39222637859359,False
9,FLANGE_NARROW,RING,16,60.041675474821396,60.041675474821396,360.0,377.2529731618427,0.6005004170141784,599.5,10.470516546783552,26.20497534875359,37.22632534793053,3.9003732470084786,150.16437000982643,38.5,1471.4274038748588,False
9,FLANGE_NARROW,RADIAL_LINK,16,60.041675474821396,62.62500891318357,5.0,5.943230480618439,0.008340283569641367,599.5,11.876555577102515,29.723924768704826,42.22528276905427,3.9003732470084786,150.16437000982643,38.5,23.1808171674095,False
9,FLANGE_NARROW,RING,17,62.62500891318357,62.62500891318357,360.0,393.48453586530565,0.6005004170141784,599.5,10.921017557928275,27.33246202420921,38.82801301400818,3.9003732470084786,150.16437000982643,38.5,1534.7365568005864,False
9,FLANGE_NARROW,RADIAL_LINK,17,62.62500891318357,65.20834235154575,5.0,6.1470322739145935,0.008340283569641367,599.5,12.28381949403933,30.743200260614014,43.67324753818686,3.9003732470084786,150.16437000982643,38.5,23.975720229674174,False
9,FLANGE_NARROW,RING,18,65.20834235154575,65.20834235154575,360.0,409.71609856876864,0.6005004170141784,599.5,11.371518569073,28.459948699664835,40.42970068008584,3.9003732470084786,150.16437000982643,38.5,1598.045709726314,False
9,FLANGE_NARROW,RADIAL_LINK,18,65.20834235154575,67.79167578990793,5.0,6.35229663435701,0.008340283569641367,599.5,12.69400610765676,31.769790500952773,45.131603509801174,3.9003732470084786,150.16437000982646,38.50000000000001,24.776327849708082,False
9,FLANGE_NARROW,RING,19,67.79167578990793,67.79167578990793,360.0,425.9476612722316,0.6005004170141784,599.5,11.822019580217724,29.587435375120453,42.03138834616349,3.9003732470084786,150.16437000982643,38.5,1661.3548626520414,False
9,FLANGE_NARROW,RADIAL_LINK,19,67.79167578990793,70.3750092282701,5.0,6.558886210250728,0.008340283569641367,599.5,13.106840943484372,32.803008551622156,46.59937483176133,3.9003732470084786,150.1643700098264,38.49999999999999,25.58210430463477,False
9,FLANGE_NARROW,RING,20,70.3750092282701,70.3750092282701,360.0,442.17922397569447,0.6005004170141784,599.5,12.272520591362447,30.71492205057607,43.63307601224113,3.9003732470084786,150.1643700098264,38.49999999999999,1724.6640155777689,False
9,FLANGE_NARROW,RADIAL_LINK,20,70.3750092282701,72.95834266663229,5.0,6.766679592549335,0.008340283569641367,599.5,13.522081385777755,33.84224720861529,48.07569892077493,3.9003732470084786,150.16437000982646,38.50000000000001,26.39257605385766,False
9,FLANGE_NARROW,RING,21,72.95834266663229,72.95834266663229,360.0,458.4107866791575,0.6005004170141784,599.5,12.723021602507174,31.842408726031703,45.2347636783188,3.9003732470084786,150.16437000982643,38.5,1787.9731685034967,False
9,FLANGE_NARROW,RADIAL_LINK,21,72.95834266663229,75.54167610499447,5.0,6.97556917505962,0.008350361203299093,598.7764934078037,13.922689500552554,34.844864961548325,49.5,3.9003732470084786,150.16437000982646,38.50000000000001,27.207323393059546,False
9,FLANGE_NARROW,RING,22,75.54167610499447,75.54167610499447,360.0,474.64234938262047,0.6005004170141784,599.5,13.173522613651897,32.96989540148732,46.836451344396444,3.9003732470084786,150.16437000982643,38.5,1851.282321429224,False
9,FLANGE_NARROW,RADIAL_LINK,22,75.54167610499447,78.12500954335664,5.0,7.1854593314837,0.008601617921593058,581.2859912608136,13.922689500552552,34.84486496154832,49.49999999999999,3.9003732470084786,150.16437000982643,38.5,28.02597334398645,False
9,FLANGE_NARROW,RING,23,78.12500954335664,78.12500954335664,360.0,490.8739120860834,0.6005004170141784,599.5,13.62402362479662,34.09738207694294,48.438139010474096,3.9003732470084786,150.16437000982643,38.5,1914.5914743549517,False
9,FLANGE_NARROW,RADIAL_LINK,23,78.12500954335664,80.70834298171883,5.0,7.396264859661561,0.008853970419254632,564.7183990051011,13.922689500552552,34.84486496154832,49.49999999999999,3.9003732470084786,150.16437000982643,38.5,28.848193586412872,False
9,FLANGE_NARROW,RING,24,80.70834298171883,80.70834298171883,360.0,507.1054747895464,0.6070492280118494,593.0326296255054,13.92268950055255,32.05727576462445,49.49999999999999,3.9003732470084786,138.15122040904032,35.42,1977.9006272806794,True
10,FLANGE_NARROW,RING,1,21.29167389938872,21.29167389938872,360.0,133.7795326098983,0.6005004170141784,599.5,3.713001379612687,25.0,13.201010356765748,3.9003732470084786,403.9858450460552,103.57620142018604,521.7901099889457,True
10,FLANGE_NARROW,RADIAL_LINK,1,21.29167389938872,23.8750073377509,5.0,3.249648059912887,0.008340283569641367,599.5,6.493880039725919,25.0,23.08800048680793,3.9003732470084786,230.9867122311839,59.22169433613741,12.674840355077231,False
10,FLANGE_NARROW,RING,2,23.8750073377509,23.8750073377509,360.0,150.01109531336127,0.6005004170141784,599.5,4.163502390757412,25.0,14.802698022843403,3.9003732470084786,360.2736012184983,92.36900634953902,585.0992629146732,False
10,FLANGE_NARROW,RADIAL_LINK,2,23.8750073377509,26.458340776113076,5.0,3.391075007305256,0.008340283569641367,599.5,6.77649822293167,25.0,24.092806351948386,3.9003732470084786,221.35326397991224,56.751815778063424,13.226458237092501,False
10,FLANGE_NARROW,RING,3,26.458340776113076,26.458340776113076,360.0,166.2426580168242,0.6005004170141784,599.5,4.614003401902135,25.0,16.404385688921053,3.9003732470084786,325.09728956455064,83.35030238808423,648.4084158404007,False
10,FLANGE_NARROW,RADIAL_LINK,3,26.458340776113076,29.041674214475258,5.0,3.541218207844852,0.008340283569641367,599.5,7.0765343853432965,25.0,25.1595391867779,3.9003732470084786,211.96816383832663,54.345610128697984,13.812072759697372,False
10,FLANGE_NARROW,RING,4,29.041674214475258,29.041674214475258,360.0,182.47422072028718,0.6005004170141784,599.5,5.064504413046859,25.0,18.0060733549987,3.9003732470084786,296.179029114042,75.93607338508087,711.7175687661284,False
10,FLANGE_NARROW,RADIAL_LINK,4,29.041674214475258,31.625007652837432,5.0,3.6990165995918476,0.008340283569641367,599.5,7.391868171517709,25.0,26.28066039076754,3.9003732470084786,202.92569688672057,52.027250736159985,14.427545385288315,False
10,FLANGE_NARROW,RING,5,31.625007652837432,31.625007652837432,360.0,198.70578342375012,0.6005004170141784,599.5,5.515005424191584,25.0,19.607761021076357,3.9003732470084786,271.9852266001855,69.73312792789605,775.0267216918558,False
10,FLANGE_NARROW,RADIAL_LINK,5,31.625007652837432,34.208341091199614,5.0,3.8635323406295163,0.008340283569641367,599.5,7.720625460691317,25.0,27.449506813252775,3.9003732470084786,194.28477752703827,49.811842411761866,15.069218180343414,False
10,FLANGE_NARROW,RING,6,34.208341091199614,34.208341091199614,360.0,214.93734612721312,0.6005004170141784,599.5,5.965506435336309,25.0,21.209448687154012,3.9003732470084786,251.44554217808613,64.4670461656306,838.3358746175835,False
10,FLANGE_NARROW,RADIAL_LINK,6,34.208341091199614,36.79167452956179,5.0,4.033943601059749,0.008340283569641367,599.5,8.061163962784399,25.0,28.66023954222289,3.9003732470084786,186.0773465128585,47.70757430858104,15.73388570151449,False
10,FLANGE_NARROW,RING,7,36.79167452956179,36.79167452956179,360.0,231.16890883067606,0.6005004170141784,599.5,6.416007446481032,25.0,22.81113635323166,3.9003732470084786,233.7902523512033,59.94048198605519,901.6450275433109,False
10,FLANGE_NARROW,RADIAL_LINK,7,36.79167452956179,39.37500796792397,5.0,4.2095343493796005,0.008340283569641367,599.5,8.412052808176902,25.0,29.907771338880398,3.9003732470084786,178.31557102707808,45.71756591855488,16.418755158683435,False
10,FLANGE_NARROW,RING,8,39.37500796792397,39.37500796792397,360.0,247.40047153413903,0.6005004170141784,599.5,6.866508457625757,25.0,24.412824019309316,3.9003732470084786,218.4516351005351,56.00787957103435,964.9541804690385,False
10,FLANGE_NARROW,RADIAL_LINK,8,39.37500796792397,41.958341406286145,5.0,4.389682956730791,0.008340283569641367,599.5,8.772049775200365,25.0,31.18768567346023,3.9003732470084786,170.99766171421868,43.841358476492225,17.121401967281855,False
10,FLANGE_NARROW,RING,9,41.958341406286145,41.958341406286145,360.0,263.63203423760194,0.6005004170141784,599.5,7.31700946877048,25.0,26.01451168538696,3.9003732470084786,205.0017847321515,52.559530011489144,1028.2633333947658,False
10,FLANGE_NARROW,RADIAL_LINK,9,41.958341406286145,44.54167484464833,5.0,4.573850771374138,0.008340283569641367,599.5,9.14007845812932,25.0,32.49615554950396,3.9003732470084786,164.11237681071304,42.076069754756034,17.83972518447678,False
10,FLANGE_NARROW,RING,10,44.54167484464833,44.54167484464833,360.0,279.86359694106494,0.6005004170141784,599.5,7.767510479915205,25.0,27.61619935146462,3.9003732470084786,193.11206645663577,49.511176040587785,1091.5724863204937,False
10,FLANGE_NARROW,RADIAL_LINK,10,44.54167484464833,47.1250082830105,5.0,4.761571329055562,0.008340283569641367,599.5,9.515206705896032,25.0,33.82986684599702,3.9003732470084786,157.642397728526,40.41725951469775,18.57190542557092,False
10,FLANGE_NARROW,RING,11,47.1250082830105,47.1250082830105,360.0,296.0951596445279,0.6005004170141784,599.5,8.21801149105993,25.0,29.217887017542267,3.9003732470084786,182.5259068610204,46.797035899324435,1154.881639246221,False
10,FLANGE_NARROW,RADIAL_LINK,11,47.1250082830105,49.70834172137268,5.0,4.952440535860089,0.008340283569641367,599.5,9.896627004160411,25.0,35.18594856880909,3.9003732470084786,151.5667913289467,38.85956079849432,19.316366573469026,False
10,FLANGE_NARROW,RING,12,49.70834172137268,49.70834172137268,360.0,312.3267223479909,0.6005004170141784,599.5,8.668512502204655,25.0,30.819574683619926,3.9003732470084786,173.0400688259383,44.36500249268635,1218.1907921719487,False
10,FLANGE_NARROW,RADIAL_LINK,12,49.70834172137268,52.29167515973486,5.0,5.146107950849645,0.008340283569641367,599.5,10.283639055114541,25.737269668662034,36.56191091584478,3.9003732470084786,150.16437000982646,38.50000000000001,20.07174177771158,False
10,FLANGE_NARROW,RING,13,52.29167515973486,52.29167515973486,360.0,328.5582850514538,0.6005004170141784,599.5,9.119013513349378,25.0,32.42126234969757,3.9003732470084786,164.4914768252225,42.173265584616736,1281.4999450976763,False
10,FLANGE_NARROW,RADIAL_LINK,13,52.29167515973486,54.87500859809704,5.0,5.342269170890103,0.008340283569641367,599.5,10.675634559828723,26.71833230219685,37.955591172994936,3.9003732470084786,150.16437000982643,38.5,20.836843752457924,False
10,FLANGE_NARROW,RING,14,54.87500859809704,54.87500859809704,360.0,344.78984775491676,0.6005004170141784,599.5,9.569514524494101,25.0,34.02295001577522,3.9003732470084786,156.74776355274915,40.187888088139275,1344.8090980234037,False
10,FLANGE_NARROW,RADIAL_LINK,14,54.87500859809704,57.458342036459214,5.0,5.5406592514309825,0.008340283569641367,599.5,11.072084070776247,27.71054215306583,39.36510697029284,3.9003732470084786,150.16437000982646,38.50000000000001,21.61063911507143,False
10,FLANGE_NARROW,RING,15,57.458342036459214,57.458342036459214,360.0,361.0214104583797,0.6005004170141784,599.5,10.020015535638827,25.07748867329796,35.62463768185288,3.9003732470084786,150.1643700098264,38.49999999999999,1408.1182509491312,False
10,FLANGE_NARROW,RADIAL_LINK,15,57.458342036459214,60.041675474821396,5.0,5.741047064090099,0.008340283569641367,599.5,11.472525716406714,28.71274327709578,40.78881619385352,3.9003732470084786,150.1643700098264,38.49999999999999,22.39222637859359,False
10,FLANGE_NARROW,RING,16,60.041675474821396,60.041675474821396,360.0,377.2529731618427,0.6005004170141784,599.5,10.470516546783552,26.20497534875359,37.22632534793053,3.9003732470084786,150.16437000982643,38.5,1471.4274038748588,False
10,FLANGE_NARROW,RADIAL_LINK,16,60.041675474821396,62.62500891318357,5.0,5.943230480618439,0.008340283569641367,599.5,11.876555577102515,29.723924768704826,42.22528276905427,3.9003732470084786,150.16437000982643,38.5,23.1808171674095,False
10,FLANGE_NARROW,RING,17,62.62500891318357,62.62500891318357,360.0,393.48453586530565,0.6005004170141784,599.5,10.921017557928275,27.33246202420921,38.82801301400818,3.9003732470084786,150.16437000982643,38.5,1534.7365568005864,False
10,FLANGE_NARROW,RADIAL_LINK,17,62.62500891318357,65.20834235154575,5.0,6.1470322739145935,0.008340283569641367,599.5,12.28381949403933,30.743200260614014,43.67324753818686,3.9003732470084786,150.16437000982643,38.5,23.975720229674174,False
10,FLANGE_NARROW,RING,18,65.20834235154575,65.20834235154575,360.0,409.71609856876864,0.6005004170141784,599.5,11.371518569073,28.459948699664835,40.42970068008584,3.9003732470084786,150.16437000982643,38.5,1598.045709726314,False
10,FLANGE_NARROW,RADIAL_LINK,18,65.20834235154575,67.79167578990793,5.0,6.35229663435701,0.008340283569641367,599.5,12.69400610765676,31.769790500952773,45.131603509801174,3.9003732470084786,150.16437000982646,38.50000000000001,24.776327849708082,False
10,FLANGE_NARROW,RING,19,67.79167578990793,67.79167578990793,360.0,425.9476612722316,0.6005004170141784,599.5,11.822019580217724,29.587435375120453,42.03138834616349,3.9003732470084786,150.16437000982643,38.5,1661.3548626520414,False
10,FLANGE_NARROW,RADIAL_LINK,19,67.79167578990793,70.3750092282701,5.0,6.558886210250728,0.008340283569641367,599.5,13.106840943484372,32.803008551622156,46.59937483176133,3.9003732470084786,150.1643700098264,38.49999999999999,25.58210430463477,False
10,FLANGE_NARROW,RING,20,70.3750092282701,70.3750092282701,360.0,442.17922397569447,0.6005004170141784,599.5,12.272520591362447,30.71492205057607,43.63307601224113,3.9003732470084786,150.1643700098264,38.49999999999999,1724.6640155777689,False
10,FLANGE_NARROW,RADIAL_LINK,20,70.3750092282701,72.95834266663229,5.0,6.766679592549335,0.008340283569641367,599.5,13.522081385777755,33.84224720861529,48.07569892077493,3.9003732470084786,150.16437000982646,38.50000000000001,26.39257605385766,False
10,FLANGE_NARROW,RING,21,72.95834266663229,72.95834266663229,360.0,458.4107866791575,0.6005004170141784,599.5,12.723021602507174,31.842408726031703,45.2347636783188,3.9003732470084786,150.16437000982643,38.5,1787.9731685034967,False
10,FLANGE_NARROW,RADIAL_LINK,21,72.95834266663229,75.54167610499447,5.0,6.97556917505962,0.008350361203299093,598.7764934078037,13.922689500552554,34.844864961548325,49.5,3.9003732470084786,150.16437000982646,38.50000000000001,27.207323393059546,False
10,FLANGE_NARROW,RING,22,75.54167610499447,75.54167610499447,360.0,474.64234938262047,0.6005004170141784,599.5,13.173522613651897,32.96989540148732,46.836451344396444,3.9003732470084786,150.16437000982643,38.5,1851.282321429224,False
10,FLANGE_NARROW,RADIAL_LINK,22,75.54167610499447,78.12500954335664,5.0,7.1854593314837,0.008601617921593058,581.2859912608136,13.922689500552552,34.84486496154832,49.49999999999999,3.9003732470084786,150.16437000982643,38.5,28.02597334398645,False
10,FLANGE_NARROW,RING,23,78.12500954335664,78.12500954335664,360.0,490.8739120860834,0.6005004170141784,599.5,13.62402362479662,34.09738207694294,48.438139010474096,3.9003732470084786,150.16437000982643,38.5,1914.5914743549517,False
10,FLANGE_NARROW,RADIAL_LINK,23,78.12500954335664,80.70834298171883,5.0,7.396264859661561,0.008853970419254632,564.7183990051011,13.922689500552552,34.84486496154832,49.49999999999999,3.9003732470084786,150.16437000982643,38.5,28.848193586412872,False
10,FLANGE_NARROW,RING,24,80.70834298171883,80.70834298171883,360.0,507.1054747895464,0.6070492280118494,593.0326296255054,13.92268950055255,32.05727576462445,49.49999999999999,3.9003732470084786,138.15122040904032,35.42,1977.9006272806794,True
11,FLANGE_NARROW,RING,1,21.29167389938872,21.29167389938872,360.0,133.7795326098983,0.6005004170141784,599.5,3.713001379612687,25.0,13.201010356765734,3.900373247008474,403.9858450460552,103.57620142018615,521.7901099889451,True
11,FLANGE_NARROW,RADIAL_LINK,1,21.29167389938872,23.8750073377509,5.0,3.249648059912887,0.008340283569641367,599.5,6.493880039725919,25.0,23.088000486807903,3.900373247008474,230.9867122311839,59.221694336137475,12.674840355077217,False
11,FLANGE_NARROW,RING,2,23.8750073377509,23.8750073377509,360.0,150.01109531336127,0.6005004170141784,599.5,4.163502390757412,25.0,14.802698022843387,3.900373247008474,360.2736012184983,92.36900634953913,585.0992629146726,False
11,FLANGE_NARROW,RADIAL_LINK,2,23.8750073377509,26.458340776113076,5.0,3.391075007305256,0.008340283569641367,599.5,6.77649822293167,25.0,24.092806351948358,3.900373247008474,221.35326397991224,56.75181577806349,13.226458237092485,False
11,FLANGE_NARROW,RING,3,26.458340776113076,26.458340776113076,360.0,166.2426580168242,0.6005004170141784,599.5,4.614003401902135,25.0,16.40438568892103,3.900373247008474,325.09728956455064,83.35030238808433,648.4084158404,False
11,FLANGE_NARROW,RADIAL_LINK,3,26.458340776113076,29.041674214475258,5.0,3.541218207844852,0.008340283569641367,599.5,7.0765343853432965,25.0,25.15953918677787,3.900373247008474,211.96816383832663,54.34561012869805,13.812072759697356,False
11,FLANGE_NARROW,RING,4,29.041674214475258,29.041674214475258,360.0,182.47422072028718,0.6005004170141784,599.5,5.064504413046859,25.0,18.006073354998684,3.900373247008474,296.179029114042,75.93607338508096,711.7175687661276,False
11,FLANGE_NARROW,RADIAL_LINK,4,29.041674214475258,31.625007652837432,5.0,3.6990165995918476,0.008340283569641367,599.5,7.391868171517709,25.0,26.280660390767512,3.900373247008474,202.92569688672057,52.02725073616004,14.4275453852883,False
11,FLANGE_NARROW,RING,5,31.625007652837432,31.625007652837432,360.0,198.70578342375012,0.6005004170141784,599.5,5.515005424191584,25.0,19.607761021076332,3.900373247008474,271.9852266001855,69.73312792789612,775.026721691855,False
11,FLANGE_NARROW,RADIAL_LINK,5,31.625007652837432,34.208341091199614,5.0,3.8635323406295163,0.008340283569641367,599.5,7.720625460691317,25.0,27.449506813252743,3.900373247008474,194.28477752703827,49.81184241176192,15.069218180343396,False
11,FLANGE_NARROW,RING,6,34.208341091199614,34.208341091199614,360.0,214.93734612721312,0.6005004170141784,599.5,5.965506435336309,25.0,21.209448687153987,3.900373247008474,251.44554217808613,64.46704616563068,838.3358746175825,False
11,FLANGE_NARROW,RADIAL_LINK,6,34.208341091199614,36.79167452956179,5.0,4.033943601059749,0.008340283569641367,599.5,8.061163962784399,25.0,28.660239542222858,3.900373247008474,186.0773465128585,47.707574308581094,15.733885701514472,False
11,FLANGE_NARROW,RING,7,36.79167452956179,36.79167452956179,360.0,231.16890883067606,0.6005004170141784,599.5,6.416007446481032,25.0,22.811136353231635,3.900373247008474,233.7902523512033,59.940481986055254,901.6450275433099,False
11,FLANGE_NARROW,RADIAL_LINK,7,36.79167452956179,39.37500796792397,5.0,4.2095343493796005,0.008340283569641367,599.5,8.412052808176902,25.0,29.90777133888036,3.900373247008474,178.31557102707808,45.71756591855494,16.418755158683418,False
11,FLANGE_NARROW,RING,8,39.37500796792397,39.37500796792397,360.0,247.40047153413903,0.6005004170141784,599.5,6.866508457625757,25.0,24.41282401930929,3.900373247008474,218.4516351005351,56.007879571034415,964.9541804690374,False
11,FLANGE_NARROW,RADIAL_LINK,8,39.37500796792397,41.958341406286145,5.0,4.389682956730791,0.008340283569641367,599.5,8.772049775200365,25.0,31.187685673460198,3.900373247008474,170.99766171421868,43.841358476492275,17.121401967281834,False
11,FLANGE_NARROW,RING,9,41.958341406286145,41.958341406286145,360.0,263.63203423760194,0.6005004170141784,599.5,7.31700946877048,25.0,26.014511685386932,3.900373247008474,205.0017847321515,52.5595300114892,1028.2633333947647,False
11,FLANGE_NARROW,RADIAL_LINK,9,41.958341406286145,44.54167484464833,5.0,4.573850771374138,0.008340283569641367,599.5,9.14007845812932,25.0,32.496155549503925,3.900373247008474,164.11237681071304,42.076069754756084,17.839725184476762,False
11,FLANGE_NARROW,RING,10,44.54167484464833,44.54167484464833,360.0,279.86359694106494,0.6005004170141784,599.5,7.767510479915205,25.0,27.616199351464587,3.900373247008474,193.11206645663577,49.51117604058784,1091.5724863204923,False
11,FLANGE_NARROW,RADIAL_LINK,10,44.54167484464833,47.1250082830105,5.0,4.761571329055562,0.008340283569641367,599.5,9.515206705896032,25.0,33.82986684599698,3.900373247008474,157.642397728526,40.4172595146978,18.5719054255709,False
11,FLANGE_NARROW,RING,11,47.1250082830105,47.1250082830105,360.0,296.0951596445279,0.6005004170141784,599.5,8.21801149105993,25.0,29.217887017542235,3.900373247008474,182.5259068610204,46.79703589932449,1154.8816392462197,False
11,FLANGE_NARROW,RADIAL_LINK,11,47.1250082830105,49.70834172137268,5.0,4.952440535860089,0.008340283569641367,599.5,9.896627004160411,25.0,35.18594856880904,3.900373247008474,151.5667913289467,38.859560798494364,19.316366573469004,False
11,FLANGE_NARROW,RING,12,49.70834172137268,49.70834172137268,360.0,312.3267223479909,0.6005004170141784,599.5,8.668512502204655,25.0,30.819574683619887,3.900373247008474,173.0400688259383,44.3650024926864,1218.1907921719474,False
11,FLANGE_NARROW,RADIAL_LINK,12,49.70834172137268,52.29167515973486,5.0,5.146107950849645,0.008340283569641367,599.5,10.283639055114541,25.737269668662,36.56191091584473,3.900373247008474,150.16437000982626,38.5,20.071741777711555,False
11,FLANGE_NARROW,RING,13,52.29167515973486,52.29167515973486,360.0,328.5582850514538,0.6005004170141784,599.5,9.119013513349378,25.0,32.421262349697535,3.900373247008474,164.4914768252225,42.17326558461678,1281.4999450976748,False
11,FLANGE_NARROW,RADIAL_LINK,13,52.29167515973486,54.87500859809704,5.0,5.342269170890103,0.008340283569641367,599.5,10.675634559828723,26.718332302196817,37.95559117299489,3.900373247008474,150.16437000982626,38.5,20.8368437524579,False
11,FLANGE_NARROW,RING,14,54.87500859809704,54.87500859809704,360.0,344.78984775491676,0.6005004170141784,599.5,9.569514524494101,25.0,34.02295001577518,3.900373247008474,156.74776355274915,40.187888088139324,1344.8090980234022,False
11,FLANGE_NARROW,RADIAL_LINK,14,54.87500859809704,57.458342036459214,5.0,5.5406592514309825,0.008340283569641367,599.5,11.072084070776247,27.7105421530658,39.36510697029279,3.900373247008474,150.16437000982629,38.50000000000001,21.610639115071404,False
11,FLANGE_NARROW,RING,15,57.458342036459214,57.458342036459214,360.0,361.0214104583797,0.6005004170141784,599.5,10.020015535638827,25.07748867329794,35.62463768185283,3.900373247008474,150.16437000982629,38.50000000000001,1408.1182509491296,False
11,FLANGE_NARROW,RADIAL_LINK,15,57.458342036459214,60.041675474821396,5.0,5.741047064090099,0.008340283569641367,599.5,11.472525716406714,28.712743277095747,40.78881619385348,3.900373247008474,150.16437000982626,38.5,22.392226378593566,False
11,FLANGE_NARROW,RING,16,60.041675474821396,60.041675474821396,360.0,377.2529731618427,0.6005004170141784,599.5,10.470516546783552,26.204975348753564,37.22632534793049,3.900373247008474,150.16437000982629,38.50000000000001,1471.4274038748572,False
11,FLANGE_NARROW,RADIAL_LINK,16,60.041675474821396,62.62500891318357,5.0,5.943230480618439,0.008340283569641367,599.5,11.876555577102515,29.723924768704798,42.22528276905422,3.900373247008474,150.16437000982626,38.5,23.180817167409476,False
11,FLANGE_NARROW,RING,17,62.62500891318357,62.62500891318357,360.0,393.48453586530565,0.6005004170141784,599.5,10.921017557928275,27.33246202420918,38.82801301400814,3.900373247008474,150.16437000982626,38.5,1534.7365568005846,False
11,FLANGE_NARROW,RADIAL_LINK,17,62.62500891318357,65.20834235154575,5.0,6.1470322739145935,0.008340283569641367,599.5,12.28381949403933,30.74320026061398,43.673247538186814,3.900373247008474,150.16437000982626,38.5,23.97572022967415,False
11,FLANGE_NARROW,RING,18,65.20834235154575,65.20834235154575,360.0,409.71609856876864,0.6005004170141784,599.5,11.371518569073,28.459948699664803,40.429700680085794,3.900373247008474,150.16437000982629,38.50000000000001,1598.0457097263122,False
11,FLANGE_NARROW,RADIAL_LINK,18,65.20834235154575,67.79167578990793,5.0,6.35229663435701,0.008340283569641367,599.5,12.69400610765676,31.769790500952737,45.131603509801124,3.900373247008474,150.16437000982626,38.5,24.776327849708053,False
11,FLANGE_NARROW,RING,19,67.79167578990793,67.79167578990793,360.0,425.9476612722316,0.6005004170141784,599.5,11.822019580217724,29.58743537512042,42.03138834616344,3.900373247008474,150.16437000982626,38.5,1661.3548626520396,False
11,FLANGE_NARROW,RADIAL_LINK,19,67.79167578990793,70.3750092282701,5.0,6.558886210250728,0.008340283569641367,599.5,13.106840943484372,32.80300855162213,46.59937483176128,3.900373247008474,150.16437000982626,38.5,25.58210430463474,False
11,FLANGE_NARROW,RING,20,70.3750092282701,70.3750092282701,360.0,442.17922397569447,0.6005004170141784,599.5,12.272520591362447,30.714922050576043,43.63307601224109,3.900373247008474,150.16437000982629,38.50000000000001,1724.6640155777668,False
11,FLANGE_NARROW,RADIAL_LINK,20,70.3750092282701,72.95834266663229,5.0,6.766679592549335,0.008340283569641367,599.5,13.522081385777755,33.842247208615255,48.075698920774876,3.900373247008474,150.16437000982629,38.50000000000001,26.392576053857628,False
11,FLANGE_NARROW,RING,21,72.95834266663229,72.95834266663229,360.0,458.4107866791575,0.6005004170141784,599.5,12.723021602507174,31.842408726031667,45.23476367831875,3.900373247008474,150.16437000982626,38.5,1787.9731685034947,False
11,FLANGE_NARROW,RADIAL_LINK,21,72.95834266663229,75.54167610499447,5.0,6.97556917505962,0.008350361203299083,598.7764934078045,13.922689500552568,34.844864961548325,49.49999999999999,3.900373247008474,150.1643700098263,38.500000000000014,27.207323393059514,False
11,FLANGE_NARROW,RING,22,75.54167610499447,75.54167610499447,360.0,474.64234938262047,0.6005004170141784,599.5,13.173522613651897,32.969895401487285,46.836451344396394,3.900373247008474,150.16437000982626,38.5,1851.282321429222,False
11,FLANGE_NARROW,RADIAL_LINK,22,75.54167610499447,78.12500954335664,5.0,7.1854593314837,0.008601617921593049,581.2859912608142,13.922689500552567,34.84486496154832,49.49999999999999,3.900373247008474,150.16437000982629,38.50000000000001,28.02597334398642,False
11,FLANGE_NARROW,RING,23,78.12500954335664,78.12500954335664,360.0,490.8739120860834,0.6005004170141784,599.5,13.62402362479662,34.0973820769429,48.43813901047404,3.900373247008474,150.16437000982626,38.5,1914.5914743549495,False
11,FLANGE_NARROW,RADIAL_LINK,23,78.12500954335664,80.70834298171883,5.0,7.396264859661561,0.008853970419254622,564.7183990051018,13.922689500552568,34.844864961548325,49.49999999999999,3.900373247008474,150.1643700098263,38.500000000000014,28.84819358641284,False
11,FLANGE_NARROW,RING,24,80.70834298171883,80.70834298171883,360.0,507.1054747895464,0.6070492280118487,593.032629625506,13.922689500552568,32.05727576462446,49.49999999999999,3.900373247008474,138.15122040904018,35.42000000000001,1977.900627280677,True
12,FLANGE_NARROW,RING,1,21.29167389938872,21.29167389938872,360.0,133.7795326098983,0.6005004170141784,599.5,3.713001379612687,25.0,13.201010356765748,3.9003732470084786,403.9858450460552,103.57620142018604,521.7901099889457,True
12,FLANGE_NARROW,RADIAL_LINK,1,21.29167389938872,23.8750073377509,5.0,3.249648059912887,0.008340283569641367,599.5,6.493880039725919,25.0,23.08800048680793,3.9003732470084786,230.9867122311839,59.22169433613741,12.674840355077231,False
12,FLANGE_NARROW,RING,2,23.8750073377509,23.8750073377509,360.0,150.01109531336127,0.6005004170141784,599.5,4.163502390757412,25.0,14.802698022843403,3.9003732470084786,360.2736012184983,92.36900634953902,585.0992629146732,False
12,FLANGE_NARROW,RADIAL_LINK,2,23.8750073377509,26.458340776113076,5.0,3.391075007305256,0.008340283569641367,599.5,6.77649822293167,25.0,24.092806351948386,3.9003732470084786,221.35326397991224,56.751815778063424,13.226458237092501,False
12,FLANGE_NARROW,RING,3,26.458340776113076,26.458340776113076,360.0,166.2426580168242,0.6005004170141784,599.5,4.614003401902135,25.0,16.404385688921053,3.9003732470084786,325.09728956455064,83.35030238808423,648.4084158404007,False
12,FLANGE_NARROW,RADIAL_LINK,3,26.458340776113076,29.041674214475258,5.0,3.541218207844852,0.008340283569641367,599.5,7.0765343853432965,25.0,25.1595391867779,3.9003732470084786,211.96816383832663,54.345610128697984,13.812072759697372,False
12,FLANGE_NARROW,RING,4,29.041674214475258,29.041674214475258,360.0,182.47422072028718,0.6005004170141784,599.5,5.064504413046859,25.0,18.0060733549987,3.9003732470084786,296.179029114042,75.93607338508087,711.7175687661284,False
12,FLANGE_NARROW,RADIAL_LINK,4,29.041674214475258,31.625007652837432,5.0,3.6990165995918476,0.008340283569641367,599.5,7.391868171517709,25.0,26.28066039076754,3.9003732470084786,202.92569688672057,52.027250736159985,14.427545385288315,False
12,FLANGE_NARROW,RING,5,31.625007652837432,31.625007652837432,360.0,198.70578342375012,0.6005004170141784,599.5,5.515005424191584,25.0,19.607761021076357,3.9003732470084786,271.9852266001855,69.73312792789605,775.0267216918558,False
12,FLANGE_NARROW,RADIAL_LINK,5,31.625007652837432,34.208341091199614,5.0,3.8635323406295163,0.008340283569641367,599.5,7.720625460691317,25.0,27.449506813252775,3.9003732470084786,194.28477752703827,49.811842411761866,15.069218180343414,False
12,FLANGE_NARROW,RING,6,34.208341091199614,34.208341091199614,360.0,214.93734612721312,0.6005004170141784,599.5,5.965506435336309,25.0,21.209448687154012,3.9003732470084786,251.44554217808613,64.4670461656306,838.3358746175835,False
12,FLANGE_NARROW,RADIAL_LINK,6,34.208341091199614,36.79167452956179,5.0,4.033943601059749,0.008340283569641367,599.5,8.061163962784399,25.0,28.66023954222289,3.9003732470084786,186.0773465128585,47.70757430858104,15.73388570151449,False
12,FLANGE_NARROW,RING,7,36.79167452956179,36.79167452956179,360.0,231.16890883067606,0.6005004170141784,599.5,6.416007446481032,25.0,22.81113635323166,3.9003732470084786,233.7902523512033,59.94048198605519,901.6450275433109,False
12,FLANGE_NARROW,RADIAL_LINK,7,36.79167452956179,39.37500796792397,5.0,4.2095343493796005,0.008340283569641367,599.5,8.412052808176902,25.0,29.907771338880398,3.9003732470084786,178.31557102707808,45.71756591855488,16.418755158683435,False
12,FLANGE_NARROW,RING,8,39.37500796792397,39.37500796792397,360.0,247.40047153413903,0.6005004170141784,599.5,6.866508457625757,25.0,24.412824019309316,3.9003732470084786,218.4516351005351,56.00787957103435,964.9541804690385,False
12,FLANGE_NARROW,RADIAL_LINK,8,39.37500796792397,41.958341406286145,5.0,4.389682956730791,0.008340283569641367,599.5,8.772049775200365,25.0,31.18768567346023,3.9003732470084786,170.99766171421868,43.841358476492225,17.121401967281855,False
12,FLANGE_NARROW,RING,9,41.958341406286145,41.958341406286145,360.0,263.63203423760194,0.6005004170141784,599.5,7.31700946877048,25.0,26.01451168538696,3.9003732470084786,205.0017847321515,52.559530011489144,1028.2633333947658,False
12,FLANGE_NARROW,RADIAL_LINK,9,41.958341406286145,44.54167484464833,5.0,4.573850771374138,0.008340283569641367,599.5,9.14007845812932,25.0,32.49615554950396,3.9003732470084786,164.11237681071304,42.076069754756034,17.83972518447678,False
12,FLANGE_NARROW,RING,10,44.54167484464833,44.54167484464833,360.0,279.86359694106494,0.6005004170141784,599.5,7.767510479915205,25.0,27.61619935146462,3.9003732470084786,193.11206645663577,49.511176040587785,1091.5724863204937,False
12,FLANGE_NARROW,RADIAL_LINK,10,44.54167484464833,47.1250082830105,5.0,4.761571329055562,0.008340283569641367,599.5,9.515206705896032,25.0,33.82986684599702,3.9003732470084786,157.642397728526,40.41725951469775,18.57190542557092,False
12,FLANGE_NARROW,RING,11,47.1250082830105,47.1250082830105,360.0,296.0951596445279,0.6005004170141784,599.5,8.21801149105993,25.0,29.217887017542267,3.9003732470084786,182.5259068610204,46.797035899324435,1154.881639246221,False
12,FLANGE_NARROW,RADIAL_LINK,11,47.1250082830105,49.70834172137268,5.0,4.952440535860089,0.008340283569641367,599.5,9.896627004160411,25.0,35.18594856880909,3.9003732470084786,151.5667913289467,38.85956079849432,19.316366573469026,False
12,FLANGE_NARROW,RING,12,49.70834172137268,49.70834172137268,360.0,312.3267223479909,0.6005004170141784,599.5,8.668512502204655,25.0,30.819574683619926,3.9003732470084786,173.0400688259383,44.36500249268635,1218.1907921719487,False
12,FLANGE_NARROW,RADIAL_LINK,12,49.70834172137268,52.29167515973486,5.0,5.146107950849645,0.008340283569641367,599.5,10.283639055114541,25.737269668662034,36.56191091584478,3.9003732470084786,150.16437000982646,38.50000000000001,20.07174177771158,False
12,FLANGE_NARROW,RING,13,52.29167515973486,52.29167515973486,360.0,328.5582850514538,0.6005004170141784,599.5,9.119013513349378,25.0,32.42126234969757,3.9003732470084786,164.4914768252225,42.173265584616736,1281.4999450976763,False
12,FLANGE_NARROW,RADIAL_LINK,13,52.29167515973486,54.87500859809704,5.0,5.342269170890103,0.008340283569641367,599.5,10.675634559828723,26.71833230219685,37.955591172994936,3.9003732470084786,150.16437000982643,38.5,20.836843752457924,False
12,FLANGE_NARROW,RING,14,54.87500859809704,54.87500859809704,360.0,344.78984775491676,0.6005004170141784,599.5,9.569514524494101,25.0,34.02295001577522,3.9003732470084786,156.74776355274915,40.187888088139275,1344.8090980234037,False
12,FLANGE_NARROW,RADIAL_LINK,14,54.87500859809704,57.458342036459214,5.0,5.5406592514309825,0.008340283569641367,599.5,11.072084070776247,27.71054215306583,39.36510697029284,3.9003732470084786,150.16437000982646,38.50000000000001,21.61063911507143,False
12,FLANGE_NARROW,RING,15,57.458342036459214,57.458342036459214,360.0,361.0214104583797,0.6005004170141784,599.5,10.020015535638827,25.07748867329796,35.62463768185288,3.9003732470084786,150.1643700098264,38.49999999999999,1408.1182509491312,False
12,FLANGE_NARROW,RADIAL_LINK,15,57.458342036459214,60.041675474821396,5.0,5.741047064090099,0.008340283569641367,599.5,11.472525716406714,28.71274327709578,40.78881619385352,3.9003732470084786,150.1643700098264,38.49999999999999,22.39222637859359,False
12,FLANGE_NARROW,RING,16,60.041675474821396,60.041675474821396,360.0,377.2529731618427,0.6005004170141784,599.5,10.470516546783552,26.20497534875359,37.22632534793053,3.9003732470084786,150.16437000982643,38.5,1471.4274038748588,False
12,FLANGE_NARROW,RADIAL_LINK,16,60.041675474821396,62.62500891318357,5.0,5.943230480618439,0.008340283569641367,599.5,11.876555577102515,29.723924768704826,42.22528276905427,3.9003732470084786,150.16437000982643,38.5,23.1808171674095,False
12,FLANGE_NARROW,RING,17,62.62500891318357,62.62500891318357,360.0,393.48453586530565,0.6005004170141784,599.5,10.921017557928275,27.33246202420921,38.82801301400818,3.9003732470084786,150.16437000982643,38.5,1534.7365568005864,False
12,FLANGE_NARROW,RADIAL_LINK,17,62.62500891318357,65.20834235154575,5.0,6.1470322739145935,0.008340283569641367,599.5,12.28381949403933,30.743200260614014,43.67324753818686,3.9003732470084786,150.16437000982643,38.5,23.975720229674174,False
12,FLANGE_NARROW,RING,18,65.20834235154575,65.20834235154575,360.0,409.71609856876864,0.6005004170141784,599.5,11.371518569073,28.459948699664835,40.42970068008584,3.9003732470084786,150.16437000982643,38.5,1598.045709726314,False
12,FLANGE_NARROW,RADIAL_LINK,18,65.20834235154575,67.79167578990793,5.0,6.35229663435701,0.008340283569641367,599.5,12.69400610765676,31.769790500952773,45.131603509801174,3.9003732470084786,150.16437000982646,38.50000000000001,24.776327849708082,False
12,FLANGE_NARROW,RING,19,67.79167578990793,67.79167578990793,360.0,425.9476612722316,0.6005004170141784,599.5,11.822019580217724,29.587435375120453,42.03138834616349,3.9003732470084786,150.16437000982643,38.5,1661.3548626520414,False
12,FLANGE_NARROW,RADIAL_LINK,19,67.79167578990793,70.3750092282701,5.0,6.558886210250728,0.008340283569641367,599.5,13.106840943484372,32.803008551622156,46.59937483176133,3.9003732470084786,150.1643700098264,38.49999999999999,25.58210430463477,False
12,FLANGE_NARROW,RING,20,70.3750092282701,70.3750092282701,360.0,442.17922397569447,0.6005004170141784,599.5,12.272520591362447,30.71492205057607,43.63307601224113,3.9003732470084786,150.1643700098264,38.49999999999999,1724.6640155777689,False
12,FLANGE_NARROW,RADIAL_LINK,20,70.3750092282701,72.95834266663229,5.0,6.766679592549335,0.008340283569641367,599.5,13.522081385777755,33.84224720861529,48.07569892077493,3.9003732470084786,150.16437000982646,38.50000000000001,26.39257605385766,False
12,FLANGE_NARROW,RING,21,72.95834266663229,72.95834266663229,360.0,458.4107866791575,0.6005004170141784,599.5,12.723021602507174,31.842408726031703,45.2347636783188,3.9003732470084786,150.16437000982643,38.5,1787.9731685034967,False
12,FLANGE_NARROW,RADIAL_LINK,21,72.95834266663229,75.54167610499447,5.0,6.97556917505962,0.008350361203299093,598.7764934078037,13.922689500552554,34.844864961548325,49.5,3.9003732470084786,150.16437000982646,38.50000000000001,27.207323393059546,False
12,FLANGE_NARROW,RING,22,75.54167610499447,75.54167610499447,360.0,474.64234938262047,0.6005004170141784,599.5,13.173522613651897,32.96989540148732,46.836451344396444,3.9003732470084786,150.16437000982643,38.5,1851.282321429224,False
12,FLANGE_NARROW,RADIAL_LINK,22,75.54167610499447,78.12500954335664,5.0,7.1854593314837,0.008601617921593058,581.2859912608136,13.922689500552552,34.84486496154832,49.49999999999999,3.9003732470084786,150.16437000982643,38.5,28.02597334398645,False
12,FLANGE_NARROW,RING,23,78.12500954335664,78.12500954335664,360.0,490.8739120860834,0.6005004170141784,599.5,13.62402362479662,34.09738207694294,48.438139010474096,3.9003732470084786,150.16437000982643,38.5,1914.5914743549517,False
12,FLANGE_NARROW,RADIAL_LINK,23,78.12500954335664,80.70834298171883,5.0,7.396264859661561,0.008853970419254632,564.7183990051011,13.922689500552552,34.84486496154832,49.49999999999999,3.9003732470084786,150.16437000982643,38.5,28.848193586412872,False
12,FLANGE_NARROW,RING,24,80.70834298171883,80.70834298171883,360.0,507.1054747895464,0.6070492280118494,593.0326296255054,13.92268950055255,32.05727576462445,49.49999999999999,3.9003732470084786,138.15122040904032,35.42,1977.9006272806794,True
13,FLANGE_NARROW,RING,1,21.29167389938872,21.29167389938872,360.0,133.7795326098983,0.6005004170141784,599.5,3.713001379612687,25.0,13.201010356765748,3.9003732470084786,403.9858450460552,103.57620142018604,521.7901099889457,True
13,FLANGE_NARROW,RADIAL_LINK,1,21.29167389938872,23.8750073377509,5.0,3.249648059912887,0.008340283569641367,599.5,6.493880039725919,25.0,23.08800048680793,3.9003732470084786,230.9867122311839,59.22169433613741,12.674840355077231,False
13,FLANGE_NARROW,RING,2,23.8750073377509,23.8750073377509,360.0,150.01109531336127,0.6005004170141784,599.5,4.163502390757412,25.0,14.802698022843403,3.9003732470084786,360.2736012184983,92.36900634953902,585.0992629146732,False
13,FLANGE_NARROW,RADIAL_LINK,2,23.8750073377509,26.458340776113076,5.0,3.391075007305256,0.008340283569641367,599.5,6.77649822293167,25.0,24.092806351948386,3.9003732470084786,221.35326397991224,56.751815778063424,13.226458237092501,False
13,FLANGE_NARROW,RING,3,26.458340776113076,26.458340776113076,360.0,166.2426580168242,0.6005004170141784,599.5,4.614003401902135,25.0,16.404385688921053,3.9003732470084786,325.09728956455064,83.35030238808423,648.4084158404007,False
13,FLANGE_NARROW,RADIAL_LINK,3,26.458340776113076,29.041674214475258,5.0,3.541218207844852,0.008340283569641367,599.5,7.0765343853432965,25.0,25.1595391867779,3.9003732470084786,211.96816383832663,54.345610128697984,13.812072759697372,False
13,FLANGE_NARROW,RING,4,29.041674214475258,29.041674214475258,360.0,182.47422072028718,0.6005004170141784,599.5,5.064504413046859,25.0,18.0060733549987,3.9003732470084786,296.179029114042,75.93607338508087,711.7175687661284,False
13,FLANGE_NARROW,RADIAL_LINK,4,29.041674214475258,31.625007652837432,5.0,3.6990165995918476,0.008340283569641367,599.5,7.391868171517709,25.0,26.28066039076754,3.9003732470084786,202.92569688672057,52.027250736159985,14.427545385288315,False
13,FLANGE_NARROW,RING,5,31.625007652837432,31.625007652837432,360.0,198.70578342375012,0.6005004170141784,599.5,5.515005424191584,25.0,19.607761021076357,3.9003732470084786,271.9852266001855,69.73312792789605,775.0267216918558,False
13,FLANGE_NARROW,RADIAL_LINK,5,31.625007652837432,34.208341091199614,5.0,3.8635323406295163,0.008340283569641367,599.5,7.720625460691317,25.0,27.449506813252775,3.9003732470084786,194.28477752703827,49.811842411761866,15.069218180343414,False
13,FLANGE_NARROW,RING,6,34.208341091199614,34.208341091199614,360.0,214.93734612721312,0.6005004170141784,599.5,5.965506435336309,25.0,21.209448687154012,3.9003732470084786,251.44554217808613,64.4670461656306,838.3358746175835,False
13,FLANGE_NARROW,RADIAL_LINK,6,34.208341091199614,36.79167452956179,5.0,4.033943601059749,0.008340283569641367,599.5,8.061163962784399,25.0,28.66023954222289,3.9003732470084786,186.0773465128585,47.70757430858104,15.73388570151449,False
13,FLANGE_NARROW,RING,7,36.79167452956179,36.79167452956179,360.0,231.16890883067606,0.6005004170141784,599.5,6.416007446481032,25.0,22.81113635323166,3.9003732470084786,233.7902523512033,59.94048198605519,901.6450275433109,False
13,FLANGE_NARROW,RADIAL_LINK,7,36.79167452956179,39.37500796792397,5.0,4.2095343493796005,0.008340283569641367,599.5,8.412052808176902,25.0,29.907771338880398,3.9003732470084786,178.31557102707808,45.71756591855488,16.418755158683435,False
13,FLANGE_NARROW,RING,8,39.37500796792397,39.37500796792397,360.0,247.40047153413903,0.6005004170141784,599.5,6.866508457625757,25.0,24.412824019309316,3.9003732470084786,218.4516351005351,56.00787957103435,964.9541804690385,False
13,FLANGE_NARROW,RADIAL_LINK,8,39.37500796792397,41.958341406286145,5.0,4.389682956730791,0.008340283569641367,599.5,8.772049775200365,25.0,31.18768567346023,3.9003732470084786,170.99766171421868,43.841358476492225,17.121401967281855,False
13,FLANGE_NARROW,RING,9,41.958341406286145,41.958341406286145,360.0,263.63203423760194,0.6005004170141784,599.5,7.31700946877048,25.0,26.01451168538696,3.9003732470084786,205.0017847321515,52.559530011489144,1028.2633333947658,False
13,FLANGE_NARROW,RADIAL_LINK,9,41.958341406286145,44.54167484464833,5.0,4.573850771374138,0.008340283569641367,599.5,9.14007845812932,25.0,32.49615554950396,3.9003732470084786,164.11237681071304,42.076069754756034,17.83972518447678,False
13,FLANGE_NARROW,RING,10,44.54167484464833,44.54167484464833,360.0,279.86359694106494,0.6005004170141784,599.5,7.767510479915205,25.0,27.61619935146462,3.9003732470084786,193.11206645663577,49.511176040587785,1091.5724863204937,False
13,FLANGE_NARROW,RADIAL_LINK,10,44.54167484464833,47.1250082830105,5.0,4.761571329055562,0.008340283569641367,599.5,9.515206705896032,25.0,33.82986684599702,3.9003732470084786,157.642397728526,40.41725951469775,18.57190542557092,False
13,FLANGE_NARROW,RING,11,47.1250082830105,47.1250082830105,360.0,296.0951596445279,0.6005004170141784,599.5,8.21801149105993,25.0,29.217887017542267,3.9003732470084786,182.5259068610204,46.797035899324435,1154.881639246221,False
13,FLANGE_NARROW,RADIAL_LINK,11,47.1250082830105,49.70834172137268,5.0,4.952440535860089,0.008340283569641367,599.5,9.896627004160411,25.0,35.18594856880909,3.9003732470084786,151.5667913289467,38.85956079849432,19.316366573469026,False
13,FLANGE_NARROW,RING,12,49.70834172137268,49.70834172137268,360.0,312.3267223479909,0.6005004170141784,599.5,8.668512502204655,25.0,30.819574683619926,3.9003732470084786,173.0400688259383,44.36500249268635,1218.1907921719487,False
13,FLANGE_NARROW,RADIAL_LINK,12,49.70834172137268,52.29167515973486,5.0,5.146107950849645,0.008340283569641367,599.5,10.283639055114541,25.737269668662034,36.56191091584478,3.9003732470084786,150.16437000982646,38.50000000000001,20.07174177771158,False
13,FLANGE_NARROW,RING,13,52.29167515973486,52.29167515973486,360.0,328.5582850514538,0.6005004170141784,599.5,9.119013513349378,25.0,32.42126234969757,3.9003732470084786,164.4914768252225,42.173265584616736,1281.4999450976763,False
13,FLANGE_NARROW,RADIAL_LINK,13,52.29167515973486,54.87500859809704,5.0,5.342269170890103,0.008340283569641367,599.5,10.675634559828723,26.71833230219685,37.955591172994936,3.9003732470084786,150.16437000982643,38.5,20.836843752457924,False
13,FLANGE_NARROW,RING,14,54.87500859809704,54.87500859809704,360.0,344.78984775491676,0.6005004170141784,599.5,9.569514524494101,25.0,34.02295001577522,3.9003732470084786,156.74776355274915,40.187888088139275,1344.8090980234037,False
13,FLANGE_NARROW,RADIAL_LINK,14,54.87500859809704,57.458342036459214,5.0,5.5406592514309825,0.008340283569641367,599.5,11.072084070776247,27.71054215306583,39.36510697029284,3.9003732470084786,150.16437000982646,38.50000000000001,21.61063911507143,False
13,FLANGE_NARROW,RING,15,57.458342036459214,57.458342036459214,360.0,361.0214104583797,0.6005004170141784,599.5,10.020015535638827,25.07748867329796,35.62463768185288,3.9003732470084786,150.1643700098264,38.49999999999999,1408.1182509491312,False
13,FLANGE_NARROW,RADIAL_LINK,15,57.458342036459214,60.041675474821396,5.0,5.741047064090099,0.008340283569641367,599.5,11.472525716406714,28.71274327709578,40.78881619385352,3.9003732470084786,150.1643700098264,38.49999999999999,22.39222637859359,False
13,FLANGE_NARROW,RING,16,60.041675474821396,60.041675474821396,360.0,377.2529731618427,0.6005004170141784,599.5,10.470516546783552,26.20497534875359,37.22632534793053,3.9003732470084786,150.16437000982643,38.5,1471.4274038748588,False
13,FLANGE_NARROW,RADIAL_LINK,16,60.041675474821396,62.62500891318357,5.0,5.943230480618439,0.008340283569641367,599.5,11.876555577102515,29.723924768704826,42.22528276905427,3.9003732470084786,150.16437000982643,38.5,23.1808171674095,False
13,FLANGE_NARROW,RING,17,62.62500891318357,62.62500891318357,360.0,393.48453586530565,0.6005004170141784,599.5,10.921017557928275,27.33246202420921,38.82801301400818,3.9003732470084786,150.16437000982643,38.5,1534.7365568005864,False
13,FLANGE_NARROW,RADIAL_LINK,17,62.62500891318357,65.20834235154575,5.0,6.1470322739145935,0.008340283569641367,599.5,12.28381949403933,30.743200260614014,43.67324753818686,3.9003732470084786,150.16437000982643,38.5,23.975720229674174,False
13,FLANGE_NARROW,RING,18,65.20834235154575,65.20834235154575,360.0,409.71609856876864,0.6005004170141784,599.5,11.371518569073,28.459948699664835,40.42970068008584,3.9003732470084786,150.16437000982643,38.5,1598.045709726314,False
13,FLANGE_NARROW,RADIAL_LINK,18,65.20834235154575,67.79167578990793,5.0,6.35229663435701,0.008340283569641367,599.5,12.69400610765676,31.769790500952773,45.131603509801174,3.9003732470084786,150.16437000982646,38.50000000000001,24.776327849708082,False
13,FLANGE_NARROW,RING,19,67.79167578990793,67.79167578990793,360.0,425.9476612722316,0.6005004170141784,599.5,11.822019580217724,29.587435375120453,42.03138834616349,3.9003732470084786,150.16437000982643,38.5,1661.3548626520414,False
13,FLANGE_NARROW,RADIAL_LINK,19,67.79167578990793,70.3750092282701,5.0,6.558886210250728,0.008340283569641367,599.5,13.106840943484372,32.803008551622156,46.59937483176133,3.9003732470084786,150.1643700098264,38.49999999999999,25.58210430463477,False
13,FLANGE_NARROW,RING,20,70.3750092282701,70.3750092282701,360.0,442.17922397569447,0.6005004170141784,599.5,12.272520591362447,30.71492205057607,43.63307601224113,3.9003732470084786,150.1643700098264,38.49999999999999,1724.6640155777689,False
13,FLANGE_NARROW,RADIAL_LINK,20,70.3750092282701,72.95834266663229,5.0,6.766679592549335,0.008340283569641367,599.5,13.522081385777755,33.84224720861529,48.07569892077493,3.9003732470084786,150.16437000982646,38.50000000000001,26.39257605385766,False
13,FLANGE_NARROW,RING,21,72.95834266663229,72.95834266663229,360.0,458.4107866791575,0.6005004170141784,599.5,12.723021602507174,31.842408726031703,45.2347636783188,3.9003732470084786,150.16437000982643,38.5,1787.9731685034967,False
13,FLANGE_NARROW,RADIAL_LINK,21,72.95834266663229,75.54167610499447,5.0,6.97556917505962,0.008350361203299093,598.7764934078037,13.922689500552554,34.844864961548325,49.5,3.9003732470084786,150.16437000982646,38.50000000000001,27.207323393059546,False
13,FLANGE_NARROW,RING,22,75.54167610499447,75.54167610499447,360.0,474.64234938262047,0.6005004170141784,599.5,13.173522613651897,32.96989540148732,46.836451344396444,3.9003732470084786,150.16437000982643,38.5,1851.282321429224,False
13,FLANGE_NARROW,RADIAL_LINK,22,75.54167610499447,78.12500954335664,5.0,7.1854593314837,0.008601617921593058,581.2859912608136,13.922689500552552,34.84486496154832,49.49999999999999,3.9003732470084786,150.16437000982643,38.5,28.02597334398645,False
13,FLANGE_NARROW,RING,23,78.12500954335664,78.12500954335664,360.0,490.8739120860834,0.6005004170141784,599.5,13.62402362479662,34.09738207694294,48.438139010474096,3.9003732470084786,150.16437000982643,38.5,1914.5914743549517,False
13,FLANGE_NARROW,RADIAL_LINK,23,78.12500954335664,80.70834298171883,5.0,7.396264859661561,0.008853970419254632,564.7183990051011,13.922689500552552,34.84486496154832,49.49999999999999,3.9003732470084786,150.16437000982643,38.5,28.848193586412872,False
13,FLANGE_NARROW,RING,24,80.70834298171883,80.70834298171883,360.0,507.1054747895464,0.6070492280118494,593.0326296255054,13.92268950055255,32.05727576462445,49.49999999999999,3.9003732470084786,138.15122040904032,35.42,1977.9006272806794,True
14,FLANGE_NARROW,RING,1,21.29167389938872,21.29167389938872,360.0,133.7795326098983,0.6005004170141784,599.5,3.713001379612687,25.0,13.201010356765748,3.9003732470084786,403.9858450460552,103.57620142018604,521.7901099889457,True
14,FLANGE_NARROW,RADIAL_LINK,1,21.29167389938872,23.8750073377509,5.0,3.249648059912887,0.008340283569641367,599.5,6.493880039725919,25.0,23.08800048680793,3.9003732470084786,230.9867122311839,59.22169433613741,12.674840355077231,False
14,FLANGE_NARROW,RING,2,23.8750073377509,23.8750073377509,360.0,150.01109531336127,0.6005004170141784,599.5,4.163502390757412,25.0,14.802698022843403,3.9003732470084786,360.2736012184983,92.36900634953902,585.0992629146732,False
14,FLANGE_NARROW,RADIAL_LINK,2,23.8750073377509,26.458340776113076,5.0,3.391075007305256,0.008340283569641367,599.5,6.77649822293167,25.0,24.092806351948386,3.9003732470084786,221.35326397991224,56.751815778063424,13.226458237092501,False
14,FLANGE_NARROW,RING,3,26.458340776113076,26.458340776113076,360.0,166.2426580168242,0.6005004170141784,599.5,4.614003401902135,25.0,16.404385688921053,3.9003732470084786,325.09728956455064,83.35030238808423,648.4084158404007,False
14,FLANGE_NARROW,RADIAL_LINK,3,26.458340776113076,29.041674214475258,5.0,3.541218207844852,0.008340283569641367,599.5,7.0765343853432965,25.0,25.1595391867779,3.9003732470084786,211.96816383832663,54.345610128697984,13.812072759697372,False
14,FLANGE_NARROW,RING,4,29.041674214475258,29.041674214475258,360.0,182.47422072028718,0.6005004170141784,599.5,5.064504413046859,25.0,18.0060733549987,3.9003732470084786,296.179029114042,75.93607338508087,711.7175687661284,False
14,FLANGE_NARROW,RADIAL_LINK,4,29.041674214475258,31.625007652837432,5.0,3.6990165995918476,0.008340283569641367,599.5,7.391868171517709,25.0,26.28066039076754,3.9003732470084786,202.92569688672057,52.027250736159985,14.427545385288315,False
14,FLANGE_NARROW,RING,5,31.625007652837432,31.625007652837432,360.0,198.70578342375012,0.6005004170141784,599.5,5.515005424191584,25.0,19.607761021076357,3.9003732470084786,271.9852266001855,69.73312792789605,775.0267216918558,False
14,FLANGE_NARROW,RADIAL_LINK,5,31.625007652837432,34.208341091199614,5.0,3.8635323406295163,0.008340283569641367,599.5,7.720625460691317,25.0,27.449506813252775,3.9003732470084786,194.28477752703827,49.811842411761866,15.069218180343414,False
14,FLANGE_NARROW,RING,6,34.208341091199614,34.208341091199614,360.0,214.93734612721312,0.6005004170141784,599.5,5.965506435336309,25.0,21.209448687154012,3.9003732470084786,251.44554217808613,64.4670461656306,838.3358746175835,False
14,FLANGE_NARROW,RADIAL_LINK,6,34.208341091199614,36.79167452956179,5.0,4.033943601059749,0.008340283569641367,599.5,8.061163962784399,25.0,28.66023954222289,3.9003732470084786,186.0773465128585,47.70757430858104,15.73388570151449,False
14,FLANGE_NARROW,RING,7,36.79167452956179,36.79167452956179,360.0,231.16890883067606,0.6005004170141784,599.5,6.416007446481032,25.0,22.81113635323166,3.9003732470084786,233.7902523512033,59.94048198605519,901.6450275433109,False
14,FLANGE_NARROW,RADIAL_LINK,7,36.79167452956179,39.37500796792397,5.0,4.2095343493796005,0.008340283569641367,599.5,8.412052808176902,25.0,29.907771338880398,3.9003732470084786,178.31557102707808,45.71756591855488,16.418755158683435,False
14,FLANGE_NARROW,RING,8,39.37500796792397,39.37500796792397,360.0,247.40047153413903,0.6005004170141784,599.5,6.866508457625757,25.0,24.412824019309316,3.9003732470084786,218.4516351005351,56.00787957103435,964.9541804690385,False
14,FLANGE_NARROW,RADIAL_LINK,8,39.37500796792397,41.958341406286145,5.0,4.389682956730791,0.008340283569641367,599.5,8.772049775200365,25.0,31.18768567346023,3.9003732470084786,170.99766171421868,43.841358476492225,17.121401967281855,False
14,FLANGE_NARROW,RING,9,41.958341406286145,41.958341406286145,360.0,263.63203423760194,0.6005004170141784,599.5,7.31700946877048,25.0,26.01451168538696,3.9003732470084786,205.0017847321515,52.559530011489144,1028.2633333947658,False
14,FLANGE_NARROW,RADIAL_LINK,9,41.958341406286145,44.54167484464833,5.0,4.573850771374138,0.008340283569641367,599.5,9.14007845812932,25.0,32.49615554950396,3.9003732470084786,164.11237681071304,42.076069754756034,17.83972518447678,False
14,FLANGE_NARROW,RING,10,44.54167484464833,44.54167484464833,360.0,279.86359694106494,0.6005004170141784,599.5,7.767510479915205,25.0,27.61619935146462,3.9003732470084786,193.11206645663577,49.511176040587785,1091.5724863204937,False
14,FLANGE_NARROW,RADIAL_LINK,10,44.54167484464833,47.1250082830105,5.0,4.761571329055562,0.008340283569641367,599.5,9.515206705896032,25.0,33.82986684599702,3.9003732470084786,157.642397728526,40.41725951469775,18.57190542557092,False
14,FLANGE_NARROW,RING,11,47.1250082830105,47.1250082830105,360.0,296.0951596445279,0.6005004170141784,599.5,8.21801149105993,25.0,29.217887017542267,3.9003732470084786,182.5259068610204,46.797035899324435,1154.881639246221,False
14,FLANGE_NARROW,RADIAL_LINK,11,47.1250082830105,49.70834172137268,5.0,4.952440535860089,0.008340283569641367,599.5,9.896627004160411,25.0,35.18594856880909,3.9003732470084786,151.5667913289467,38.85956079849432,19.316366573469026,False
14,FLANGE_NARROW,RING,12,49.70834172137268,49.70834172137268,360.0,312.3267223479909,0.6005004170141784,599.5,8.668512502204655,25.0,30.819574683619926,3.9003732470084786,173.0400688259383,44.36500249268635,1218.1907921719487,False
14,FLANGE_NARROW,RADIAL_LINK,12,49.70834172137268,52.29167515973486,5.0,5.146107950849645,0.008340283569641367,599.5,10.283639055114541,25.737269668662034,36.56191091584478,3.9003732470084786,150.16437000982646,38.50000000000001,20.07174177771158,False
14,FLANGE_NARROW,RING,13,52.29167515973486,52.29167515973486,360.0,328.5582850514538,0.6005004170141784,599.5,9.119013513349378,25.0,32.42126234969757,3.9003732470084786,164.4914768252225,42.173265584616736,1281.4999450976763,False
14,FLANGE_NARROW,RADIAL_LINK,13,52.29167515973486,54.87500859809704,5.0,5.342269170890103,0.008340283569641367,599.5,10.675634559828723,26.71833230219685,37.955591172994936,3.9003732470084786,150.16437000982643,38.5,20.836843752457924,False
14,FLANGE_NARROW,RING,14,54.87500859809704,54.87500859809704,360.0,344.78984775491676,0.6005004170141784,599.5,9.569514524494101,25.0,34.02295001577522,3.9003732470084786,156.74776355274915,40.187888088139275,1344.8090980234037,False
14,FLANGE_NARROW,RADIAL_LINK,14,54.87500859809704,57.458342036459214,5.0,5.5406592514309825,0.008340283569641367,599.5,11.072084070776247,27.71054215306583,39.36510697029284,3.9003732470084786,150.16437000982646,38.50000000000001,21.61063911507143,False
14,FLANGE_NARROW,RING,15,57.458342036459214,57.458342036459214,360.0,361.0214104583797,0.6005004170141784,599.5,10.020015535638827,25.07748867329796,35.62463768185288,3.9003732470084786,150.1643700098264,38.49999999999999,1408.1182509491312,False
14,FLANGE_NARROW,RADIAL_LINK,15,57.458342036459214,60.041675474821396,5.0,5.741047064090099,0.008340283569641367,599.5,11.472525716406714,28.71274327709578,40.78881619385352,3.9003732470084786,150.1643700098264,38.49999999999999,22.39222637859359,False
14,FLANGE_NARROW,RING,16,60.041675474821396,60.041675474821396,360.0,377.2529731618427,0.6005004170141784,599.5,10.470516546783552,26.20497534875359,37.22632534793053,3.9003732470084786,150.16437000982643,38.5,1471.4274038748588,False
14,FLANGE_NARROW,RADIAL_LINK,16,60.041675474821396,62.62500891318357,5.0,5.943230480618439,0.008340283569641367,599.5,11.876555577102515,29.723924768704826,42.22528276905427,3.9003732470084786,150.16437000982643,38.5,23.1808171674095,False
14,FLANGE_NARROW,RING,17,62.62500891318357,62.62500891318357,360.0,393.48453586530565,0.6005004170141784,599.5,10.921017557928275,27.33246202420921,38.82801301400818,3.9003732470084786,150.16437000982643,38.5,1534.7365568005864,False
14,FLANGE_NARROW,RADIAL_LINK,17,62.62500891318357,65.20834235154575,5.0,6.1470322739145935,0.008340283569641367,599.5,12.28381949403933,30.743200260614014,43.67324753818686,3.9003732470084786,150.16437000982643,38.5,23.975720229674174,False
14,FLANGE_NARROW,RING,18,65.20834235154575,65.20834235154575,360.0,409.71609856876864,0.6005004170141784,599.5,11.371518569073,28.459948699664835,40.42970068008584,3.9003732470084786,150.16437000982643,38.5,1598.045709726314,False
14,FLANGE_NARROW,RADIAL_LINK,18,65.20834235154575,67.79167578990793,5.0,6.35229663435701,0.008340283569641367,599.5,12.69400610765676,31.769790500952773,45.131603509801174,3.9003732470084786,150.16437000982646,38.50000000000001,24.776327849708082,False
14,FLANGE_NARROW,RING,19,67.79167578990793,67.79167578990793,360.0,425.9476612722316,0.6005004170141784,599.5,11.822019580217724,29.587435375120453,42.03138834616349,3.9003732470084786,150.16437000982643,38.5,1661.3548626520414,False
14,FLANGE_NARROW,RADIAL_LINK,19,67.79167578990793,70.3750092282701,5.0,6.558886210250728,0.008340283569641367,599.5,13.106840943484372,32.803008551622156,46.59937483176133,3.9003732470084786,150.1643700098264,38.49999999999999,25.58210430463477,False
14,FLANGE_NARROW,RING,20,70.3750092282701,70.3750092282701,360.0,442.17922397569447,0.6005004170141784,599.5,12.272520591362447,30.71492205057607,43.63307601224113,3.9003732470084786,150.1643700098264,38.49999999999999,1724.6640155777689,False
14,FLANGE_NARROW,RADIAL_LINK,20,70.3750092282701,72.95834266663229,5.0,6.766679592549335,0.008340283569641367,599.5,13.522081385777755,33.84224720861529,48.07569892077493,3.9003732470084786,150.16437000982646,38.50000000000001,26.39257605385766,False
14,FLANGE_NARROW,RING,21,72.95834266663229,72.95834266663229,360.0,458.4107866791575,0.6005004170141784,599.5,12.723021602507174,31.842408726031703,45.2347636783188,3.9003732470084786,150.16437000982643,38.5,1787.9731685034967,False
14,FLANGE_NARROW,RADIAL_LINK,21,72.95834266663229,75.54167610499447,5.0,6.97556917505962,0.008350361203299093,598.7764934078037,13.922689500552554,34.844864961548325,49.5,3.9003732470084786,150.16437000982646,38.50000000000001,27.207323393059546,False
14,FLANGE_NARROW,RING,22,75.54167610499447,75.54167610499447,360.0,474.64234938262047,0.6005004170141784,599.5,13.173522613651897,32.96989540148732,46.836451344396444,3.9003732470084786,150.16437000982643,38.5,1851.282321429224,False
14,FLANGE_NARROW,RADIAL_LINK,22,75.54167610499447,78.12500954335664,5.0,7.1854593314837,0.008601617921593058,581.2859912608136,13.922689500552552,34.84486496154832,49.49999999999999,3.9003732470084786,150.16437000982643,38.5,28.02597334398645,False
14,FLANGE_NARROW,RING,23,78.12500954335664,78.12500954335664,360.0,490.8739120860834,0.6005004170141784,599.5,13.62402362479662,34.09738207694294,48.438139010474096,3.9003732470084786,150.16437000982643,38.5,1914.5914743549517,False
14,FLANGE_NARROW,RADIAL_LINK,23,78.12500954335664,80.70834298171883,5.0,7.396264859661561,0.008853970419254632,564.7183990051011,13.922689500552552,34.84486496154832,49.49999999999999,3.9003732470084786,150.16437000982643,38.5,28.848193586412872,False
14,FLANGE_NARROW,RING,24,80.70834298171883,80.70834298171883,360.0,507.1054747895464,0.6070492280118494,593.0326296255054,13.92268950055255,32.05727576462445,49.49999999999999,3.9003732470084786,138.15122040904032,35.42,1977.9006272806794,True
15,FLANGE_NARROW,RING,1,21.29167389938872,21.29167389938872,360.0,133.7795326098983,0.6005004170141784,599.5,3.713001379612687,25.0,13.201010356765748,3.9003732470084786,403.9858450460552,103.57620142018604,521.7901099889457,True
15,FLANGE_NARROW,RADIAL_LINK,1,21.29167389938872,23.8750073377509,5.0,3.249648059912887,0.008340283569641367,599.5,6.493880039725919,25.0,23.08800048680793,3.9003732470084786,230.9867122311839,59.22169433613741,12.674840355077231,False
15,FLANGE_NARROW,RING,2,23.8750073377509,23.8750073377509,360.0,150.01109531336127,0.6005004170141784,599.5,4.163502390757412,25.0,14.802698022843403,3.9003732470084786,360.2736012184983,92.36900634953902,585.0992629146732,False
15,FLANGE_NARROW,RADIAL_LINK,2,23.8750073377509,26.458340776113076,5.0,3.391075007305256,0.008340283569641367,599.5,6.77649822293167,25.0,24.092806351948386,3.9003732470084786,221.35326397991224,56.751815778063424,13.226458237092501,False
15,FLANGE_NARROW,RING,3,26.458340776113076,26.458340776113076,360.0,166.2426580168242,0.6005004170141784,599.5,4.614003401902135,25.0,16.404385688921053,3.9003732470084786,325.09728956455064,83.35030238808423,648.4084158404007,False
15,FLANGE_NARROW,RADIAL_LINK,3,26.458340776113076,29.041674214475258,5.0,3.541218207844852,0.008340283569641367,599.5,7.0765343853432965,25.0,25.1595391867779,3.9003732470084786,211.96816383832663,54.345610128697984,13.812072759697372,False
15,FLANGE_NARROW,RING,4,29.041674214475258,29.041674214475258,360.0,182.47422072028718,0.6005004170141784,599.5,5.064504413046859,25.0,18.0060733549987,3.9003732470084786,296.179029114042,75.93607338508087,711.7175687661284,False
15,FLANGE_NARROW,RADIAL_LINK,4,29.041674214475258,31.625007652837432,5.0,3.6990165995918476,0.008340283569641367,599.5,7.391868171517709,25.0,26.28066039076754,3.9003732470084786,202.92569688672057,52.027250736159985,14.427545385288315,False
15,FLANGE_NARROW,RING,5,31.625007652837432,31.625007652837432,360.0,198.70578342375012,0.6005004170141784,599.5,5.515005424191584,25.0,19.607761021076357,3.9003732470084786,271.9852266001855,69.73312792789605,775.0267216918558,False
15,FLANGE_NARROW,RADIAL_LINK,5,31.625007652837432,34.208341091199614,5.0,3.8635323406295163,0.008340283569641367,599.5,7.720625460691317,25.0,27.449506813252775,3.9003732470084786,194.28477752703827,49.811842411761866,15.069218180343414,False
15,FLANGE_NARROW,RING,6,34.208341091199614,34.208341091199614,360.0,214.93734612721312,0.6005004170141784,599.5,5.965506435336309,25.0,21.209448687154012,3.9003732470084786,251.44554217808613,64.4670461656306,838.3358746175835,False
15,FLANGE_NARROW,RADIAL_LINK,6,34.208341091199614,36.79167452956179,5.0,4.033943601059749,0.008340283569641367,599.5,8.061163962784399,25.0,28.66023954222289,3.9003732470084786,186.0773465128585,47.70757430858104,15.73388570151449,False
15,FLANGE_NARROW,RING,7,36.79167452956179,36.79167452956179,360.0,231.16890883067606,0.6005004170141784,599.5,6.416007446481032,25.0,22.81113635323166,3.9003732470084786,233.7902523512033,59.94048198605519,901.6450275433109,False
15,FLANGE_NARROW,RADIAL_LINK,7,36.79167452956179,39.37500796792397,5.0,4.2095343493796005,0.008340283569641367,599.5,8.412052808176902,25.0,29.907771338880398,3.9003732470084786,178.31557102707808,45.71756591855488,16.418755158683435,False
15,FLANGE_NARROW,RING,8,39.37500796792397,39.37500796792397,360.0,247.40047153413903,0.6005004170141784,599.5,6.866508457625757,25.0,24.412824019309316,3.9003732470084786,218.4516351005351,56.00787957103435,964.9541804690385,False
15,FLANGE_NARROW,RADIAL_LINK,8,39.37500796792397,41.958341406286145,5.0,4.389682956730791,0.008340283569641367,599.5,8.772049775200365,25.0,31.18768567346023,3.9003732470084786,170.99766171421868,43.841358476492225,17.121401967281855,False
15,FLANGE_NARROW,RING,9,41.958341406286145,41.958341406286145,360.0,263.63203423760194,0.6005004170141784,599.5,7.31700946877048,25.0,26.01451168538696,3.9003732470084786,205.0017847321515,52.559530011489144,1028.2633333947658,False
15,FLANGE_NARROW,RADIAL_LINK,9,41.958341406286145,44.54167484464833,5.0,4.573850771374138,0.008340283569641367,599.5,9.14007845812932,25.0,32.49615554950396,3.9003732470084786,164.11237681071304,42.076069754756034,17.83972518447678,False
15,FLANGE_NARROW,RING,10,44.54167484464833,44.54167484464833,360.0,279.86359694106494,0.6005004170141784,599.5,7.767510479915205,25.0,27.61619935146462,3.9003732470084786,193.11206645663577,49.511176040587785,1091.5724863204937,False
15,FLANGE_NARROW,RADIAL_LINK,10,44.54167484464833,47.1250082830105,5.0,4.761571329055562,0.008340283569641367,599.5,9.515206705896032,25.0,33.82986684599702,3.9003732470084786,157.642397728526,40.41725951469775,18.57190542557092,False
15,FLANGE_NARROW,RING,11,47.1250082830105,47.1250082830105,360.0,296.0951596445279,0.6005004170141784,599.5,8.21801149105993,25.0,29.217887017542267,3.9003732470084786,182.5259068610204,46.797035899324435,1154.881639246221,False
15,FLANGE_NARROW,RADIAL_LINK,11,47.1250082830105,49.70834172137268,5.0,4.952440535860089,0.008340283569641367,599.5,9.896627004160411,25.0,35.18594856880909,3.9003732470084786,151.5667913289467,38.85956079849432,19.316366573469026,False
15,FLANGE_NARROW,RING,12,49.70834172137268,49.70834172137268,360.0,312.3267223479909,0.6005004170141784,599.5,8.668512502204655,25.0,30.819574683619926,3.9003732470084786,173.0400688259383,44.36500249268635,1218.1907921719487,False
15,FLANGE_NARROW,RADIAL_LINK,12,49.70834172137268,52.29167515973486,5.0,5.146107950849645,0.008340283569641367,599.5,10.283639055114541,25.737269668662034,36.56191091584478,3.9003732470084786,150.16437000982646,38.50000000000001,20.07174177771158,False
15,FLANGE_NARROW,RING,13,52.29167515973486,52.29167515973486,360.0,328.5582850514538,0.6005004170141784,599.5,9.119013513349378,25.0,32.42126234969757,3.9003732470084786,164.4914768252225,42.173265584616736,1281.4999450976763,False
15,FLANGE_NARROW,RADIAL_LINK,13,52.29167515973486,54.87500859809704,5.0,5.342269170890103,0.008340283569641367,599.5,10.675634559828723,26.71833230219685,37.955591172994936,3.9003732470084786,150.16437000982643,38.5,20.836843752457924,False
15,FLANGE_NARROW,RING,14,54.87500859809704,54.87500859809704,360.0,344.78984775491676,0.6005004170141784,599.5,9.569514524494101,25.0,34.02295001577522,3.9003732470084786,156.74776355274915,40.187888088139275,1344.8090980234037,False
15,FLANGE_NARROW,RADIAL_LINK,14,54.87500859809704,57.458342036459214,5.0,5.5406592514309825,0.008340283569641367,599.5,11.072084070776247,27.71054215306583,39.36510697029284,3.9003732470084786,150.16437000982646,38.50000000000001,21.61063911507143,False
15,FLANGE_NARROW,RING,15,57.458342036459214,57.458342036459214,360.0,361.0214104583797,0.6005004170141784,599.5,10.020015535638827,25.07748867329796,35.62463768185288,3.9003732470084786,150.1643700098264,38.49999999999999,1408.1182509491312,False
15,FLANGE_NARROW,RADIAL_LINK,15,57.458342036459214,60.041675474821396,5.0,5.741047064090099,0.008340283569641367,599.5,11.472525716406714,28.71274327709578,40.78881619385352,3.9003732470084786,150.1643700098264,38.49999999999999,22.39222637859359,False
15,FLANGE_NARROW,RING,16,60.041675474821396,60.041675474821396,360.0,377.2529731618427,0.6005004170141784,599.5,10.470516546783552,26.20497534875359,37.22632534793053,3.9003732470084786,150.16437000982643,38.5,1471.4274038748588,False
15,FLANGE_NARROW,RADIAL_LINK,16,60.041675474821396,62.62500891318357,5.0,5.943230480618439,0.008340283569641367,599.5,11.876555577102515,29.723924768704826,42.22528276905427,3.9003732470084786,150.16437000982643,38.5,23.1808171674095,False
15,FLANGE_NARROW,RING,17,62.62500891318357,62.62500891318357,360.0,393.48453586530565,0.6005004170141784,599.5,10.921017557928275,27.33246202420921,38.82801301400818,3.9003732470084786,150.16437000982643,38.5,1534.7365568005864,False
15,FLANGE_NARROW,RADIAL_LINK,17,62.62500891318357,65.20834235154575,5.0,6.1470322739145935,0.008340283569641367,599.5,12.28381949403933,30.743200260614014,43.67324753818686,3.9003732470084786,150.16437000982643,38.5,23.975720229674174,False
15,FLANGE_NARROW,RING,18,65.20834235154575,65.20834235154575,360.0,409.71609856876864,0.6005004170141784,599.5,11.371518569073,28.459948699664835,40.42970068008584,3.9003732470084786,150.16437000982643,38.5,1598.045709726314,False
15,FLANGE_NARROW,RADIAL_LINK,18,65.20834235154575,67.79167578990793,5.0,6.35229663435701,0.008340283569641367,599.5,12.69400610765676,31.769790500952773,45.131603509801174,3.9003732470084786,150.16437000982646,38.50000000000001,24.776327849708082,False
15,FLANGE_NARROW,RING,19,67.79167578990793,67.79167578990793,360.0,425.9476612722316,0.6005004170141784,599.5,11.822019580217724,29.587435375120453,42.03138834616349,3.9003732470084786,150.16437000982643,38.5,1661.3548626520414,False
15,FLANGE_NARROW,RADIAL_LINK,19,67.79167578990793,70.3750092282701,5.0,6.558886210250728,0.008340283569641367,599.5,13.106840943484372,32.803008551622156,46.59937483176133,3.9003732470084786,150.1643700098264,38.49999999999999,25.58210430463477,False
15,FLANGE_NARROW,RING,20,70.3750092282701,70.3750092282701,360.0,442.17922397569447,0.6005004170141784,599.5,12.272520591362447,30.71492205057607,43.63307601224113,3.9003732470084786,150.1643700098264,38.49999999999999,1724.6640155777689,False
15,FLANGE_NARROW,RADIAL_LINK,20,70.3750092282701,72.95834266663229,5.0,6.766679592549335,0.008340283569641367,599.5,13.522081385777755,33.84224720861529,48.07569892077493,3.9003732470084786,150.16437000982646,38.50000000000001,26.39257605385766,False
15,FLANGE_NARROW,RING,21,72.95834266663229,72.95834266663229,360.0,458.4107866791575,0.6005004170141784,599.5,12.723021602507174,31.842408726031703,45.2347636783188,3.9003732470084786,150.16437000982643,38.5,1787.9731685034967,False
15,FLANGE_NARROW,RADIAL_LINK,21,72.95834266663229,75.54167610499447,5.0,6.97556917505962,0.008350361203299093,598.7764934078037,13.922689500552554,34.844864961548325,49.5,3.9003732470084786,150.16437000982646,38.50000000000001,27.207323393059546,False
15,FLANGE_NARROW,RING,22,75.54167610499447,75.54167610499447,360.0,474.64234938262047,0.6005004170141784,599.5,13.173522613651897,32.96989540148732,46.836451344396444,3.9003732470084786,150.16437000982643,38.5,1851.282321429224,False
15,FLANGE_NARROW,RADIAL_LINK,22,75.54167610499447,78.12500954335664,5.0,7.1854593314837,0.008601617921593058,581.2859912608136,13.922689500552552,34.84486496154832,49.49999999999999,3.9003732470084786,150.16437000982643,38.5,28.02597334398645,False
15,FLANGE_NARROW,RING,23,78.12500954335664,78.12500954335664,360.0,490.8739120860834,0.6005004170141784,599.5,13.62402362479662,34.09738207694294,48.438139010474096,3.9003732470084786,150.16437000982643,38.5,1914.5914743549517,False
15,FLANGE_NARROW,RADIAL_LINK,23,78.12500954335664,80.70834298171883,5.0,7.396264859661561,0.008853970419254632,564.7183990051011,13.922689500552552,34.84486496154832,49.49999999999999,3.9003732470084786,150.16437000982643,38.5,28.848193586412872,False
15,FLANGE_NARROW,RING,24,80.70834298171883,80.70834298171883,360.0,507.1054747895464,0.6070492280118494,593.0326296255054,13.92268950055255,32.05727576462445,49.49999999999999,3.9003732470084786,138.15122040904032,35.42,1977.9006272806794,True
16,HUB_WIDE,RING,1,21.773536527688673,21.773536527688673,360.0,136.8071647961115,0.6005004170141784,599.5,3.7970321895957797,25.0,17.359715140084717,5.015594566913847,395.0453736236788,78.76341844487538,686.169272466264,True
16,HUB_WIDE,RADIAL_LINK,1,21.773536527688673,25.32059522265076,5.0,4.100010206200925,0.008340283569641367,599.5,8.193187062058183,26.368460396591036,37.458569320661766,5.015594566913847,193.10039082618312,38.50000000000001,20.56398891451268,False
16,HUB_WIDE,RING,2,25.32059522265076,25.32059522265076,360.0,159.09399187200088,0.6005004170141784,599.5,4.4155948207066915,25.0,20.187732005943808,5.015594566913847,339.705081853487,67.72977307504172,797.9509612618433,False
16,HUB_WIDE,RADIAL_LINK,2,25.32059522265076,28.86765391761284,5.0,4.2635165814650815,0.008340283569641367,599.5,8.519927301961054,27.420021530322455,38.952398502584145,5.015594566913847,193.1003908261831,38.5,21.38407060194336,False
16,HUB_WIDE,RING,3,28.86765391761284,28.86765391761284,360.0,181.38081894789022,0.6005004170141784,599.5,5.0341574518176015,25.0,23.01574887180289,5.015594566913847,297.9644586719113,59.4076045614772,909.7326500574222,False
16,HUB_WIDE,RADIAL_LINK,3,28.86765391761284,32.414712612574924,5.0,4.442601228215525,0.008340283569641367,599.5,8.877798121050692,28.571771447514045,40.5885541015195,5.015594566913847,193.10039082618312,38.50000000000001,22.28228658320257,False
16,HUB_WIDE,RING,4,32.414712612574924,32.414712612574924,360.0,203.66764602377958,0.6005004170141784,599.5,5.6527200829285125,25.0,25.843765737661975,5.015594566913847,265.3589737319689,52.90678307262928,1021.5143388530014,False
16,HUB_WIDE,RADIAL_LINK,4,32.414712612574924,35.961771307537006,5.0,4.635459917490581,0.008340283569641367,599.5,9.263194068452012,29.812106581947745,42.350552296152195,5.015594566913847,193.1003908261831,38.5,23.249587577312667,False
16,HUB_WIDE,RING,5,35.961771307537006,35.961771307537006,360.0,225.95447309966895,0.6005004170141784,599.5,6.271282714039423,25.0,28.671782603521063,5.015594566913847,239.1855172853192,47.688367569249685,1133.2960276485805,True
17,HUB_WIDE,RING,1,21.720595306946006,21.720595306946006,360.0,136.474525295797,0.6005004170141784,599.5,3.787799903464366,25.0,16.804984021880284,4.867155066204121,396.00824706397043,81.36339230564438,664.2426772012409,True
17,HUB_WIDE,RADIAL_LINK,1,21.720595306946006,25.161771560422753,5.0,4.003977863974558,0.008340283569641367,599.5,8.001282431509157,25.0,35.498555056480896,4.867155066204121,187.4699478289855,38.517356706120474,19.48798114561292,False
17,HUB_WIDE,RING,2,25.161771560422753,25.161771560422753,360.0,158.09607337105743,0.6005004170141784,599.5,4.387897962312451,25.0,19.467383976344593,4.867155066204121,341.84933489417114,70.235965413935,769.4781044549205,False
17,HUB_WIDE,RADIAL_LINK,2,25.161771560422753,28.6029478138995,5.0,4.165356905753238,0.008340283569641367,599.5,8.323771549996888,25.995897407924726,36.9293129163298,4.867155066204121,187.38547004885865,38.5,20.273437966385192,False
17,HUB_WIDE,RING,3,28.6029478138995,28.6029478138995,360.0,179.71762144631782,0.6005004170141784,599.5,4.9879960211605345,25.0,22.129783930808895,4.867155066204121,300.72197203778074,61.78598543652173,874.7135317086002,False
17,HUB_WIDE,RADIAL_LINK,3,28.6029478138995,32.044124067376245,5.0,4.341535535930498,0.008340283569641367,599.5,8.675835179301112,27.095424218996055,38.491281292677094,4.867155066204121,187.3854700488587,38.500000000000014,21.130926678809345,False
17,HUB_WIDE,RING,4,32.044124067376245,32.044124067376245,360.0,201.33916952157819,0.6005004170141784,599.5,5.5880940800086165,25.0,24.79218388527319,4.867155066204121,268.42783577431953,55.15086988663905,979.9489589622796,False
17,HUB_WIDE,RADIAL_LINK,4,32.044124067376245,35.485300320853,5.0,4.530788497370782,0.008340283569641367,599.5,9.05402568057928,28.276547633163098,40.169164362845,4.867155066204121,187.38547004885868,38.50000000000001,22.05205018887756,False
17,HUB_WIDE,RING,5,35.485300320853,35.485300320853,360.0,222.96071759683863,0.6005004170141784,599.5,6.188192138856702,25.0,27.454583839737502,4.867155066204121,242.39712768148343,49.80263097935941,1085.1843862159594,True
18,HUB_WIDE,RING,1,21.66765408620334,21.66765408620334,360.0,136.14188579548255,0.6005004170141784,599.5,3.7785676173329534,25.0,16.25253079729217,4.718651540701046,396.9758257386308,84.12908270816125,642.4061191627997,True
18,HUB_WIDE,RADIAL_LINK,1,21.66765408620334,25.002947898194748,5.0,3.9084782189324403,0.008340283569641367,599.5,7.810442307499994,25.0,33.594596418183386,4.718651540701046,192.05058317371115,40.70031056906108,18.44274676956204,False
18,HUB_WIDE,RING,2,25.002947898194748,25.002947898194748,360.0,157.09815487011394,0.6005004170141784,599.5,4.360201103918209,25.0,18.754276726119976,4.718651540701046,344.0208293723091,72.90659765929615,741.2914505191548,False
18,HUB_WIDE,RADIAL_LINK,2,25.002947898194748,28.338241710186157,5.0,4.067670415700698,0.008340283569641367,599.5,8.128561380708563,25.0,34.96290328949925,4.718651540701046,184.53449875643872,39.107464741722076,19.193919274110165,False
18,HUB_WIDE,RING,3,28.338241710186157,28.338241710186157,360.0,178.05442394474537,0.6005004170141784,599.5,4.941834590503465,25.0,21.25602265494778,4.718651540701046,303.53100099353645,64.32579273451523,840.17678187551,False
18,HUB_WIDE,RADIAL_LINK,3,28.338241710186157,31.673535522177566,5.0,4.240887753229307,0.008340283569641367,599.5,8.474707360203233,25.659730854586986,36.4517606454692,4.718651540701046,181.66808431699027,38.5,20.011271530715668,False
18,HUB_WIDE,RING,4,31.673535522177566,31.673535522177566,360.0,199.0106930193768,0.6005004170141784,599.5,5.5234680770887215,25.0,23.757768583775583,4.718651540701046,271.5685107735087,57.552143537422985,939.0621132318652,False
18,HUB_WIDE,RADIAL_LINK,4,31.673535522177566,35.00882933416898,5.0,4.42648478837777,0.008340283569641367,599.5,8.845592102108244,26.782696197325063,38.047025386109624,4.718651540701046,181.6680843169903,38.50000000000001,20.887039266568507,False
18,HUB_WIDE,RING,5,35.00882933416898,35.00882933416898,360.0,219.96696209400824,0.6005004170141784,599.5,6.105101563673979,25.0,26.2595145126034,4.718651540701046,245.6961582629786,52.06914648045313,1037.9474445882206,True
19,HUB_WIDE,RING,1,21.614712865460668,21.614712865460668,360.0,135.80924629516804,0.6005004170141784,599.5,3.769335331201539,25.0,15.702351424492509,4.570082343602543,397.9481442214508,87.07679956325532,620.6594385915165,True
19,HUB_WIDE,RADIAL_LINK,1,21.614712865460668,24.844124235966742,5.0,3.8135513016270837,0.008340283569641367,599.5,7.620746684418123,25.0,31.746616323898326,4.570082343602543,196.83110620472377,43.069487901078844,17.42824346998843,False
19,HUB_WIDE,RING,2,24.844124235966742,24.844124235966742,360.0,156.1002363691705,0.6005004170141784,599.5,4.332504245523968,25.0,18.048408600897087,4.570082343602543,346.22008773556126,75.75795395026515,713.3909340629295,False
19,HUB_WIDE,RADIAL_LINK,2,24.844124235966742,28.073535606472817,5.0,3.9704920440040827,0.008340283569641367,599.5,7.934366601268159,25.0,33.053098691581326,4.570082343602543,189.05100751964918,41.36708997908831,18.14547558571743,False
19,HUB_WIDE,RING,3,28.073535606472817,28.073535606472817,360.0,176.39122644317297,0.6005004170141784,599.5,4.895673159846398,25.0,20.39446577730167,4.570082343602543,306.3930027647235,67.04321273196085,806.1224295343428,False
19,HUB_WIDE,RADIAL_LINK,3,28.073535606472817,31.302946976978888,5.0,4.140688358739132,0.008340283569641367,599.5,8.2744755702137,25.0,34.46992953409019,4.570082343602543,181.28037085512364,39.66676248380733,18.923286758634298,False
19,HUB_WIDE,RING,4,31.302946976978888,31.302946976978888,360.0,196.6822165171754,0.6005004170141784,599.5,5.458842074168826,25.0,22.740522953706243,4.570082343602543,274.78354926184466,60.12660792567601,898.8539250057557,False
19,HUB_WIDE,RADIAL_LINK,4,31.302946976978888,34.532358347484966,5.0,4.322575411180925,0.008340283569641367,599.5,8.637946530009883,25.33051477480949,35.984082094642005,4.570082343602543,175.94817022869793,38.50000000000001,19.75452556552845,False
19,HUB_WIDE,RING,5,34.532358347484966,34.532358347484966,360.0,216.97320659117787,0.6005004170141784,599.5,6.022010988491257,25.0,25.086580130110825,4.570082343602543,249.0862276516382,54.503662937347954,991.5854204771689,True
20,HUB_WIDE,RING,1,21.95221276084559,21.95221276084559,360.0,137.92982067902523,0.6005004170141784,599.5,3.8281910878275753,25.0,19.255512643896665,5.518049414415963,391.82997023568674,71.00878241721192,761.103566228394,True
20,HUB_WIDE,RADIAL_LINK,1,21.95221276084559,25.856623922121514,5.0,4.427591364050503,0.008340283569641367,599.5,8.847803409160923,31.327845536672296,44.50378429580726,5.518049414415963,212.44490245501459,38.5,24.431667933672056,False
20,HUB_WIDE,RING,2,25.856623922121514,25.856623922121514,360.0,162.4619595207421,0.6005004170141784,599.5,4.509071515402079,25.0,22.68028987715194,5.518049414415963,332.66272111149766,60.28628889085566,896.473120598301,False
20,HUB_WIDE,RADIAL_LINK,2,25.856623922121514,29.76103508339743,5.0,4.597896123460495,0.008340283569641367,599.5,9.188129086715222,32.53285312618829,46.21559680381565,5.518049414415963,212.44490245501459,38.5,25.37141801160661,False
20,HUB_WIDE,RING,3,29.76103508339743,29.76103508339743,360.0,186.99409836245894,0.6005004170141784,599.5,5.18995194297658,25.0,26.105067110407198,5.518049414415963,289.02001723347536,52.37720714830996,1031.8426749682076,False
20,HUB_WIDE,RADIAL_LINK,3,29.76103508339743,33.665446244673355,5.0,4.786431480933077,0.008340283569641367,599.5,9.564885576064599,33.86685305334033,48.11065354939047,5.518049414415963,212.44490245501459,38.5,26.411765430504897,False
20,HUB_WIDE,RING,4,33.665446244673355,33.665446244673355,360.0,211.5262372041758,0.6005004170141784,599.5,5.870832370551083,25.0,29.52984434366247,5.518049414415963,255.50039676217122,46.3026655931485,1167.2122293381144,True
21,HUB_WIDE,RING,1,21.886036287578253,21.886036287578253,360.0,137.51402163451095,0.6005004170141784,599.5,3.816650739346728,25.0,18.553102175966096,5.332835955523272,393.01474052528727,73.6971367210795,733.3397189611252,True
21,HUB_WIDE,RADIAL_LINK,1,21.886036287578253,25.658094502319493,5.0,4.305684023607,0.008340283569641367,599.5,8.604191907174656,29.44271071459882,41.82579504845015,5.332835955523272,205.31418428764596,38.49999999999999,22.961506574213523,False
21,HUB_WIDE,RING,2,25.658094502319493,25.658094502319493,360.0,161.21456238719915,0.6005004170141784,599.5,4.474450469959532,25.0,21.75072921780311,5.332835955523272,335.2366977957779,62.86274331175889,859.7308148524054,False
21,HUB_WIDE,RADIAL_LINK,2,25.658094502319493,29.430152717060736,5.0,4.473533967189588,0.008340283569641367,599.5,8.93961204443386,30.590485912515884,43.456304231355304,5.332835955523272,205.314184287646,38.5,23.8566227884833,False
21,HUB_WIDE,RING,3,29.430152717060736,29.430152717060736,360.0,184.9151031398874,0.6005004170141784,599.5,5.132250200572338,25.0,24.948356259640132,5.332835955523272,292.26946103148344,54.80563502591468,986.1219107436859,False
21,HUB_WIDE,RADIAL_LINK,3,29.430152717060736,33.20221093180197,5.0,4.658628437692709,0.008340283569641367,599.5,9.309492494655931,31.856180961204085,45.254328272464456,5.332835955523272,205.31418428764601,38.50000000000001,24.84370123595089,False
21,HUB_WIDE,RING,4,33.20221093180197,33.20221093180197,360.0,208.61564389257558,0.6005004170141784,599.5,5.790049931185142,25.0,28.145983301477145,5.332835955523272,259.06512341474246,48.579241059614084,1112.513006634966,True
22,HUB_WIDE,RING,1,21.819859822518413,21.819859822518413,360.0,137.09822264156588,0.6005004170141784,599.5,3.805110392297164,25.0,17.854220085958428,5.147516303467092,394.2066971398542,76.58192298960523,705.7153362238216,True
22,HUB_WIDE,RADIAL_LINK,1,21.819859822518413,25.45956510713998,5.0,4.184446150327921,0.008340283569641367,599.5,8.361918223738629,27.619329163678294,39.23553140787738,5.147516303467092,198.1793776834831,38.500000000000014,21.539504779793084,False
22,HUB_WIDE,RING,2,25.45956510713998,25.45956510713998,360.0,159.967165408364,0.6005004170141784,599.5,4.439829428810843,25.0,20.832428916273404,5.147516303467092,337.8508170305447,65.63375366154479,823.4335919589707,False
22,HUB_WIDE,RADIAL_LINK,2,25.45956510713998,29.099270391761543,5.0,4.349768763544152,0.008340283569641367,599.5,8.692287912482398,28.710536819023726,40.78568173847,5.147516303467092,198.17937768348307,38.50000000000001,22.39050562665542,False
22,HUB_WIDE,RING,3,29.099270391761543,29.099270391761543,360.0,182.83610817516208,0.6005004170141784,599.5,5.074548465324522,25.0,23.810637746588384,5.147516303467092,295.5928020492506,57.424354702899166,941.1518476941196,False
22,HUB_WIDE,RADIAL_LINK,3,29.099270391761543,32.738975676383106,5.0,4.531354018512828,0.008340283569641367,599.5,9.055155780328136,29.909085622873743,42.48831900958713,5.147516303467092,198.17937768348307,38.50000000000001,23.325218687075903,False
22,HUB_WIDE,RING,4,32.738975676383106,32.738975676383106,360.0,205.7050509419602,0.6005004170141784,599.5,5.709267501838201,25.0,26.788846576903364,5.147516303467092,262.7307267555861,51.04029035879395,1058.8701034292687,True
23,HUB_WIDE,RING,1,21.753683357458577,21.753683357458577,360.0,136.6824236486208,0.6005004170141784,599.5,3.7935700452476007,25.0,17.158859462707362,4.962087492578029,395.40590581136803,79.68539579416742,678.2301448420728,True
23,HUB_WIDE,RADIAL_LINK,1,21.753683357458577,25.261035711960464,5.0,4.0639376599106525,0.008340283569641367,599.5,8.12110209038812,25.85763892805952,36.73290536070058,4.962087492578029,191.04036846425413,38.5,20.165614232859475,False
23,HUB_WIDE,RING,2,25.261035711960464,25.261035711960464,360.0,158.7197684295288,0.6005004170141784,599.5,4.405208387662154,25.0,19.925387096128087,4.962087492578029,340.50602559486424,68.62152795656489,787.581377749046,False
23,HUB_WIDE,RADIAL_LINK,2,25.261035711960464,28.768388066462354,5.0,4.226652947101055,0.008340283569641367,599.5,8.446261472623608,26.892948397924133,38.20364771584676,4.962087492578029,191.04036846425416,38.50000000000001,20.97302172427821,False
23,HUB_WIDE,RING,3,28.768388066462354,28.768388066462354,360.0,180.7571132104368,0.6005004170141784,599.5,5.016846730076707,25.0,22.69191472954881,4.962087492578029,298.99259050656013,60.25540479763285,896.9326106560194,False
23,HUB_WIDE,RADIAL_LINK,3,28.768388066462354,32.27574042096424,5.0,4.404654037730015,0.008340283569641367,599.5,8.801966985397147,28.025516935007854,39.8125545848362,4.962087492578029,191.04036846425416,38.50000000000001,21.856278709753425,False
23,HUB_WIDE,RING,4,32.27574042096424,32.27574042096424,360.0,202.79445799134479,0.6005004170141784,599.5,5.62848507249126,25.0,25.45844236296954,4.962087492578029,266.5015507158617,53.707547703356205,1006.2838435629926,True
24,HUB_WIDE,RING,1,21.687506892398737,21.687506892398737,360.0,136.26662465567574,0.6005004170141784,599.5,3.7820296981980372,25.0,16.46701339916084,4.776546520094489,396.6124329258125,83.0333026711455,650.8838718040898,True
24,HUB_WIDE,RADIAL_LINK,1,21.687506892398737,25.062506316780947,5.0,3.9442254256293703,0.008340283569641367,599.5,7.881877142216025,25.0,34.317809977338435,4.776546520094489,190.3099950601702,39.842592186541815,18.839776231258174,False
24,HUB_WIDE,RING,2,25.062506316780947,25.062506316780947,360.0,157.47237145069363,0.6005004170141784,599.5,4.370587346513465,25.0,19.029602129124132,4.776546520094489,343.2032999401306,71.8517653908124,752.1741078638374,False
24,HUB_WIDE,RADIAL_LINK,2,25.062506316780947,28.437505741163157,5.0,4.10424496979988,0.008340283569641367,599.5,8.201649531316761,25.137651338700973,35.710103702190025,4.776546520094489,183.89704102363785,38.50000000000001,19.604117028112928,False
24,HUB_WIDE,RING,3,28.437505741163157,28.437505741163157,360.0,178.6781182457115,0.6005004170141784,599.5,4.959144994828891,25.0,21.59219085908741,4.776546520094489,302.4714948976312,63.32430630062151,853.4643439235848,False
24,HUB_WIDE,RADIAL_LINK,3,28.437505741163157,31.812505165545367,5.0,4.278579534946605,0.008340283569641367,599.5,8.550028104001633,26.205414483247413,37.22694917463981,4.776546520094489,183.89704102363783,38.5,20.436834188596702,False
24,HUB_WIDE,RING,4,31.812505165545367,31.812505165545367,360.0,199.88386504072935,0.6005004170141784,599.5,5.547702643144317,25.0,24.15477958905069,4.776546520094489,270.38219178053004,56.60620924407565,954.7545799833323,True
25,HUB_WIDE,RING,1,21.621330427338897,21.621330427338897,360.0,135.85082566273067,0.6005004170141784,599.5,3.770489351148474,25.0,15.778674876678487,4.590890314025409,397.82634568192236,86.6555980365164,623.6762396873847,True
25,HUB_WIDE,RADIAL_LINK,1,21.621330427338897,24.86397692160143,5.0,3.825384222807156,0.008340283569641367,599.5,7.644392805242967,25.0,31.990115199983048,4.590890314025409,196.22225573903177,42.74165626208985,17.56191937591099,False
25,HUB_WIDE,RING,2,24.86397692160143,24.86397692160143,360.0,156.22497447185842,0.6005004170141784,599.5,4.335966305364774,25.0,18.1450724924457,4.590890314025409,345.9436477041093,75.35437007659134,717.2117221117217,False
25,HUB_WIDE,RADIAL_LINK,2,24.86397692160143,28.10662341586396,5.0,3.9826101131295353,0.008340283569641367,599.5,7.958582542737188,25.0,33.30493066710543,4.590890314025409,188.4757734112922,41.05429677452517,18.283726192906023,False
25,HUB_WIDE,RING,3,28.10662341586396,28.10662341586396,360.0,176.59912328098616,0.6005004170141784,599.5,4.901443259581074,25.0,20.51147010821291,4.590890314025409,306.0323093749747,66.6607756756963,810.7472045360585,False
25,HUB_WIDE,RADIAL_LINK,3,28.10662341586396,31.349269910126495,5.0,4.153187479647201,0.008340283569641367,599.5,8.299452980161657,25.0,34.731399039321786,4.590890314025409,180.73480307503144,39.368137923678376,19.066828172643937,False
25,HUB_WIDE,RING,4,31.349269910126495,31.349269910126495,360.0,196.9732720901139,0.6005004170141784,599.5,5.4669202137973745,25.0,22.87786772398012,4.590890314025409,274.37751811601544,59.76564442800513,904.2826869603954,True
26,HUB_WIDE,RING,1,21.55515396227906,21.55515396227906,360.0,135.43502666978563,0.6005004170141784,599.5,3.7589490040989113,25.0,15.093836818012498,4.405115747549962,399.04771210365953,90.5873386699548,596.6069687529217,True
26,HUB_WIDE,RADIAL_LINK,1,21.55515396227906,24.665447526421914,5.0,3.707497835689952,0.008340283569641367,599.5,7.408816508320421,25.0,29.74966334186612,4.405115747549962,202.46148603024992,45.960537164739655,16.33195710000521,False
26,HUB_WIDE,RING,2,24.665447526421914,24.665447526421914,360.0,154.97757749302323,0.6005004170141784,599.5,4.301345264216085,25.0,17.27179683608713,4.405115747549962,348.7281089660151,79.16434639883657,682.6941671316612,False
26,HUB_WIDE,RADIAL_LINK,2,24.665447526421914,27.77574109056477,5.0,3.8618214447119423,0.008340283569641367,599.5,7.717206520349365,25.0,30.98798514745434,4.405115747549962,194.37085116805886,44.12389192637312,17.011770460326723,False
26,HUB_WIDE,RING,3,27.77574109056477,27.77574109056477,360.0,174.52012831626087,0.6005004170141784,599.5,4.843741524333259,25.0,19.44975685416176,4.405115747549962,309.6779612340018,70.29961957440928,768.7813655104007,False
26,HUB_WIDE,RADIAL_LINK,3,27.77574109056477,30.886034654707625,5.0,4.028541606095493,0.008340283569641367,599.5,8.050368976180826,25.0,32.32577923211068,4.405115747549962,186.3268633323705,42.29783597309601,17.74619206867147,False
26,HUB_WIDE,RING,4,30.886034654707625,30.886034654707625,360.0,194.06267913949847,0.6005004170141784,599.5,5.386137784450432,25.0,21.62771687223639,4.405115747549962,278.49268994388535,63.220288842302836,854.8685638891402,True
27,HUB_WIDE,RING,1,21.985300973287462,21.985300973287462,360.0,138.13772004928083,0.6005004170141784,599.5,3.8339612578492526,25.0,19.632053164658817,5.617487428609531,391.2402601693109,69.64684214098058,775.9869057936178,True
27,HUB_WIDE,RADIAL_LINK,1,21.985300973287462,25.955888559447125,5.0,4.4887789967949985,0.008340283569641367,599.5,8.970076695262005,32.33312971946599,45.93187325821822,5.617487428609531,216.27326600146694,38.5,25.215659584302404,False
27,HUB_WIDE,RING,2,25.955888559447125,25.955888559447125,360.0,163.0856576315089,0.6005004170141784,599.5,4.52638202546711,25.0,23.177639676352815,5.617487428609531,331.39049942325715,58.99265528134607,916.1316315315191,False
27,HUB_WIDE,RADIAL_LINK,2,25.955888559447125,29.926476145606784,5.0,4.660286079493396,0.008340283569641367,599.5,9.31280501552097,33.5685126056927,47.68683637647693,5.617487428609531,216.27326600146694,38.5,26.179098465278148,False
27,HUB_WIDE,RING,3,29.926476145606784,29.926476145606784,360.0,188.03359521373693,0.6005004170141784,599.5,5.218802793084968,25.0,26.72322618804681,5.617487428609531,287.4222421256335,51.165622669987485,1056.2763572694205,True
28,HUB_WIDE,RING,1,21.897065723647174,21.897065723647174,360.0,137.58332162516567,0.6005004170141784,599.5,3.818574134920686,25.0,18.693196002202967,5.370397609437028,392.8167810813383,73.1448227205875,738.8771415541954,True
28,HUB_WIDE,RADIAL_LINK,1,21.897065723647174,25.69118281052625,5.0,4.325956992807678,0.008340283569641367,599.5,8.64470405729401,29.789694552298663,42.31871416250312,5.370397609437028,206.76030796332557,38.5,23.232109092701748,False
28,HUB_WIDE,RING,2,25.69118281052625,25.69118281052625,360.0,161.4224623591633,0.6005004170141784,599.5,4.480220656681407,25.0,21.932176752201133,5.370397609437028,334.8049381815674,62.34267228058457,866.9028059630891,False
28,HUB_WIDE,RADIAL_LINK,2,25.69118281052625,29.485299897405334,5.0,4.49422091962491,0.008340283569641367,599.5,8.980951471050446,30.94840486596787,43.96475757779312,5.370397609437028,206.7603079633256,38.50000000000001,24.135753283035495,False
28,HUB_WIDE,RING,3,29.485299897405334,29.485299897405334,360.0,185.26160309316094,0.6005004170141784,599.5,5.141867178442129,25.0,25.171157502199303,5.370397609437028,291.7228212912467,54.32052568670566,994.9284703719829,True
29,HUB_WIDE,RING,1,21.808830474006882,21.808830474006882,360.0,137.02892320105045,0.6005004170141784,599.5,3.803187011992118,25.0,17.76054732464434,5.123099275464736,394.40605872659853,76.98583172406325,702.0127771690145,True
29,HUB_WIDE,RADIAL_LINK,1,21.808830474006882,25.426477061605382,5.0,4.164309148827149,0.008340283569641367,599.5,8.321677782406253,27.356034743021905,38.861500002191825,5.123099275464736,197.23932210539238,38.50000000000001,21.33416918316754,False
29,HUB_WIDE,RING,2,25.426477061605382,25.426477061605382,360.0,159.75926708681772,0.6005004170141784,599.5,4.434059287895705,25.0,20.70666511392516,5.123099275464736,338.29046988495793,66.03238619737078,818.4625854612531,False
29,HUB_WIDE,RADIAL_LINK,2,25.426477061605382,29.044123649203883,5.0,4.3292029805118695,0.008340283569641367,599.5,8.651190622722886,28.43924956383982,40.40029585316317,5.123099275464736,197.23932210539235,38.5,22.178936652800136,False
29,HUB_WIDE,RING,3,29.044123649203883,29.044123649203883,360.0,182.48961097258498,0.6005004170141784,599.5,5.064931563799291,25.0,23.652782903205974,5.123099275464736,296.15405087029933,57.80759554838688,934.9123937534918,True
30,HUB_WIDE,RING,1,21.720595224366594,21.720595224366594,360.0,136.47452477693528,0.6005004170141784,599.5,3.787799889063551,25.0,16.8340945933717,4.87558625404905,396.00824856955194,81.22269362800775,665.3933170303022,True
30,HUB_WIDE,RADIAL_LINK,1,21.720595224366594,25.161771312684515,5.0,4.003977714585749,0.008340283569641367,599.5,8.00128213298052,25.032020591993863,35.5600465282629,4.87558625404905,187.7100707808885,38.50000000000001,19.52173870675301,False
30,HUB_WIDE,RING,2,25.161771312684515,25.161771312684515,360.0,158.09607181447214,0.6005004170141784,599.5,4.387897919110002,25.0,19.501106394144387,4.87558625404905,341.8493382599578,70.11450940408666,770.8110345577919,False
30,HUB_WIDE,RADIAL_LINK,2,25.161771312684515,28.60294740100244,5.0,4.165356753000999,0.008340283569641367,599.5,8.323771244746997,26.040928158589708,36.99328280573464,4.87558625404905,187.7100707808884,38.49999999999999,20.308556128142058,False
30,HUB_WIDE,RING,3,28.60294740100244,28.60294740100244,360.0,179.71761885200905,0.6005004170141784,599.5,4.987995949156455,25.0,22.16811819491708,4.87558625404905,300.7219763788446,61.67914189377793,876.2287520852818,True
31,HUB_WIDE,RING,1,21.632359974726302,21.632359974726302,360.0,135.92012635282006,0.6005004170141784,599.5,3.7724127661349827,25.0,15.913825198520204,4.627852251116069,397.62350861112736,85.9196636010225,629.0182627138789,True
31,HUB_WIDE,RADIAL_LINK,1,21.632359974726302,24.897065563763647,5.0,3.8451274105721676,0.008340283569641367,599.5,7.6838462754600485,25.0,32.41410578865494,4.627852251116069,195.21473312012503,42.18257682557743,17.794681542844508,False
31,HUB_WIDE,RING,2,24.897065563763647,24.897065563763647,360.0,156.4328765421266,0.6005004170141784,599.5,4.341736550324301,25.0,18.315502783826272,4.627852251116069,345.483882454351,74.6531789927029,723.9482398540426,False
31,HUB_WIDE,RADIAL_LINK,2,24.897065563763647,28.161771152800988,5.0,4.002826153585609,0.008340283569641367,599.5,7.9989809302485755,25.0,33.743493138660845,4.627852251116069,187.52388749017635,40.52071615833294,18.524488025697437,False
31,HUB_WIDE,RING,3,28.161771152800988,28.161771152800988,360.0,176.9456267314331,0.6005004170141784,599.5,4.911060334513618,25.0,20.717180369132333,4.627852251116069,305.4330221639513,65.99887066193438,818.8782169942064,True
32,HUB_WIDE,RING,1,21.544124725086014,21.544124725086014,360.0,135.3657279287049,0.6005004170141784,599.5,3.757025643206416,25.0,14.999780322278362,4.379906576655438,399.2519994406618,91.1553688310714,592.8892420086853,True
32,HUB_WIDE,RADIAL_LINK,1,21.544124725086014,24.63235981484278,5.0,3.6879496830716363,0.008340283569641367,599.5,7.3697527833381535,25.0,29.42345442317183,4.379906576655438,203.53464276186617,46.470087706137384,16.1528750712598,False
32,HUB_WIDE,RING,2,24.63235981484278,24.63235981484278,360.0,154.76968126978102,0.6005004170141784,599.5,4.295575181538598,25.0,17.149918632421198,4.379906576655438,349.1965421642852,79.72693847523497,677.8767448603799,False
32,HUB_WIDE,RADIAL_LINK,2,24.63235981484278,27.72059490459954,5.0,3.841778197159573,0.008340283569641367,599.5,7.677153430657214,25.0,30.650739679808215,4.379906576655438,195.38491884375304,44.60938045691191,16.826629591790685,False
32,HUB_WIDE,RING,3,27.72059490459954,27.72059490459954,360.0,174.17363461085714,0.6005004170141784,599.5,4.83412471987078,25.0,19.30005694256404,4.379906576655438,310.2940215493853,70.84489500374924,762.8642477120744,True
