(EBAM G-CODE STUDIO v4.2.9.19 - FULL FLANGE FAMILY EXPERIMENTAL)
(SOURCE: Flange1[2].STL)
(STL_SHA256: 2542088a0e631f64211e171e609b31e517e3453e3fa37f186665b649118e8bed)
(GEOMETRY: OD_BOTTOM=164.000 ID_BOTTOM=40.000 H=47.500)
(BUILD AXIS IN SOURCE STL: Y)
(HARD LIMITS: HOT E0=25.0 THROUGH 40.0mA; E2=0 THROUGH 50.0mm/s; C=450 THROUGH 600deg/min)
(COMMAND MARGINS: E0 LE 39.5mA; E2 LE 49.5mm/s; C LE 599.5deg/min)
(HMI SCAN REQUIRED: CONCENTRIC_CIRCLES; 300Hz; SCALE_X=10.0percent; SCALE_Y=10.0percent)
(SCAN CURRENT MODEL: BASE 20.0 THROUGH 34.5mA; FACTOR 1.100; FINAL 25.0 THROUGH 39.5mA)
(SCAN FACTOR IS AN EXPERIMENTAL COMMISSIONING ASSUMPTION, NOT A CALIBRATED POWER LAW)
(REQUIRED: CURR WIRE FEED OVERRIDES AT 100 PERCENT; VERIFY HMI SCAN BEFORE START)
(FULL DRY RUN AND SHORT COUPON TEST REQUIRED BEFORE FULL HOT BUILD)
(G93 F IS INVERSE MOVE TIME; G4 P IS SECONDS)
(C ALWAYS POSITIVE; EVERY LAYER RUNS INNER TO OUTER)
(HOT OUTPUTS: ENABLED)
G21 (mm)
G90 (absolute coordinates)
G94 (feed per minute)
G64 P0.080 Q0.000
M429 (identity kinematics if available)
M68 E0 Q0.000 (beam OFF safe state)
M68 E2 Q0.000 (wire OFF safe state)
M68 E1 Q1030.000 (focus verify on machine)
G0 Z3.000 (initial clearance above substrate)
G0 B0.000
G0 X21.2917 Y0.000
G1 Z0.000 F240.0
M0 (MANDATORY HMI CHECK SCAN 300HZ X10 Y10 CURR WIRE OVERRIDES 100 PERCENT)
G93
G91
(LAYER 1/32 Z=0.0000..1.5333 ZONE=FLANGE_NARROW DIR=inner_to_outer TRACKS=24 PITCH=2.5833 ADEP=3.9004 ACTIVE=14.6112min DWELL=0.0s)
M67 E0 Q25.000 (synchronized layer hot state)
M67 E2 Q13.201
G1 C360.000 F1.665278 (RING 1/24 R=21.2917 CSPD=599.50 E0=25.000 E2=13.201 QV=103.58)
M67 E0 Q25.000
M67 E2 Q23.088
G1 X2.5833 C5.000 F119.900000 (HOT LINK 1 CSPD=599.50 E0=25.000 E2=23.088)
M67 E0 Q25.000
M67 E2 Q14.803
G1 C360.000 F1.665278 (RING 2/24 R=23.8750 CSPD=599.50 E0=25.000 E2=14.803 QV=92.37)
M67 E0 Q25.000
M67 E2 Q24.093
G1 X2.5833 C5.000 F119.900000 (HOT LINK 2 CSPD=599.50 E0=25.000 E2=24.093)
M67 E0 Q25.000
M67 E2 Q16.404
G1 C360.000 F1.665278 (RING 3/24 R=26.4583 CSPD=599.50 E0=25.000 E2=16.404 QV=83.35)
M67 E0 Q25.000
M67 E2 Q25.160
G1 X2.5833 C5.000 F119.900000 (HOT LINK 3 CSPD=599.50 E0=25.000 E2=25.160)
M67 E0 Q25.000
M67 E2 Q18.006
G1 C360.000 F1.665278 (RING 4/24 R=29.0417 CSPD=599.50 E0=25.000 E2=18.006 QV=75.94)
M67 E0 Q25.000
M67 E2 Q26.281
G1 X2.5833 C5.000 F119.900000 (HOT LINK 4 CSPD=599.50 E0=25.000 E2=26.281)
M67 E0 Q25.000
M67 E2 Q19.608
G1 C360.000 F1.665278 (RING 5/24 R=31.6250 CSPD=599.50 E0=25.000 E2=19.608 QV=69.73)
M67 E0 Q25.000
M67 E2 Q27.450
G1 X2.5833 C5.000 F119.900000 (HOT LINK 5 CSPD=599.50 E0=25.000 E2=27.450)
M67 E0 Q25.000
M67 E2 Q21.209
G1 C360.000 F1.665278 (RING 6/24 R=34.2083 CSPD=599.50 E0=25.000 E2=21.209 QV=64.47)
M67 E0 Q25.000
M67 E2 Q28.660
G1 X2.5833 C5.000 F119.900000 (HOT LINK 6 CSPD=599.50 E0=25.000 E2=28.660)
M67 E0 Q25.000
M67 E2 Q22.811
G1 C360.000 F1.665278 (RING 7/24 R=36.7917 CSPD=599.50 E0=25.000 E2=22.811 QV=59.94)
M67 E0 Q25.264
M67 E2 Q29.908
G1 X2.5833 C5.000 F119.900000 (HOT LINK 7 CSPD=599.50 E0=25.264 E2=29.908)
M67 E0 Q25.000
M67 E2 Q24.413
G1 C360.000 F1.665278 (RING 8/24 R=39.3750 CSPD=599.50 E0=25.000 E2=24.413 QV=56.01)
M67 E0 Q26.345
M67 E2 Q31.188
G1 X2.5833 C5.000 F119.900000 (HOT LINK 8 CSPD=599.50 E0=26.345 E2=31.188)
M67 E0 Q25.000
M67 E2 Q26.015
G1 C360.000 F1.665278 (RING 9/24 R=41.9583 CSPD=599.50 E0=25.000 E2=26.015 QV=52.56)
M67 E0 Q27.450
M67 E2 Q32.496
G1 X2.5833 C5.000 F119.900000 (HOT LINK 9 CSPD=599.50 E0=27.450 E2=32.496)
M67 E0 Q25.000
M67 E2 Q27.616
G1 C360.000 F1.665278 (RING 10/24 R=44.5417 CSPD=599.50 E0=25.000 E2=27.616 QV=49.51)
M67 E0 Q28.577
M67 E2 Q33.830
G1 X2.5833 C5.000 F119.900000 (HOT LINK 10 CSPD=599.50 E0=28.577 E2=33.830)
M67 E0 Q25.000
M67 E2 Q29.218
G1 C360.000 F1.665278 (RING 11/24 R=47.1250 CSPD=599.50 E0=25.000 E2=29.218 QV=46.80)
M67 E0 Q29.722
M67 E2 Q35.186
G1 X2.5833 C5.000 F119.900000 (HOT LINK 11 CSPD=599.50 E0=29.722 E2=35.186)
M67 E0 Q26.034
M67 E2 Q30.820
G1 C360.000 F1.665278 (RING 12/24 R=49.7083 CSPD=599.50 E0=26.034 E2=30.820 QV=46.20)
M67 E0 Q30.885
M67 E2 Q36.562
G1 X2.5833 C5.000 F119.900000 (HOT LINK 12 CSPD=599.50 E0=30.885 E2=36.562)
M67 E0 Q27.387
M67 E2 Q32.421
G1 C360.000 F1.665278 (RING 13/24 R=52.2917 CSPD=599.50 E0=27.387 E2=32.421 QV=46.20)
M67 E0 Q32.062
M67 E2 Q37.956
G1 X2.5833 C5.000 F119.900000 (HOT LINK 13 CSPD=599.50 E0=32.062 E2=37.956)
M67 E0 Q28.740
M67 E2 Q34.023
G1 C360.000 F1.665278 (RING 14/24 R=54.8750 CSPD=599.50 E0=28.740 E2=34.023 QV=46.20)
M67 E0 Q33.253
M67 E2 Q39.365
G1 X2.5833 C5.000 F119.900000 (HOT LINK 14 CSPD=599.50 E0=33.253 E2=39.365)
M67 E0 Q30.093
M67 E2 Q35.625
G1 C360.000 F1.665278 (RING 15/24 R=57.4583 CSPD=599.50 E0=30.093 E2=35.625 QV=46.20)
M67 E0 Q34.455
M67 E2 Q40.789
G1 X2.5833 C5.000 F119.900000 (HOT LINK 15 CSPD=599.50 E0=34.455 E2=40.789)
M67 E0 Q31.446
M67 E2 Q37.226
G1 C360.000 F1.665278 (RING 16/24 R=60.0417 CSPD=599.50 E0=31.446 E2=37.226 QV=46.20)
M67 E0 Q35.669
M67 E2 Q42.225
G1 X2.5833 C5.000 F119.900000 (HOT LINK 16 CSPD=599.50 E0=35.669 E2=42.225)
M67 E0 Q32.799
M67 E2 Q38.828
G1 C360.000 F1.665278 (RING 17/24 R=62.6250 CSPD=599.50 E0=32.799 E2=38.828 QV=46.20)
M67 E0 Q36.892
M67 E2 Q43.673
G1 X2.5833 C5.000 F119.900000 (HOT LINK 17 CSPD=599.50 E0=36.892 E2=43.673)
M67 E0 Q34.152
M67 E2 Q40.430
G1 C360.000 F1.665278 (RING 18/24 R=65.2083 CSPD=599.50 E0=34.152 E2=40.430 QV=46.20)
M67 E0 Q37.950
M67 E2 Q45.132
G1 X2.5833 C5.000 F119.900000 (HOT LINK 18 CSPD=599.50 E0=37.950 E2=45.132)
M67 E0 Q35.505
M67 E2 Q42.031
G1 C360.000 F1.665278 (RING 19/24 R=67.7917 CSPD=599.50 E0=35.505 E2=42.031 QV=46.20)
M67 E0 Q37.950
M67 E2 Q46.599
G1 X2.5833 C5.000 F119.900000 (HOT LINK 19 CSPD=599.50 E0=37.950 E2=46.599)
M67 E0 Q36.858
M67 E2 Q43.633
G1 C360.000 F1.665278 (RING 20/24 R=70.3750 CSPD=599.50 E0=36.858 E2=43.633 QV=46.20)
M67 E0 Q37.950
M67 E2 Q48.076
G1 X2.5833 C5.000 F119.900000 (HOT LINK 20 CSPD=599.50 E0=37.950 E2=48.076)
M67 E0 Q37.950
M67 E2 Q45.235
G1 C360.000 F1.665278 (RING 21/24 R=72.9583 CSPD=599.50 E0=37.950 E2=45.235 QV=45.88)
M67 E0 Q37.950
M67 E2 Q49.500
G1 X2.5833 C5.000 F119.755299 (HOT LINK 21 CSPD=598.78 E0=37.950 E2=49.500)
M67 E0 Q37.950
M67 E2 Q46.836
G1 C360.000 F1.665278 (RING 22/24 R=75.5417 CSPD=599.50 E0=37.950 E2=46.836 QV=44.32)
M67 E0 Q37.950
M67 E2 Q49.500
G1 X2.5833 C5.000 F116.257198 (HOT LINK 22 CSPD=581.29 E0=37.950 E2=49.500)
M67 E0 Q37.950
M67 E2 Q48.438
G1 C360.000 F1.665278 (RING 23/24 R=78.1250 CSPD=599.50 E0=37.950 E2=48.438 QV=42.85)
M67 E0 Q37.950
M67 E2 Q49.500
G1 X2.5833 C5.000 F112.943680 (HOT LINK 23 CSPD=564.72 E0=37.950 E2=49.500)
M67 E0 Q37.950
M67 E2 Q49.500
G1 C360.000 F1.647313 (RING 24/24 R=80.7083 CSPD=593.03 E0=37.950 E2=49.500 QV=41.93)
(LAYER 2/32 Z=1.5333..3.0667 ZONE=FLANGE_NARROW DIR=inner_to_outer TRACKS=24 PITCH=2.5833 ADEP=3.9004 ACTIVE=14.6112min DWELL=0.0s)
M68 E2 Q0.000 (cold interlayer transition)
M68 E0 Q0.000
G1 X-59.4167 Z1.5333 C17.000 F35.264706
M67 E0 Q25.000 (synchronized layer hot state)
M67 E2 Q13.201
G1 C360.000 F1.665278 (RING 1/24 R=21.2917 CSPD=599.50 E0=25.000 E2=13.201 QV=103.58)
M67 E0 Q25.000
M67 E2 Q23.088
G1 X2.5833 C5.000 F119.900000 (HOT LINK 1 CSPD=599.50 E0=25.000 E2=23.088)
M67 E0 Q25.000
M67 E2 Q14.803
G1 C360.000 F1.665278 (RING 2/24 R=23.8750 CSPD=599.50 E0=25.000 E2=14.803 QV=92.37)
M67 E0 Q25.000
M67 E2 Q24.093
G1 X2.5833 C5.000 F119.900000 (HOT LINK 2 CSPD=599.50 E0=25.000 E2=24.093)
M67 E0 Q25.000
M67 E2 Q16.404
G1 C360.000 F1.665278 (RING 3/24 R=26.4583 CSPD=599.50 E0=25.000 E2=16.404 QV=83.35)
M67 E0 Q25.000
M67 E2 Q25.160
G1 X2.5833 C5.000 F119.900000 (HOT LINK 3 CSPD=599.50 E0=25.000 E2=25.160)
M67 E0 Q25.000
M67 E2 Q18.006
G1 C360.000 F1.665278 (RING 4/24 R=29.0417 CSPD=599.50 E0=25.000 E2=18.006 QV=75.94)
M67 E0 Q25.000
M67 E2 Q26.281
G1 X2.5833 C5.000 F119.900000 (HOT LINK 4 CSPD=599.50 E0=25.000 E2=26.281)
M67 E0 Q25.000
M67 E2 Q19.608
G1 C360.000 F1.665278 (RING 5/24 R=31.6250 CSPD=599.50 E0=25.000 E2=19.608 QV=69.73)
M67 E0 Q25.000
M67 E2 Q27.450
G1 X2.5833 C5.000 F119.900000 (HOT LINK 5 CSPD=599.50 E0=25.000 E2=27.450)
M67 E0 Q25.000
M67 E2 Q21.209
G1 C360.000 F1.665278 (RING 6/24 R=34.2083 CSPD=599.50 E0=25.000 E2=21.209 QV=64.47)
M67 E0 Q25.000
M67 E2 Q28.660
G1 X2.5833 C5.000 F119.900000 (HOT LINK 6 CSPD=599.50 E0=25.000 E2=28.660)
M67 E0 Q25.000
M67 E2 Q22.811
G1 C360.000 F1.665278 (RING 7/24 R=36.7917 CSPD=599.50 E0=25.000 E2=22.811 QV=59.94)
M67 E0 Q25.000
M67 E2 Q29.908
G1 X2.5833 C5.000 F119.900000 (HOT LINK 7 CSPD=599.50 E0=25.000 E2=29.908)
M67 E0 Q25.000
M67 E2 Q24.413
G1 C360.000 F1.665278 (RING 8/24 R=39.3750 CSPD=599.50 E0=25.000 E2=24.413 QV=56.01)
M67 E0 Q25.090
M67 E2 Q31.188
G1 X2.5833 C5.000 F119.900000 (HOT LINK 8 CSPD=599.50 E0=25.090 E2=31.188)
M67 E0 Q25.000
M67 E2 Q26.015
G1 C360.000 F1.665278 (RING 9/24 R=41.9583 CSPD=599.50 E0=25.000 E2=26.015 QV=52.56)
M67 E0 Q26.143
M67 E2 Q32.496
G1 X2.5833 C5.000 F119.900000 (HOT LINK 9 CSPD=599.50 E0=26.143 E2=32.496)
M67 E0 Q25.000
M67 E2 Q27.616
G1 C360.000 F1.665278 (RING 10/24 R=44.5417 CSPD=599.50 E0=25.000 E2=27.616 QV=49.51)
M67 E0 Q27.216
M67 E2 Q33.830
G1 X2.5833 C5.000 F119.900000 (HOT LINK 10 CSPD=599.50 E0=27.216 E2=33.830)
M67 E0 Q25.000
M67 E2 Q29.218
G1 C360.000 F1.665278 (RING 11/24 R=47.1250 CSPD=599.50 E0=25.000 E2=29.218 QV=46.80)
M67 E0 Q28.307
M67 E2 Q35.186
G1 X2.5833 C5.000 F119.900000 (HOT LINK 11 CSPD=599.50 E0=28.307 E2=35.186)
M67 E0 Q25.000
M67 E2 Q30.820
G1 C360.000 F1.665278 (RING 12/24 R=49.7083 CSPD=599.50 E0=25.000 E2=30.820 QV=44.37)
M67 E0 Q29.414
M67 E2 Q36.562
G1 X2.5833 C5.000 F119.900000 (HOT LINK 12 CSPD=599.50 E0=29.414 E2=36.562)
M67 E0 Q26.083
M67 E2 Q32.421
G1 C360.000 F1.665278 (RING 13/24 R=52.2917 CSPD=599.50 E0=26.083 E2=32.421 QV=44.00)
M67 E0 Q30.535
M67 E2 Q37.956
G1 X2.5833 C5.000 F119.900000 (HOT LINK 13 CSPD=599.50 E0=30.535 E2=37.956)
M67 E0 Q27.371
M67 E2 Q34.023
G1 C360.000 F1.665278 (RING 14/24 R=54.8750 CSPD=599.50 E0=27.371 E2=34.023 QV=44.00)
M67 E0 Q31.669
M67 E2 Q39.365
G1 X2.5833 C5.000 F119.900000 (HOT LINK 14 CSPD=599.50 E0=31.669 E2=39.365)
M67 E0 Q28.660
M67 E2 Q35.625
G1 C360.000 F1.665278 (RING 15/24 R=57.4583 CSPD=599.50 E0=28.660 E2=35.625 QV=44.00)
M67 E0 Q32.815
M67 E2 Q40.789
G1 X2.5833 C5.000 F119.900000 (HOT LINK 15 CSPD=599.50 E0=32.815 E2=40.789)
M67 E0 Q29.949
M67 E2 Q37.226
G1 C360.000 F1.665278 (RING 16/24 R=60.0417 CSPD=599.50 E0=29.949 E2=37.226 QV=44.00)
M67 E0 Q33.970
M67 E2 Q42.225
G1 X2.5833 C5.000 F119.900000 (HOT LINK 16 CSPD=599.50 E0=33.970 E2=42.225)
M67 E0 Q31.237
M67 E2 Q38.828
G1 C360.000 F1.665278 (RING 17/24 R=62.6250 CSPD=599.50 E0=31.237 E2=38.828 QV=44.00)
M67 E0 Q35.135
M67 E2 Q43.673
G1 X2.5833 C5.000 F119.900000 (HOT LINK 17 CSPD=599.50 E0=35.135 E2=43.673)
M67 E0 Q32.526
M67 E2 Q40.430
G1 C360.000 F1.665278 (RING 18/24 R=65.2083 CSPD=599.50 E0=32.526 E2=40.430 QV=44.00)
M67 E0 Q36.308
M67 E2 Q45.132
G1 X2.5833 C5.000 F119.900000 (HOT LINK 18 CSPD=599.50 E0=36.308 E2=45.132)
M67 E0 Q33.814
M67 E2 Q42.031
G1 C360.000 F1.665278 (RING 19/24 R=67.7917 CSPD=599.50 E0=33.814 E2=42.031 QV=44.00)
M67 E0 Q37.489
M67 E2 Q46.599
G1 X2.5833 C5.000 F119.900000 (HOT LINK 19 CSPD=599.50 E0=37.489 E2=46.599)
M67 E0 Q35.103
M67 E2 Q43.633
G1 C360.000 F1.665278 (RING 20/24 R=70.3750 CSPD=599.50 E0=35.103 E2=43.633 QV=44.00)
M67 E0 Q37.950
M67 E2 Q48.076
G1 X2.5833 C5.000 F119.900000 (HOT LINK 20 CSPD=599.50 E0=37.950 E2=48.076)
M67 E0 Q36.391
M67 E2 Q45.235
G1 C360.000 F1.665278 (RING 21/24 R=72.9583 CSPD=599.50 E0=36.391 E2=45.235 QV=44.00)
M67 E0 Q37.950
M67 E2 Q49.500
G1 X2.5833 C5.000 F119.755299 (HOT LINK 21 CSPD=598.78 E0=37.950 E2=49.500)
M67 E0 Q37.680
M67 E2 Q46.836
G1 C360.000 F1.665278 (RING 22/24 R=75.5417 CSPD=599.50 E0=37.680 E2=46.836 QV=44.00)
M67 E0 Q37.950
M67 E2 Q49.500
G1 X2.5833 C5.000 F116.257198 (HOT LINK 22 CSPD=581.29 E0=37.950 E2=49.500)
M67 E0 Q37.950
M67 E2 Q48.438
G1 C360.000 F1.665278 (RING 23/24 R=78.1250 CSPD=599.50 E0=37.950 E2=48.438 QV=42.85)
M67 E0 Q37.950
M67 E2 Q49.500
G1 X2.5833 C5.000 F112.943680 (HOT LINK 23 CSPD=564.72 E0=37.950 E2=49.500)
M67 E0 Q36.637
M67 E2 Q49.500
G1 C360.000 F1.647313 (RING 24/24 R=80.7083 CSPD=593.03 E0=36.637 E2=49.500 QV=40.48)
(LAYER 3/32 Z=3.0667..4.6000 ZONE=FLANGE_NARROW DIR=inner_to_outer TRACKS=24 PITCH=2.5833 ADEP=3.9004 ACTIVE=14.6112min DWELL=0.0s)
M68 E2 Q0.000 (cold interlayer transition)
M68 E0 Q0.000
G1 X-59.4167 Z1.5333 C17.000 F35.264706
M67 E0 Q25.000 (synchronized layer hot state)
M67 E2 Q13.201
G1 C360.000 F1.665278 (RING 1/24 R=21.2917 CSPD=599.50 E0=25.000 E2=13.201 QV=103.58)
M67 E0 Q25.000
M67 E2 Q23.088
G1 X2.5833 C5.000 F119.900000 (HOT LINK 1 CSPD=599.50 E0=25.000 E2=23.088)
M67 E0 Q25.000
M67 E2 Q14.803
G1 C360.000 F1.665278 (RING 2/24 R=23.8750 CSPD=599.50 E0=25.000 E2=14.803 QV=92.37)
M67 E0 Q25.000
M67 E2 Q24.093
G1 X2.5833 C5.000 F119.900000 (HOT LINK 2 CSPD=599.50 E0=25.000 E2=24.093)
M67 E0 Q25.000
M67 E2 Q16.404
G1 C360.000 F1.665278 (RING 3/24 R=26.4583 CSPD=599.50 E0=25.000 E2=16.404 QV=83.35)
M67 E0 Q25.000
M67 E2 Q25.160
G1 X2.5833 C5.000 F119.900000 (HOT LINK 3 CSPD=599.50 E0=25.000 E2=25.160)
M67 E0 Q25.000
M67 E2 Q18.006
G1 C360.000 F1.665278 (RING 4/24 R=29.0417 CSPD=599.50 E0=25.000 E2=18.006 QV=75.94)
M67 E0 Q25.000
M67 E2 Q26.281
G1 X2.5833 C5.000 F119.900000 (HOT LINK 4 CSPD=599.50 E0=25.000 E2=26.281)
M67 E0 Q25.000
M67 E2 Q19.608
G1 C360.000 F1.665278 (RING 5/24 R=31.6250 CSPD=599.50 E0=25.000 E2=19.608 QV=69.73)
M67 E0 Q25.000
M67 E2 Q27.450
G1 X2.5833 C5.000 F119.900000 (HOT LINK 5 CSPD=599.50 E0=25.000 E2=27.450)
M67 E0 Q25.000
M67 E2 Q21.209
G1 C360.000 F1.665278 (RING 6/24 R=34.2083 CSPD=599.50 E0=25.000 E2=21.209 QV=64.47)
M67 E0 Q25.000
M67 E2 Q28.660
G1 X2.5833 C5.000 F119.900000 (HOT LINK 6 CSPD=599.50 E0=25.000 E2=28.660)
M67 E0 Q25.000
M67 E2 Q22.811
G1 C360.000 F1.665278 (RING 7/24 R=36.7917 CSPD=599.50 E0=25.000 E2=22.811 QV=59.94)
M67 E0 Q25.000
M67 E2 Q29.908
G1 X2.5833 C5.000 F119.900000 (HOT LINK 7 CSPD=599.50 E0=25.000 E2=29.908)
M67 E0 Q25.000
M67 E2 Q24.413
G1 C360.000 F1.665278 (RING 8/24 R=39.3750 CSPD=599.50 E0=25.000 E2=24.413 QV=56.01)
M67 E0 Q25.000
M67 E2 Q31.188
G1 X2.5833 C5.000 F119.900000 (HOT LINK 8 CSPD=599.50 E0=25.000 E2=31.188)
M67 E0 Q25.000
M67 E2 Q26.015
G1 C360.000 F1.665278 (RING 9/24 R=41.9583 CSPD=599.50 E0=25.000 E2=26.015 QV=52.56)
M67 E0 Q25.000
M67 E2 Q32.496
G1 X2.5833 C5.000 F119.900000 (HOT LINK 9 CSPD=599.50 E0=25.000 E2=32.496)
M67 E0 Q25.000
M67 E2 Q27.616
G1 C360.000 F1.665278 (RING 10/24 R=44.5417 CSPD=599.50 E0=25.000 E2=27.616 QV=49.51)
M67 E0 Q25.855
M67 E2 Q33.830
G1 X2.5833 C5.000 F119.900000 (HOT LINK 10 CSPD=599.50 E0=25.855 E2=33.830)
M67 E0 Q25.000
M67 E2 Q29.218
G1 C360.000 F1.665278 (RING 11/24 R=47.1250 CSPD=599.50 E0=25.000 E2=29.218 QV=46.80)
M67 E0 Q26.892
M67 E2 Q35.186
G1 X2.5833 C5.000 F119.900000 (HOT LINK 11 CSPD=599.50 E0=26.892 E2=35.186)
M67 E0 Q25.000
M67 E2 Q30.820
G1 C360.000 F1.665278 (RING 12/24 R=49.7083 CSPD=599.50 E0=25.000 E2=30.820 QV=44.37)
M67 E0 Q27.943
M67 E2 Q36.562
G1 X2.5833 C5.000 F119.900000 (HOT LINK 12 CSPD=599.50 E0=27.943 E2=36.562)
M67 E0 Q25.000
M67 E2 Q32.421
G1 C360.000 F1.665278 (RING 13/24 R=52.2917 CSPD=599.50 E0=25.000 E2=32.421 QV=42.17)
M67 E0 Q29.008
M67 E2 Q37.956
G1 X2.5833 C5.000 F119.900000 (HOT LINK 13 CSPD=599.50 E0=29.008 E2=37.956)
M67 E0 Q26.003
M67 E2 Q34.023
G1 C360.000 F1.665278 (RING 14/24 R=54.8750 CSPD=599.50 E0=26.003 E2=34.023 QV=41.80)
M67 E0 Q30.086
M67 E2 Q39.365
G1 X2.5833 C5.000 F119.900000 (HOT LINK 14 CSPD=599.50 E0=30.086 E2=39.365)
M67 E0 Q27.227
M67 E2 Q35.625
G1 C360.000 F1.665278 (RING 15/24 R=57.4583 CSPD=599.50 E0=27.227 E2=35.625 QV=41.80)
M67 E0 Q31.174
M67 E2 Q40.789
G1 X2.5833 C5.000 F119.900000 (HOT LINK 15 CSPD=599.50 E0=31.174 E2=40.789)
M67 E0 Q28.451
M67 E2 Q37.226
G1 C360.000 F1.665278 (RING 16/24 R=60.0417 CSPD=599.50 E0=28.451 E2=37.226 QV=41.80)
M67 E0 Q32.272
M67 E2 Q42.225
G1 X2.5833 C5.000 F119.900000 (HOT LINK 16 CSPD=599.50 E0=32.272 E2=42.225)
M67 E0 Q29.675
M67 E2 Q38.828
G1 C360.000 F1.665278 (RING 17/24 R=62.6250 CSPD=599.50 E0=29.675 E2=38.828 QV=41.80)
M67 E0 Q33.378
M67 E2 Q43.673
G1 X2.5833 C5.000 F119.900000 (HOT LINK 17 CSPD=599.50 E0=33.378 E2=43.673)
M67 E0 Q30.899
M67 E2 Q40.430
G1 C360.000 F1.665278 (RING 18/24 R=65.2083 CSPD=599.50 E0=30.899 E2=40.430 QV=41.80)
M67 E0 Q34.493
M67 E2 Q45.132
G1 X2.5833 C5.000 F119.900000 (HOT LINK 18 CSPD=599.50 E0=34.493 E2=45.132)
M67 E0 Q32.124
M67 E2 Q42.031
G1 C360.000 F1.665278 (RING 19/24 R=67.7917 CSPD=599.50 E0=32.124 E2=42.031 QV=41.80)
M67 E0 Q35.615
M67 E2 Q46.599
G1 X2.5833 C5.000 F119.900000 (HOT LINK 19 CSPD=599.50 E0=35.615 E2=46.599)
M67 E0 Q33.348
M67 E2 Q43.633
G1 C360.000 F1.665278 (RING 20/24 R=70.3750 CSPD=599.50 E0=33.348 E2=43.633 QV=41.80)
M67 E0 Q36.743
M67 E2 Q48.076
G1 X2.5833 C5.000 F119.900000 (HOT LINK 20 CSPD=599.50 E0=36.743 E2=48.076)
M67 E0 Q34.572
M67 E2 Q45.235
G1 C360.000 F1.665278 (RING 21/24 R=72.9583 CSPD=599.50 E0=34.572 E2=45.235 QV=41.80)
M67 E0 Q37.832
M67 E2 Q49.500
G1 X2.5833 C5.000 F119.755299 (HOT LINK 21 CSPD=598.78 E0=37.832 E2=49.500)
M67 E0 Q35.796
M67 E2 Q46.836
G1 C360.000 F1.665278 (RING 22/24 R=75.5417 CSPD=599.50 E0=35.796 E2=46.836 QV=41.80)
M67 E0 Q37.832
M67 E2 Q49.500
G1 X2.5833 C5.000 F116.257198 (HOT LINK 22 CSPD=581.29 E0=37.832 E2=49.500)
M67 E0 Q37.020
M67 E2 Q48.438
G1 C360.000 F1.665278 (RING 23/24 R=78.1250 CSPD=599.50 E0=37.020 E2=48.438 QV=41.80)
M67 E0 Q37.832
M67 E2 Q49.500
G1 X2.5833 C5.000 F112.943680 (HOT LINK 23 CSPD=564.72 E0=37.832 E2=49.500)
M67 E0 Q34.805
M67 E2 Q49.500
G1 C360.000 F1.647313 (RING 24/24 R=80.7083 CSPD=593.03 E0=34.805 E2=49.500 QV=38.46)
(LAYER 4/32 Z=4.6000..6.1333 ZONE=FLANGE_NARROW DIR=inner_to_outer TRACKS=24 PITCH=2.5833 ADEP=3.9004 ACTIVE=14.6112min DWELL=0.0s)
M68 E2 Q0.000 (cold interlayer transition)
M68 E0 Q0.000
G1 X-59.4167 Z1.5333 C17.000 F35.264706
M67 E0 Q25.000 (synchronized layer hot state)
M67 E2 Q13.201
G1 C360.000 F1.665278 (RING 1/24 R=21.2917 CSPD=599.50 E0=25.000 E2=13.201 QV=103.58)
M67 E0 Q25.000
M67 E2 Q23.088
G1 X2.5833 C5.000 F119.900000 (HOT LINK 1 CSPD=599.50 E0=25.000 E2=23.088)
M67 E0 Q25.000
M67 E2 Q14.803
G1 C360.000 F1.665278 (RING 2/24 R=23.8750 CSPD=599.50 E0=25.000 E2=14.803 QV=92.37)
M67 E0 Q25.000
M67 E2 Q24.093
G1 X2.5833 C5.000 F119.900000 (HOT LINK 2 CSPD=599.50 E0=25.000 E2=24.093)
M67 E0 Q25.000
M67 E2 Q16.404
G1 C360.000 F1.665278 (RING 3/24 R=26.4583 CSPD=599.50 E0=25.000 E2=16.404 QV=83.35)
M67 E0 Q25.000
M67 E2 Q25.160
G1 X2.5833 C5.000 F119.900000 (HOT LINK 3 CSPD=599.50 E0=25.000 E2=25.160)
M67 E0 Q25.000
M67 E2 Q18.006
G1 C360.000 F1.665278 (RING 4/24 R=29.0417 CSPD=599.50 E0=25.000 E2=18.006 QV=75.94)
M67 E0 Q25.000
M67 E2 Q26.281
G1 X2.5833 C5.000 F119.900000 (HOT LINK 4 CSPD=599.50 E0=25.000 E2=26.281)
M67 E0 Q25.000
M67 E2 Q19.608
G1 C360.000 F1.665278 (RING 5/24 R=31.6250 CSPD=599.50 E0=25.000 E2=19.608 QV=69.73)
M67 E0 Q25.000
M67 E2 Q27.450
G1 X2.5833 C5.000 F119.900000 (HOT LINK 5 CSPD=599.50 E0=25.000 E2=27.450)
M67 E0 Q25.000
M67 E2 Q21.209
G1 C360.000 F1.665278 (RING 6/24 R=34.2083 CSPD=599.50 E0=25.000 E2=21.209 QV=64.47)
M67 E0 Q25.000
M67 E2 Q28.660
G1 X2.5833 C5.000 F119.900000 (HOT LINK 6 CSPD=599.50 E0=25.000 E2=28.660)
M67 E0 Q25.000
M67 E2 Q22.811
G1 C360.000 F1.665278 (RING 7/24 R=36.7917 CSPD=599.50 E0=25.000 E2=22.811 QV=59.94)
M67 E0 Q25.000
M67 E2 Q29.908
G1 X2.5833 C5.000 F119.900000 (HOT LINK 7 CSPD=599.50 E0=25.000 E2=29.908)
M67 E0 Q25.000
M67 E2 Q24.413
G1 C360.000 F1.665278 (RING 8/24 R=39.3750 CSPD=599.50 E0=25.000 E2=24.413 QV=56.01)
M67 E0 Q25.000
M67 E2 Q31.188
G1 X2.5833 C5.000 F119.900000 (HOT LINK 8 CSPD=599.50 E0=25.000 E2=31.188)
M67 E0 Q25.000
M67 E2 Q26.015
G1 C360.000 F1.665278 (RING 9/24 R=41.9583 CSPD=599.50 E0=25.000 E2=26.015 QV=52.56)
M67 E0 Q25.000
M67 E2 Q32.496
G1 X2.5833 C5.000 F119.900000 (HOT LINK 9 CSPD=599.50 E0=25.000 E2=32.496)
M67 E0 Q25.000
M67 E2 Q27.616
G1 C360.000 F1.665278 (RING 10/24 R=44.5417 CSPD=599.50 E0=25.000 E2=27.616 QV=49.51)
M67 E0 Q25.000
M67 E2 Q33.830
G1 X2.5833 C5.000 F119.900000 (HOT LINK 10 CSPD=599.50 E0=25.000 E2=33.830)
M67 E0 Q25.000
M67 E2 Q29.218
G1 C360.000 F1.665278 (RING 11/24 R=47.1250 CSPD=599.50 E0=25.000 E2=29.218 QV=46.80)
M67 E0 Q25.830
M67 E2 Q35.186
G1 X2.5833 C5.000 F119.900000 (HOT LINK 11 CSPD=599.50 E0=25.830 E2=35.186)
M67 E0 Q25.000
M67 E2 Q30.820
G1 C360.000 F1.665278 (RING 12/24 R=49.7083 CSPD=599.50 E0=25.000 E2=30.820 QV=44.37)
M67 E0 Q26.840
M67 E2 Q36.562
G1 X2.5833 C5.000 F119.900000 (HOT LINK 12 CSPD=599.50 E0=26.840 E2=36.562)
M67 E0 Q25.000
M67 E2 Q32.421
G1 C360.000 F1.665278 (RING 13/24 R=52.2917 CSPD=599.50 E0=25.000 E2=32.421 QV=42.17)
M67 E0 Q27.863
M67 E2 Q37.956
G1 X2.5833 C5.000 F119.900000 (HOT LINK 13 CSPD=599.50 E0=27.863 E2=37.956)
M67 E0 Q25.000
M67 E2 Q34.023
G1 C360.000 F1.665278 (RING 14/24 R=54.8750 CSPD=599.50 E0=25.000 E2=34.023 QV=40.19)
M67 E0 Q28.898
M67 E2 Q39.365
G1 X2.5833 C5.000 F119.900000 (HOT LINK 14 CSPD=599.50 E0=28.898 E2=39.365)
M67 E0 Q26.152
M67 E2 Q35.625
G1 C360.000 F1.665278 (RING 15/24 R=57.4583 CSPD=599.50 E0=26.152 E2=35.625 QV=40.15)
M67 E0 Q29.943
M67 E2 Q40.789
G1 X2.5833 C5.000 F119.900000 (HOT LINK 15 CSPD=599.50 E0=29.943 E2=40.789)
M67 E0 Q27.328
M67 E2 Q37.226
G1 C360.000 F1.665278 (RING 16/24 R=60.0417 CSPD=599.50 E0=27.328 E2=37.226 QV=40.15)
M67 E0 Q30.998
M67 E2 Q42.225
G1 X2.5833 C5.000 F119.900000 (HOT LINK 16 CSPD=599.50 E0=30.998 E2=42.225)
M67 E0 Q28.504
M67 E2 Q38.828
G1 C360.000 F1.665278 (RING 17/24 R=62.6250 CSPD=599.50 E0=28.504 E2=38.828 QV=40.15)
M67 E0 Q32.061
M67 E2 Q43.673
G1 X2.5833 C5.000 F119.900000 (HOT LINK 17 CSPD=599.50 E0=32.061 E2=43.673)
M67 E0 Q29.680
M67 E2 Q40.430
G1 C360.000 F1.665278 (RING 18/24 R=65.2083 CSPD=599.50 E0=29.680 E2=40.430 QV=40.15)
M67 E0 Q33.131
M67 E2 Q45.132
G1 X2.5833 C5.000 F119.900000 (HOT LINK 18 CSPD=599.50 E0=33.131 E2=45.132)
M67 E0 Q30.855
M67 E2 Q42.031
G1 C360.000 F1.665278 (RING 19/24 R=67.7917 CSPD=599.50 E0=30.855 E2=42.031 QV=40.15)
M67 E0 Q34.209
M67 E2 Q46.599
G1 X2.5833 C5.000 F119.900000 (HOT LINK 19 CSPD=599.50 E0=34.209 E2=46.599)
M67 E0 Q32.031
M67 E2 Q43.633
G1 C360.000 F1.665278 (RING 20/24 R=70.3750 CSPD=599.50 E0=32.031 E2=43.633 QV=40.15)
M67 E0 Q35.293
M67 E2 Q48.076
G1 X2.5833 C5.000 F119.900000 (HOT LINK 20 CSPD=599.50 E0=35.293 E2=48.076)
M67 E0 Q33.207
M67 E2 Q45.235
G1 C360.000 F1.665278 (RING 21/24 R=72.9583 CSPD=599.50 E0=33.207 E2=45.235 QV=40.15)
M67 E0 Q36.338
M67 E2 Q49.500
G1 X2.5833 C5.000 F119.755299 (HOT LINK 21 CSPD=598.78 E0=36.338 E2=49.500)
M67 E0 Q34.383
M67 E2 Q46.836
G1 C360.000 F1.665278 (RING 22/24 R=75.5417 CSPD=599.50 E0=34.383 E2=46.836 QV=40.15)
M67 E0 Q36.338
M67 E2 Q49.500
G1 X2.5833 C5.000 F116.257198 (HOT LINK 22 CSPD=581.29 E0=36.338 E2=49.500)
M67 E0 Q35.559
M67 E2 Q48.438
G1 C360.000 F1.665278 (RING 23/24 R=78.1250 CSPD=599.50 E0=35.559 E2=48.438 QV=40.15)
M67 E0 Q36.338
M67 E2 Q49.500
G1 X2.5833 C5.000 F112.943680 (HOT LINK 23 CSPD=564.72 E0=36.338 E2=49.500)
M67 E0 Q33.431
M67 E2 Q49.500
G1 C360.000 F1.647313 (RING 24/24 R=80.7083 CSPD=593.03 E0=33.431 E2=49.500 QV=36.94)
(LAYER 5/32 Z=6.1333..7.6667 ZONE=FLANGE_NARROW DIR=inner_to_outer TRACKS=24 PITCH=2.5833 ADEP=3.9004 ACTIVE=14.6112min DWELL=0.0s)
M68 E2 Q0.000 (cold interlayer transition)
M68 E0 Q0.000
G1 X-59.4167 Z1.5333 C17.000 F35.264706
M67 E0 Q25.000 (synchronized layer hot state)
M67 E2 Q13.201
G1 C360.000 F1.665278 (RING 1/24 R=21.2917 CSPD=599.50 E0=25.000 E2=13.201 QV=103.58)
M67 E0 Q25.000
M67 E2 Q23.088
G1 X2.5833 C5.000 F119.900000 (HOT LINK 1 CSPD=599.50 E0=25.000 E2=23.088)
M67 E0 Q25.000
M67 E2 Q14.803
G1 C360.000 F1.665278 (RING 2/24 R=23.8750 CSPD=599.50 E0=25.000 E2=14.803 QV=92.37)
M67 E0 Q25.000
M67 E2 Q24.093
G1 X2.5833 C5.000 F119.900000 (HOT LINK 2 CSPD=599.50 E0=25.000 E2=24.093)
M67 E0 Q25.000
M67 E2 Q16.404
G1 C360.000 F1.665278 (RING 3/24 R=26.4583 CSPD=599.50 E0=25.000 E2=16.404 QV=83.35)
M67 E0 Q25.000
M67 E2 Q25.160
G1 X2.5833 C5.000 F119.900000 (HOT LINK 3 CSPD=599.50 E0=25.000 E2=25.160)
M67 E0 Q25.000
M67 E2 Q18.006
G1 C360.000 F1.665278 (RING 4/24 R=29.0417 CSPD=599.50 E0=25.000 E2=18.006 QV=75.94)
M67 E0 Q25.000
M67 E2 Q26.281
G1 X2.5833 C5.000 F119.900000 (HOT LINK 4 CSPD=599.50 E0=25.000 E2=26.281)
M67 E0 Q25.000
M67 E2 Q19.608
G1 C360.000 F1.665278 (RING 5/24 R=31.6250 CSPD=599.50 E0=25.000 E2=19.608 QV=69.73)
M67 E0 Q25.000
M67 E2 Q27.450
G1 X2.5833 C5.000 F119.900000 (HOT LINK 5 CSPD=599.50 E0=25.000 E2=27.450)
M67 E0 Q25.000
M67 E2 Q21.209
G1 C360.000 F1.665278 (RING 6/24 R=34.2083 CSPD=599.50 E0=25.000 E2=21.209 QV=64.47)
M67 E0 Q25.000
M67 E2 Q28.660
G1 X2.5833 C5.000 F119.900000 (HOT LINK 6 CSPD=599.50 E0=25.000 E2=28.660)
M67 E0 Q25.000
M67 E2 Q22.811
G1 C360.000 F1.665278 (RING 7/24 R=36.7917 CSPD=599.50 E0=25.000 E2=22.811 QV=59.94)
M67 E0 Q25.000
M67 E2 Q29.908
G1 X2.5833 C5.000 F119.900000 (HOT LINK 7 CSPD=599.50 E0=25.000 E2=29.908)
M67 E0 Q25.000
M67 E2 Q24.413
G1 C360.000 F1.665278 (RING 8/24 R=39.3750 CSPD=599.50 E0=25.000 E2=24.413 QV=56.01)
M67 E0 Q25.000
M67 E2 Q31.188
G1 X2.5833 C5.000 F119.900000 (HOT LINK 8 CSPD=599.50 E0=25.000 E2=31.188)
M67 E0 Q25.000
M67 E2 Q26.015
G1 C360.000 F1.665278 (RING 9/24 R=41.9583 CSPD=599.50 E0=25.000 E2=26.015 QV=52.56)
M67 E0 Q25.000
M67 E2 Q32.496
G1 X2.5833 C5.000 F119.900000 (HOT LINK 9 CSPD=599.50 E0=25.000 E2=32.496)
M67 E0 Q25.000
M67 E2 Q27.616
G1 C360.000 F1.665278 (RING 10/24 R=44.5417 CSPD=599.50 E0=25.000 E2=27.616 QV=49.51)
M67 E0 Q25.000
M67 E2 Q33.830
G1 X2.5833 C5.000 F119.900000 (HOT LINK 10 CSPD=599.50 E0=25.000 E2=33.830)
M67 E0 Q25.000
M67 E2 Q29.218
G1 C360.000 F1.665278 (RING 11/24 R=47.1250 CSPD=599.50 E0=25.000 E2=29.218 QV=46.80)
M67 E0 Q25.000
M67 E2 Q35.186
G1 X2.5833 C5.000 F119.900000 (HOT LINK 11 CSPD=599.50 E0=25.000 E2=35.186)
M67 E0 Q25.000
M67 E2 Q30.820
G1 C360.000 F1.665278 (RING 12/24 R=49.7083 CSPD=599.50 E0=25.000 E2=30.820 QV=44.37)
M67 E0 Q25.737
M67 E2 Q36.562
G1 X2.5833 C5.000 F119.900000 (HOT LINK 12 CSPD=599.50 E0=25.737 E2=36.562)
M67 E0 Q25.000
M67 E2 Q32.421
G1 C360.000 F1.665278 (RING 13/24 R=52.2917 CSPD=599.50 E0=25.000 E2=32.421 QV=42.17)
M67 E0 Q26.718
M67 E2 Q37.956
G1 X2.5833 C5.000 F119.900000 (HOT LINK 13 CSPD=599.50 E0=26.718 E2=37.956)
M67 E0 Q25.000
M67 E2 Q34.023
G1 C360.000 F1.665278 (RING 14/24 R=54.8750 CSPD=599.50 E0=25.000 E2=34.023 QV=40.19)
M67 E0 Q27.711
M67 E2 Q39.365
G1 X2.5833 C5.000 F119.900000 (HOT LINK 14 CSPD=599.50 E0=27.711 E2=39.365)
M67 E0 Q25.077
M67 E2 Q35.625
G1 C360.000 F1.665278 (RING 15/24 R=57.4583 CSPD=599.50 E0=25.077 E2=35.625 QV=38.50)
M67 E0 Q28.713
M67 E2 Q40.789
G1 X2.5833 C5.000 F119.900000 (HOT LINK 15 CSPD=599.50 E0=28.713 E2=40.789)
M67 E0 Q26.205
M67 E2 Q37.226
G1 C360.000 F1.665278 (RING 16/24 R=60.0417 CSPD=599.50 E0=26.205 E2=37.226 QV=38.50)
M67 E0 Q29.724
M67 E2 Q42.225
G1 X2.5833 C5.000 F119.900000 (HOT LINK 16 CSPD=599.50 E0=29.724 E2=42.225)
M67 E0 Q27.332
M67 E2 Q38.828
G1 C360.000 F1.665278 (RING 17/24 R=62.6250 CSPD=599.50 E0=27.332 E2=38.828 QV=38.50)
M67 E0 Q30.743
M67 E2 Q43.673
G1 X2.5833 C5.000 F119.900000 (HOT LINK 17 CSPD=599.50 E0=30.743 E2=43.673)
M67 E0 Q28.460
M67 E2 Q40.430
G1 C360.000 F1.665278 (RING 18/24 R=65.2083 CSPD=599.50 E0=28.460 E2=40.430 QV=38.50)
M67 E0 Q31.770
M67 E2 Q45.132
G1 X2.5833 C5.000 F119.900000 (HOT LINK 18 CSPD=599.50 E0=31.770 E2=45.132)
M67 E0 Q29.587
M67 E2 Q42.031
G1 C360.000 F1.665278 (RING 19/24 R=67.7917 CSPD=599.50 E0=29.587 E2=42.031 QV=38.50)
M67 E0 Q32.803
M67 E2 Q46.599
G1 X2.5833 C5.000 F119.900000 (HOT LINK 19 CSPD=599.50 E0=32.803 E2=46.599)
M67 E0 Q30.715
M67 E2 Q43.633
G1 C360.000 F1.665278 (RING 20/24 R=70.3750 CSPD=599.50 E0=30.715 E2=43.633 QV=38.50)
M67 E0 Q33.842
M67 E2 Q48.076
G1 X2.5833 C5.000 F119.900000 (HOT LINK 20 CSPD=599.50 E0=33.842 E2=48.076)
M67 E0 Q31.842
M67 E2 Q45.235
G1 C360.000 F1.665278 (RING 21/24 R=72.9583 CSPD=599.50 E0=31.842 E2=45.235 QV=38.50)
M67 E0 Q34.845
M67 E2 Q49.500
G1 X2.5833 C5.000 F119.755299 (HOT LINK 21 CSPD=598.78 E0=34.845 E2=49.500)
M67 E0 Q32.970
M67 E2 Q46.836
G1 C360.000 F1.665278 (RING 22/24 R=75.5417 CSPD=599.50 E0=32.970 E2=46.836 QV=38.50)
M67 E0 Q34.845
M67 E2 Q49.500
G1 X2.5833 C5.000 F116.257198 (HOT LINK 22 CSPD=581.29 E0=34.845 E2=49.500)
M67 E0 Q34.097
M67 E2 Q48.438
G1 C360.000 F1.665278 (RING 23/24 R=78.1250 CSPD=599.50 E0=34.097 E2=48.438 QV=38.50)
M67 E0 Q34.845
M67 E2 Q49.500
G1 X2.5833 C5.000 F112.943680 (HOT LINK 23 CSPD=564.72 E0=34.845 E2=49.500)
M67 E0 Q32.057
M67 E2 Q49.500
G1 C360.000 F1.647313 (RING 24/24 R=80.7083 CSPD=593.03 E0=32.057 E2=49.500 QV=35.42)
(LAYER 6/32 Z=7.6667..9.2000 ZONE=FLANGE_NARROW DIR=inner_to_outer TRACKS=24 PITCH=2.5833 ADEP=3.9004 ACTIVE=14.6112min DWELL=0.0s)
M68 E2 Q0.000 (cold interlayer transition)
M68 E0 Q0.000
G1 X-59.4167 Z1.5333 C17.000 F35.264706
M67 E0 Q25.000 (synchronized layer hot state)
M67 E2 Q13.201
G1 C360.000 F1.665278 (RING 1/24 R=21.2917 CSPD=599.50 E0=25.000 E2=13.201 QV=103.58)
M67 E0 Q25.000
M67 E2 Q23.088
G1 X2.5833 C5.000 F119.900000 (HOT LINK 1 CSPD=599.50 E0=25.000 E2=23.088)
M67 E0 Q25.000
M67 E2 Q14.803
G1 C360.000 F1.665278 (RING 2/24 R=23.8750 CSPD=599.50 E0=25.000 E2=14.803 QV=92.37)
M67 E0 Q25.000
M67 E2 Q24.093
G1 X2.5833 C5.000 F119.900000 (HOT LINK 2 CSPD=599.50 E0=25.000 E2=24.093)
M67 E0 Q25.000
M67 E2 Q16.404
G1 C360.000 F1.665278 (RING 3/24 R=26.4583 CSPD=599.50 E0=25.000 E2=16.404 QV=83.35)
M67 E0 Q25.000
M67 E2 Q25.160
G1 X2.5833 C5.000 F119.900000 (HOT LINK 3 CSPD=599.50 E0=25.000 E2=25.160)
M67 E0 Q25.000
M67 E2 Q18.006
G1 C360.000 F1.665278 (RING 4/24 R=29.0417 CSPD=599.50 E0=25.000 E2=18.006 QV=75.94)
M67 E0 Q25.000
M67 E2 Q26.281
G1 X2.5833 C5.000 F119.900000 (HOT LINK 4 CSPD=599.50 E0=25.000 E2=26.281)
M67 E0 Q25.000
M67 E2 Q19.608
G1 C360.000 F1.665278 (RING 5/24 R=31.6250 CSPD=599.50 E0=25.000 E2=19.608 QV=69.73)
M67 E0 Q25.000
M67 E2 Q27.450
G1 X2.5833 C5.000 F119.900000 (HOT LINK 5 CSPD=599.50 E0=25.000 E2=27.450)
M67 E0 Q25.000
M67 E2 Q21.209
G1 C360.000 F1.665278 (RING 6/24 R=34.2083 CSPD=599.50 E0=25.000 E2=21.209 QV=64.47)
M67 E0 Q25.000
M67 E2 Q28.660
G1 X2.5833 C5.000 F119.900000 (HOT LINK 6 CSPD=599.50 E0=25.000 E2=28.660)
M67 E0 Q25.000
M67 E2 Q22.811
G1 C360.000 F1.665278 (RING 7/24 R=36.7917 CSPD=599.50 E0=25.000 E2=22.811 QV=59.94)
M67 E0 Q25.000
M67 E2 Q29.908
G1 X2.5833 C5.000 F119.900000 (HOT LINK 7 CSPD=599.50 E0=25.000 E2=29.908)
M67 E0 Q25.000
M67 E2 Q24.413
G1 C360.000 F1.665278 (RING 8/24 R=39.3750 CSPD=599.50 E0=25.000 E2=24.413 QV=56.01)
M67 E0 Q25.000
M67 E2 Q31.188
G1 X2.5833 C5.000 F119.900000 (HOT LINK 8 CSPD=599.50 E0=25.000 E2=31.188)
M67 E0 Q25.000
M67 E2 Q26.015
G1 C360.000 F1.665278 (RING 9/24 R=41.9583 CSPD=599.50 E0=25.000 E2=26.015 QV=52.56)
M67 E0 Q25.000
M67 E2 Q32.496
G1 X2.5833 C5.000 F119.900000 (HOT LINK 9 CSPD=599.50 E0=25.000 E2=32.496)
M67 E0 Q25.000
M67 E2 Q27.616
G1 C360.000 F1.665278 (RING 10/24 R=44.5417 CSPD=599.50 E0=25.000 E2=27.616 QV=49.51)
M67 E0 Q25.000
M67 E2 Q33.830
G1 X2.5833 C5.000 F119.900000 (HOT LINK 10 CSPD=599.50 E0=25.000 E2=33.830)
M67 E0 Q25.000
M67 E2 Q29.218
G1 C360.000 F1.665278 (RING 11/24 R=47.1250 CSPD=599.50 E0=25.000 E2=29.218 QV=46.80)
M67 E0 Q25.000
M67 E2 Q35.186
G1 X2.5833 C5.000 F119.900000 (HOT LINK 11 CSPD=599.50 E0=25.000 E2=35.186)
M67 E0 Q25.000
M67 E2 Q30.820
G1 C360.000 F1.665278 (RING 12/24 R=49.7083 CSPD=599.50 E0=25.000 E2=30.820 QV=44.37)
M67 E0 Q25.737
M67 E2 Q36.562
G1 X2.5833 C5.000 F119.900000 (HOT LINK 12 CSPD=599.50 E0=25.737 E2=36.562)
M67 E0 Q25.000
M67 E2 Q32.421
G1 C360.000 F1.665278 (RING 13/24 R=52.2917 CSPD=599.50 E0=25.000 E2=32.421 QV=42.17)
M67 E0 Q26.718
M67 E2 Q37.956
G1 X2.5833 C5.000 F119.900000 (HOT LINK 13 CSPD=599.50 E0=26.718 E2=37.956)
M67 E0 Q25.000
M67 E2 Q34.023
G1 C360.000 F1.665278 (RING 14/24 R=54.8750 CSPD=599.50 E0=25.000 E2=34.023 QV=40.19)
M67 E0 Q27.711
M67 E2 Q39.365
G1 X2.5833 C5.000 F119.900000 (HOT LINK 14 CSPD=599.50 E0=27.711 E2=39.365)
M67 E0 Q25.077
M67 E2 Q35.625
G1 C360.000 F1.665278 (RING 15/24 R=57.4583 CSPD=599.50 E0=25.077 E2=35.625 QV=38.50)
M67 E0 Q28.713
M67 E2 Q40.789
G1 X2.5833 C5.000 F119.900000 (HOT LINK 15 CSPD=599.50 E0=28.713 E2=40.789)
M67 E0 Q26.205
M67 E2 Q37.226
G1 C360.000 F1.665278 (RING 16/24 R=60.0417 CSPD=599.50 E0=26.205 E2=37.226 QV=38.50)
M67 E0 Q29.724
M67 E2 Q42.225
G1 X2.5833 C5.000 F119.900000 (HOT LINK 16 CSPD=599.50 E0=29.724 E2=42.225)
M67 E0 Q27.332
M67 E2 Q38.828
G1 C360.000 F1.665278 (RING 17/24 R=62.6250 CSPD=599.50 E0=27.332 E2=38.828 QV=38.50)
M67 E0 Q30.743
M67 E2 Q43.673
G1 X2.5833 C5.000 F119.900000 (HOT LINK 17 CSPD=599.50 E0=30.743 E2=43.673)
M67 E0 Q28.460
M67 E2 Q40.430
G1 C360.000 F1.665278 (RING 18/24 R=65.2083 CSPD=599.50 E0=28.460 E2=40.430 QV=38.50)
M67 E0 Q31.770
M67 E2 Q45.132
G1 X2.5833 C5.000 F119.900000 (HOT LINK 18 CSPD=599.50 E0=31.770 E2=45.132)
M67 E0 Q29.587
M67 E2 Q42.031
G1 C360.000 F1.665278 (RING 19/24 R=67.7917 CSPD=599.50 E0=29.587 E2=42.031 QV=38.50)
M67 E0 Q32.803
M67 E2 Q46.599
G1 X2.5833 C5.000 F119.900000 (HOT LINK 19 CSPD=599.50 E0=32.803 E2=46.599)
M67 E0 Q30.715
M67 E2 Q43.633
G1 C360.000 F1.665278 (RING 20/24 R=70.3750 CSPD=599.50 E0=30.715 E2=43.633 QV=38.50)
M67 E0 Q33.842
M67 E2 Q48.076
G1 X2.5833 C5.000 F119.900000 (HOT LINK 20 CSPD=599.50 E0=33.842 E2=48.076)
M67 E0 Q31.842
M67 E2 Q45.235
G1 C360.000 F1.665278 (RING 21/24 R=72.9583 CSPD=599.50 E0=31.842 E2=45.235 QV=38.50)
M67 E0 Q34.845
M67 E2 Q49.500
G1 X2.5833 C5.000 F119.755299 (HOT LINK 21 CSPD=598.78 E0=34.845 E2=49.500)
M67 E0 Q32.970
M67 E2 Q46.836
G1 C360.000 F1.665278 (RING 22/24 R=75.5417 CSPD=599.50 E0=32.970 E2=46.836 QV=38.50)
M67 E0 Q34.845
M67 E2 Q49.500
G1 X2.5833 C5.000 F116.257198 (HOT LINK 22 CSPD=581.29 E0=34.845 E2=49.500)
M67 E0 Q34.097
M67 E2 Q48.438
G1 C360.000 F1.665278 (RING 23/24 R=78.1250 CSPD=599.50 E0=34.097 E2=48.438 QV=38.50)
M67 E0 Q34.845
M67 E2 Q49.500
G1 X2.5833 C5.000 F112.943680 (HOT LINK 23 CSPD=564.72 E0=34.845 E2=49.500)
M67 E0 Q32.057
M67 E2 Q49.500
G1 C360.000 F1.647313 (RING 24/24 R=80.7083 CSPD=593.03 E0=32.057 E2=49.500 QV=35.42)
(LAYER 7/32 Z=9.2000..10.7333 ZONE=FLANGE_NARROW DIR=inner_to_outer TRACKS=24 PITCH=2.5833 ADEP=3.9004 ACTIVE=14.6112min DWELL=0.0s)
M68 E2 Q0.000 (cold interlayer transition)
M68 E0 Q0.000
G1 X-59.4167 Z1.5333 C17.000 F35.264706
M67 E0 Q25.000 (synchronized layer hot state)
M67 E2 Q13.201
G1 C360.000 F1.665278 (RING 1/24 R=21.2917 CSPD=599.50 E0=25.000 E2=13.201 QV=103.58)
M67 E0 Q25.000
M67 E2 Q23.088
G1 X2.5833 C5.000 F119.900000 (HOT LINK 1 CSPD=599.50 E0=25.000 E2=23.088)
M67 E0 Q25.000
M67 E2 Q14.803
G1 C360.000 F1.665278 (RING 2/24 R=23.8750 CSPD=599.50 E0=25.000 E2=14.803 QV=92.37)
M67 E0 Q25.000
M67 E2 Q24.093
G1 X2.5833 C5.000 F119.900000 (HOT LINK 2 CSPD=599.50 E0=25.000 E2=24.093)
M67 E0 Q25.000
M67 E2 Q16.404
G1 C360.000 F1.665278 (RING 3/24 R=26.4583 CSPD=599.50 E0=25.000 E2=16.404 QV=83.35)
M67 E0 Q25.000
M67 E2 Q25.160
G1 X2.5833 C5.000 F119.900000 (HOT LINK 3 CSPD=599.50 E0=25.000 E2=25.160)
M67 E0 Q25.000
M67 E2 Q18.006
G1 C360.000 F1.665278 (RING 4/24 R=29.0417 CSPD=599.50 E0=25.000 E2=18.006 QV=75.94)
M67 E0 Q25.000
M67 E2 Q26.281
G1 X2.5833 C5.000 F119.900000 (HOT LINK 4 CSPD=599.50 E0=25.000 E2=26.281)
M67 E0 Q25.000
M67 E2 Q19.608
G1 C360.000 F1.665278 (RING 5/24 R=31.6250 CSPD=599.50 E0=25.000 E2=19.608 QV=69.73)
M67 E0 Q25.000
M67 E2 Q27.450
G1 X2.5833 C5.000 F119.900000 (HOT LINK 5 CSPD=599.50 E0=25.000 E2=27.450)
M67 E0 Q25.000
M67 E2 Q21.209
G1 C360.000 F1.665278 (RING 6/24 R=34.2083 CSPD=599.50 E0=25.000 E2=21.209 QV=64.47)
M67 E0 Q25.000
M67 E2 Q28.660
G1 X2.5833 C5.000 F119.900000 (HOT LINK 6 CSPD=599.50 E0=25.000 E2=28.660)
M67 E0 Q25.000
M67 E2 Q22.811
G1 C360.000 F1.665278 (RING 7/24 R=36.7917 CSPD=599.50 E0=25.000 E2=22.811 QV=59.94)
M67 E0 Q25.000
M67 E2 Q29.908
G1 X2.5833 C5.000 F119.900000 (HOT LINK 7 CSPD=599.50 E0=25.000 E2=29.908)
M67 E0 Q25.000
M67 E2 Q24.413
G1 C360.000 F1.665278 (RING 8/24 R=39.3750 CSPD=599.50 E0=25.000 E2=24.413 QV=56.01)
M67 E0 Q25.000
M67 E2 Q31.188
G1 X2.5833 C5.000 F119.900000 (HOT LINK 8 CSPD=599.50 E0=25.000 E2=31.188)
M67 E0 Q25.000
M67 E2 Q26.015
G1 C360.000 F1.665278 (RING 9/24 R=41.9583 CSPD=599.50 E0=25.000 E2=26.015 QV=52.56)
M67 E0 Q25.000
M67 E2 Q32.496
G1 X2.5833 C5.000 F119.900000 (HOT LINK 9 CSPD=599.50 E0=25.000 E2=32.496)
M67 E0 Q25.000
M67 E2 Q27.616
G1 C360.000 F1.665278 (RING 10/24 R=44.5417 CSPD=599.50 E0=25.000 E2=27.616 QV=49.51)
M67 E0 Q25.000
M67 E2 Q33.830
G1 X2.5833 C5.000 F119.900000 (HOT LINK 10 CSPD=599.50 E0=25.000 E2=33.830)
M67 E0 Q25.000
M67 E2 Q29.218
G1 C360.000 F1.665278 (RING 11/24 R=47.1250 CSPD=599.50 E0=25.000 E2=29.218 QV=46.80)
M67 E0 Q25.000
M67 E2 Q35.186
G1 X2.5833 C5.000 F119.900000 (HOT LINK 11 CSPD=599.50 E0=25.000 E2=35.186)
M67 E0 Q25.000
M67 E2 Q30.820
G1 C360.000 F1.665278 (RING 12/24 R=49.7083 CSPD=599.50 E0=25.000 E2=30.820 QV=44.37)
M67 E0 Q25.737
M67 E2 Q36.562
G1 X2.5833 C5.000 F119.900000 (HOT LINK 12 CSPD=599.50 E0=25.737 E2=36.562)
M67 E0 Q25.000
M67 E2 Q32.421
G1 C360.000 F1.665278 (RING 13/24 R=52.2917 CSPD=599.50 E0=25.000 E2=32.421 QV=42.17)
M67 E0 Q26.718
M67 E2 Q37.956
G1 X2.5833 C5.000 F119.900000 (HOT LINK 13 CSPD=599.50 E0=26.718 E2=37.956)
M67 E0 Q25.000
M67 E2 Q34.023
G1 C360.000 F1.665278 (RING 14/24 R=54.8750 CSPD=599.50 E0=25.000 E2=34.023 QV=40.19)
M67 E0 Q27.711
M67 E2 Q39.365
G1 X2.5833 C5.000 F119.900000 (HOT LINK 14 CSPD=599.50 E0=27.711 E2=39.365)
M67 E0 Q25.077
M67 E2 Q35.625
G1 C360.000 F1.665278 (RING 15/24 R=57.4583 CSPD=599.50 E0=25.077 E2=35.625 QV=38.50)
M67 E0 Q28.713
M67 E2 Q40.789
G1 X2.5833 C5.000 F119.900000 (HOT LINK 15 CSPD=599.50 E0=28.713 E2=40.789)
M67 E0 Q26.205
M67 E2 Q37.226
G1 C360.000 F1.665278 (RING 16/24 R=60.0417 CSPD=599.50 E0=26.205 E2=37.226 QV=38.50)
M67 E0 Q29.724
M67 E2 Q42.225
G1 X2.5833 C5.000 F119.900000 (HOT LINK 16 CSPD=599.50 E0=29.724 E2=42.225)
M67 E0 Q27.332
M67 E2 Q38.828
G1 C360.000 F1.665278 (RING 17/24 R=62.6250 CSPD=599.50 E0=27.332 E2=38.828 QV=38.50)
M67 E0 Q30.743
M67 E2 Q43.673
G1 X2.5833 C5.000 F119.900000 (HOT LINK 17 CSPD=599.50 E0=30.743 E2=43.673)
M67 E0 Q28.460
M67 E2 Q40.430
G1 C360.000 F1.665278 (RING 18/24 R=65.2083 CSPD=599.50 E0=28.460 E2=40.430 QV=38.50)
M67 E0 Q31.770
M67 E2 Q45.132
G1 X2.5833 C5.000 F119.900000 (HOT LINK 18 CSPD=599.50 E0=31.770 E2=45.132)
M67 E0 Q29.587
M67 E2 Q42.031
G1 C360.000 F1.665278 (RING 19/24 R=67.7917 CSPD=599.50 E0=29.587 E2=42.031 QV=38.50)
M67 E0 Q32.803
M67 E2 Q46.599
G1 X2.5833 C5.000 F119.900000 (HOT LINK 19 CSPD=599.50 E0=32.803 E2=46.599)
M67 E0 Q30.715
M67 E2 Q43.633
G1 C360.000 F1.665278 (RING 20/24 R=70.3750 CSPD=599.50 E0=30.715 E2=43.633 QV=38.50)
M67 E0 Q33.842
M67 E2 Q48.076
G1 X2.5833 C5.000 F119.900000 (HOT LINK 20 CSPD=599.50 E0=33.842 E2=48.076)
M67 E0 Q31.842
M67 E2 Q45.235
G1 C360.000 F1.665278 (RING 21/24 R=72.9583 CSPD=599.50 E0=31.842 E2=45.235 QV=38.50)
M67 E0 Q34.845
M67 E2 Q49.500
G1 X2.5833 C5.000 F119.755299 (HOT LINK 21 CSPD=598.78 E0=34.845 E2=49.500)
M67 E0 Q32.970
M67 E2 Q46.836
G1 C360.000 F1.665278 (RING 22/24 R=75.5417 CSPD=599.50 E0=32.970 E2=46.836 QV=38.50)
M67 E0 Q34.845
M67 E2 Q49.500
G1 X2.5833 C5.000 F116.257198 (HOT LINK 22 CSPD=581.29 E0=34.845 E2=49.500)
M67 E0 Q34.097
M67 E2 Q48.438
G1 C360.000 F1.665278 (RING 23/24 R=78.1250 CSPD=599.50 E0=34.097 E2=48.438 QV=38.50)
M67 E0 Q34.845
M67 E2 Q49.500
G1 X2.5833 C5.000 F112.943680 (HOT LINK 23 CSPD=564.72 E0=34.845 E2=49.500)
M67 E0 Q32.057
M67 E2 Q49.500
G1 C360.000 F1.647313 (RING 24/24 R=80.7083 CSPD=593.03 E0=32.057 E2=49.500 QV=35.42)
(LAYER 8/32 Z=10.7333..12.2667 ZONE=FLANGE_NARROW DIR=inner_to_outer TRACKS=24 PITCH=2.5833 ADEP=3.9004 ACTIVE=14.6112min DWELL=0.0s)
M68 E2 Q0.000 (cold interlayer transition)
M68 E0 Q0.000
G1 X-59.4167 Z1.5333 C17.000 F35.264706
M67 E0 Q25.000 (synchronized layer hot state)
M67 E2 Q13.201
G1 C360.000 F1.665278 (RING 1/24 R=21.2917 CSPD=599.50 E0=25.000 E2=13.201 QV=103.58)
M67 E0 Q25.000
M67 E2 Q23.088
G1 X2.5833 C5.000 F119.900000 (HOT LINK 1 CSPD=599.50 E0=25.000 E2=23.088)
M67 E0 Q25.000
M67 E2 Q14.803
G1 C360.000 F1.665278 (RING 2/24 R=23.8750 CSPD=599.50 E0=25.000 E2=14.803 QV=92.37)
M67 E0 Q25.000
M67 E2 Q24.093
G1 X2.5833 C5.000 F119.900000 (HOT LINK 2 CSPD=599.50 E0=25.000 E2=24.093)
M67 E0 Q25.000
M67 E2 Q16.404
G1 C360.000 F1.665278 (RING 3/24 R=26.4583 CSPD=599.50 E0=25.000 E2=16.404 QV=83.35)
M67 E0 Q25.000
M67 E2 Q25.160
G1 X2.5833 C5.000 F119.900000 (HOT LINK 3 CSPD=599.50 E0=25.000 E2=25.160)
M67 E0 Q25.000
M67 E2 Q18.006
G1 C360.000 F1.665278 (RING 4/24 R=29.0417 CSPD=599.50 E0=25.000 E2=18.006 QV=75.94)
M67 E0 Q25.000
M67 E2 Q26.281
G1 X2.5833 C5.000 F119.900000 (HOT LINK 4 CSPD=599.50 E0=25.000 E2=26.281)
M67 E0 Q25.000
M67 E2 Q19.608
G1 C360.000 F1.665278 (RING 5/24 R=31.6250 CSPD=599.50 E0=25.000 E2=19.608 QV=69.73)
M67 E0 Q25.000
M67 E2 Q27.450
G1 X2.5833 C5.000 F119.900000 (HOT LINK 5 CSPD=599.50 E0=25.000 E2=27.450)
M67 E0 Q25.000
M67 E2 Q21.209
G1 C360.000 F1.665278 (RING 6/24 R=34.2083 CSPD=599.50 E0=25.000 E2=21.209 QV=64.47)
M67 E0 Q25.000
M67 E2 Q28.660
G1 X2.5833 C5.000 F119.900000 (HOT LINK 6 CSPD=599.50 E0=25.000 E2=28.660)
M67 E0 Q25.000
M67 E2 Q22.811
G1 C360.000 F1.665278 (RING 7/24 R=36.7917 CSPD=599.50 E0=25.000 E2=22.811 QV=59.94)
M67 E0 Q25.000
M67 E2 Q29.908
G1 X2.5833 C5.000 F119.900000 (HOT LINK 7 CSPD=599.50 E0=25.000 E2=29.908)
M67 E0 Q25.000
M67 E2 Q24.413
G1 C360.000 F1.665278 (RING 8/24 R=39.3750 CSPD=599.50 E0=25.000 E2=24.413 QV=56.01)
M67 E0 Q25.000
M67 E2 Q31.188
G1 X2.5833 C5.000 F119.900000 (HOT LINK 8 CSPD=599.50 E0=25.000 E2=31.188)
M67 E0 Q25.000
M67 E2 Q26.015
G1 C360.000 F1.665278 (RING 9/24 R=41.9583 CSPD=599.50 E0=25.000 E2=26.015 QV=52.56)
M67 E0 Q25.000
M67 E2 Q32.496
G1 X2.5833 C5.000 F119.900000 (HOT LINK 9 CSPD=599.50 E0=25.000 E2=32.496)
M67 E0 Q25.000
M67 E2 Q27.616
G1 C360.000 F1.665278 (RING 10/24 R=44.5417 CSPD=599.50 E0=25.000 E2=27.616 QV=49.51)
M67 E0 Q25.000
M67 E2 Q33.830
G1 X2.5833 C5.000 F119.900000 (HOT LINK 10 CSPD=599.50 E0=25.000 E2=33.830)
M67 E0 Q25.000
M67 E2 Q29.218
G1 C360.000 F1.665278 (RING 11/24 R=47.1250 CSPD=599.50 E0=25.000 E2=29.218 QV=46.80)
M67 E0 Q25.000
M67 E2 Q35.186
G1 X2.5833 C5.000 F119.900000 (HOT LINK 11 CSPD=599.50 E0=25.000 E2=35.186)
M67 E0 Q25.000
M67 E2 Q30.820
G1 C360.000 F1.665278 (RING 12/24 R=49.7083 CSPD=599.50 E0=25.000 E2=30.820 QV=44.37)
M67 E0 Q25.737
M67 E2 Q36.562
G1 X2.5833 C5.000 F119.900000 (HOT LINK 12 CSPD=599.50 E0=25.737 E2=36.562)
M67 E0 Q25.000
M67 E2 Q32.421
G1 C360.000 F1.665278 (RING 13/24 R=52.2917 CSPD=599.50 E0=25.000 E2=32.421 QV=42.17)
M67 E0 Q26.718
M67 E2 Q37.956
G1 X2.5833 C5.000 F119.900000 (HOT LINK 13 CSPD=599.50 E0=26.718 E2=37.956)
M67 E0 Q25.000
M67 E2 Q34.023
G1 C360.000 F1.665278 (RING 14/24 R=54.8750 CSPD=599.50 E0=25.000 E2=34.023 QV=40.19)
M67 E0 Q27.711
M67 E2 Q39.365
G1 X2.5833 C5.000 F119.900000 (HOT LINK 14 CSPD=599.50 E0=27.711 E2=39.365)
M67 E0 Q25.077
M67 E2 Q35.625
G1 C360.000 F1.665278 (RING 15/24 R=57.4583 CSPD=599.50 E0=25.077 E2=35.625 QV=38.50)
M67 E0 Q28.713
M67 E2 Q40.789
G1 X2.5833 C5.000 F119.900000 (HOT LINK 15 CSPD=599.50 E0=28.713 E2=40.789)
M67 E0 Q26.205
M67 E2 Q37.226
G1 C360.000 F1.665278 (RING 16/24 R=60.0417 CSPD=599.50 E0=26.205 E2=37.226 QV=38.50)
M67 E0 Q29.724
M67 E2 Q42.225
G1 X2.5833 C5.000 F119.900000 (HOT LINK 16 CSPD=599.50 E0=29.724 E2=42.225)
M67 E0 Q27.332
M67 E2 Q38.828
G1 C360.000 F1.665278 (RING 17/24 R=62.6250 CSPD=599.50 E0=27.332 E2=38.828 QV=38.50)
M67 E0 Q30.743
M67 E2 Q43.673
G1 X2.5833 C5.000 F119.900000 (HOT LINK 17 CSPD=599.50 E0=30.743 E2=43.673)
M67 E0 Q28.460
M67 E2 Q40.430
G1 C360.000 F1.665278 (RING 18/24 R=65.2083 CSPD=599.50 E0=28.460 E2=40.430 QV=38.50)
M67 E0 Q31.770
M67 E2 Q45.132
G1 X2.5833 C5.000 F119.900000 (HOT LINK 18 CSPD=599.50 E0=31.770 E2=45.132)
M67 E0 Q29.587
M67 E2 Q42.031
G1 C360.000 F1.665278 (RING 19/24 R=67.7917 CSPD=599.50 E0=29.587 E2=42.031 QV=38.50)
M67 E0 Q32.803
M67 E2 Q46.599
G1 X2.5833 C5.000 F119.900000 (HOT LINK 19 CSPD=599.50 E0=32.803 E2=46.599)
M67 E0 Q30.715
M67 E2 Q43.633
G1 C360.000 F1.665278 (RING 20/24 R=70.3750 CSPD=599.50 E0=30.715 E2=43.633 QV=38.50)
M67 E0 Q33.842
M67 E2 Q48.076
G1 X2.5833 C5.000 F119.900000 (HOT LINK 20 CSPD=599.50 E0=33.842 E2=48.076)
M67 E0 Q31.842
M67 E2 Q45.235
G1 C360.000 F1.665278 (RING 21/24 R=72.9583 CSPD=599.50 E0=31.842 E2=45.235 QV=38.50)
M67 E0 Q34.845
M67 E2 Q49.500
G1 X2.5833 C5.000 F119.755299 (HOT LINK 21 CSPD=598.78 E0=34.845 E2=49.500)
M67 E0 Q32.970
M67 E2 Q46.836
G1 C360.000 F1.665278 (RING 22/24 R=75.5417 CSPD=599.50 E0=32.970 E2=46.836 QV=38.50)
M67 E0 Q34.845
M67 E2 Q49.500
G1 X2.5833 C5.000 F116.257198 (HOT LINK 22 CSPD=581.29 E0=34.845 E2=49.500)
M67 E0 Q34.097
M67 E2 Q48.438
G1 C360.000 F1.665278 (RING 23/24 R=78.1250 CSPD=599.50 E0=34.097 E2=48.438 QV=38.50)
M67 E0 Q34.845
M67 E2 Q49.500
G1 X2.5833 C5.000 F112.943680 (HOT LINK 23 CSPD=564.72 E0=34.845 E2=49.500)
M67 E0 Q32.057
M67 E2 Q49.500
G1 C360.000 F1.647313 (RING 24/24 R=80.7083 CSPD=593.03 E0=32.057 E2=49.500 QV=35.42)
(LAYER 9/32 Z=12.2667..13.8000 ZONE=FLANGE_NARROW DIR=inner_to_outer TRACKS=24 PITCH=2.5833 ADEP=3.9004 ACTIVE=14.6112min DWELL=0.0s)
M68 E2 Q0.000 (cold interlayer transition)
M68 E0 Q0.000
G1 X-59.4167 Z1.5333 C17.000 F35.264706
M67 E0 Q25.000 (synchronized layer hot state)
M67 E2 Q13.201
G1 C360.000 F1.665278 (RING 1/24 R=21.2917 CSPD=599.50 E0=25.000 E2=13.201 QV=103.58)
M67 E0 Q25.000
M67 E2 Q23.088
G1 X2.5833 C5.000 F119.900000 (HOT LINK 1 CSPD=599.50 E0=25.000 E2=23.088)
M67 E0 Q25.000
M67 E2 Q14.803
G1 C360.000 F1.665278 (RING 2/24 R=23.8750 CSPD=599.50 E0=25.000 E2=14.803 QV=92.37)
M67 E0 Q25.000
M67 E2 Q24.093
G1 X2.5833 C5.000 F119.900000 (HOT LINK 2 CSPD=599.50 E0=25.000 E2=24.093)
M67 E0 Q25.000
M67 E2 Q16.404
G1 C360.000 F1.665278 (RING 3/24 R=26.4583 CSPD=599.50 E0=25.000 E2=16.404 QV=83.35)
M67 E0 Q25.000
M67 E2 Q25.160
G1 X2.5833 C5.000 F119.900000 (HOT LINK 3 CSPD=599.50 E0=25.000 E2=25.160)
M67 E0 Q25.000
M67 E2 Q18.006
G1 C360.000 F1.665278 (RING 4/24 R=29.0417 CSPD=599.50 E0=25.000 E2=18.006 QV=75.94)
M67 E0 Q25.000
M67 E2 Q26.281
G1 X2.5833 C5.000 F119.900000 (HOT LINK 4 CSPD=599.50 E0=25.000 E2=26.281)
M67 E0 Q25.000
M67 E2 Q19.608
G1 C360.000 F1.665278 (RING 5/24 R=31.6250 CSPD=599.50 E0=25.000 E2=19.608 QV=69.73)
M67 E0 Q25.000
M67 E2 Q27.450
G1 X2.5833 C5.000 F119.900000 (HOT LINK 5 CSPD=599.50 E0=25.000 E2=27.450)
M67 E0 Q25.000
M67 E2 Q21.209
G1 C360.000 F1.665278 (RING 6/24 R=34.2083 CSPD=599.50 E0=25.000 E2=21.209 QV=64.47)
M67 E0 Q25.000
M67 E2 Q28.660
G1 X2.5833 C5.000 F119.900000 (HOT LINK 6 CSPD=599.50 E0=25.000 E2=28.660)
M67 E0 Q25.000
M67 E2 Q22.811
G1 C360.000 F1.665278 (RING 7/24 R=36.7917 CSPD=599.50 E0=25.000 E2=22.811 QV=59.94)
M67 E0 Q25.000
M67 E2 Q29.908
G1 X2.5833 C5.000 F119.900000 (HOT LINK 7 CSPD=599.50 E0=25.000 E2=29.908)
M67 E0 Q25.000
M67 E2 Q24.413
G1 C360.000 F1.665278 (RING 8/24 R=39.3750 CSPD=599.50 E0=25.000 E2=24.413 QV=56.01)
M67 E0 Q25.000
M67 E2 Q31.188
G1 X2.5833 C5.000 F119.900000 (HOT LINK 8 CSPD=599.50 E0=25.000 E2=31.188)
M67 E0 Q25.000
M67 E2 Q26.015
G1 C360.000 F1.665278 (RING 9/24 R=41.9583 CSPD=599.50 E0=25.000 E2=26.015 QV=52.56)
M67 E0 Q25.000
M67 E2 Q32.496
G1 X2.5833 C5.000 F119.900000 (HOT LINK 9 CSPD=599.50 E0=25.000 E2=32.496)
M67 E0 Q25.000
M67 E2 Q27.616
G1 C360.000 F1.665278 (RING 10/24 R=44.5417 CSPD=599.50 E0=25.000 E2=27.616 QV=49.51)
M67 E0 Q25.000
M67 E2 Q33.830
G1 X2.5833 C5.000 F119.900000 (HOT LINK 10 CSPD=599.50 E0=25.000 E2=33.830)
M67 E0 Q25.000
M67 E2 Q29.218
G1 C360.000 F1.665278 (RING 11/24 R=47.1250 CSPD=599.50 E0=25.000 E2=29.218 QV=46.80)
M67 E0 Q25.000
M67 E2 Q35.186
G1 X2.5833 C5.000 F119.900000 (HOT LINK 11 CSPD=599.50 E0=25.000 E2=35.186)
M67 E0 Q25.000
M67 E2 Q30.820
G1 C360.000 F1.665278 (RING 12/24 R=49.7083 CSPD=599.50 E0=25.000 E2=30.820 QV=44.37)
M67 E0 Q25.737
M67 E2 Q36.562
G1 X2.5833 C5.000 F119.900000 (HOT LINK 12 CSPD=599.50 E0=25.737 E2=36.562)
M67 E0 Q25.000
M67 E2 Q32.421
G1 C360.000 F1.665278 (RING 13/24 R=52.2917 CSPD=599.50 E0=25.000 E2=32.421 QV=42.17)
M67 E0 Q26.718
M67 E2 Q37.956
G1 X2.5833 C5.000 F119.900000 (HOT LINK 13 CSPD=599.50 E0=26.718 E2=37.956)
M67 E0 Q25.000
M67 E2 Q34.023
G1 C360.000 F1.665278 (RING 14/24 R=54.8750 CSPD=599.50 E0=25.000 E2=34.023 QV=40.19)
M67 E0 Q27.711
M67 E2 Q39.365
G1 X2.5833 C5.000 F119.900000 (HOT LINK 14 CSPD=599.50 E0=27.711 E2=39.365)
M67 E0 Q25.077
M67 E2 Q35.625
G1 C360.000 F1.665278 (RING 15/24 R=57.4583 CSPD=599.50 E0=25.077 E2=35.625 QV=38.50)
M67 E0 Q28.713
M67 E2 Q40.789
G1 X2.5833 C5.000 F119.900000 (HOT LINK 15 CSPD=599.50 E0=28.713 E2=40.789)
M67 E0 Q26.205
M67 E2 Q37.226
G1 C360.000 F1.665278 (RING 16/24 R=60.0417 CSPD=599.50 E0=26.205 E2=37.226 QV=38.50)
M67 E0 Q29.724
M67 E2 Q42.225
G1 X2.5833 C5.000 F119.900000 (HOT LINK 16 CSPD=599.50 E0=29.724 E2=42.225)
M67 E0 Q27.332
M67 E2 Q38.828
G1 C360.000 F1.665278 (RING 17/24 R=62.6250 CSPD=599.50 E0=27.332 E2=38.828 QV=38.50)
M67 E0 Q30.743
M67 E2 Q43.673
G1 X2.5833 C5.000 F119.900000 (HOT LINK 17 CSPD=599.50 E0=30.743 E2=43.673)
M67 E0 Q28.460
M67 E2 Q40.430
G1 C360.000 F1.665278 (RING 18/24 R=65.2083 CSPD=599.50 E0=28.460 E2=40.430 QV=38.50)
M67 E0 Q31.770
M67 E2 Q45.132
G1 X2.5833 C5.000 F119.900000 (HOT LINK 18 CSPD=599.50 E0=31.770 E2=45.132)
M67 E0 Q29.587
M67 E2 Q42.031
G1 C360.000 F1.665278 (RING 19/24 R=67.7917 CSPD=599.50 E0=29.587 E2=42.031 QV=38.50)
M67 E0 Q32.803
M67 E2 Q46.599
G1 X2.5833 C5.000 F119.900000 (HOT LINK 19 CSPD=599.50 E0=32.803 E2=46.599)
M67 E0 Q30.715
M67 E2 Q43.633
G1 C360.000 F1.665278 (RING 20/24 R=70.3750 CSPD=599.50 E0=30.715 E2=43.633 QV=38.50)
M67 E0 Q33.842
M67 E2 Q48.076
G1 X2.5833 C5.000 F119.900000 (HOT LINK 20 CSPD=599.50 E0=33.842 E2=48.076)
M67 E0 Q31.842
M67 E2 Q45.235
G1 C360.000 F1.665278 (RING 21/24 R=72.9583 CSPD=599.50 E0=31.842 E2=45.235 QV=38.50)
M67 E0 Q34.845
M67 E2 Q49.500
G1 X2.5833 C5.000 F119.755299 (HOT LINK 21 CSPD=598.78 E0=34.845 E2=49.500)
M67 E0 Q32.970
M67 E2 Q46.836
G1 C360.000 F1.665278 (RING 22/24 R=75.5417 CSPD=599.50 E0=32.970 E2=46.836 QV=38.50)
M67 E0 Q34.845
M67 E2 Q49.500
G1 X2.5833 C5.000 F116.257198 (HOT LINK 22 CSPD=581.29 E0=34.845 E2=49.500)
M67 E0 Q34.097
M67 E2 Q48.438
G1 C360.000 F1.665278 (RING 23/24 R=78.1250 CSPD=599.50 E0=34.097 E2=48.438 QV=38.50)
M67 E0 Q34.845
M67 E2 Q49.500
G1 X2.5833 C5.000 F112.943680 (HOT LINK 23 CSPD=564.72 E0=34.845 E2=49.500)
M67 E0 Q32.057
M67 E2 Q49.500
G1 C360.000 F1.647313 (RING 24/24 R=80.7083 CSPD=593.03 E0=32.057 E2=49.500 QV=35.42)
(LAYER 10/32 Z=13.8000..15.3333 ZONE=FLANGE_NARROW DIR=inner_to_outer TRACKS=24 PITCH=2.5833 ADEP=3.9004 ACTIVE=14.6112min DWELL=0.0s)
M68 E2 Q0.000 (cold interlayer transition)
M68 E0 Q0.000
G1 X-59.4167 Z1.5333 C17.000 F35.264706
M67 E0 Q25.000 (synchronized layer hot state)
M67 E2 Q13.201
G1 C360.000 F1.665278 (RING 1/24 R=21.2917 CSPD=599.50 E0=25.000 E2=13.201 QV=103.58)
M67 E0 Q25.000
M67 E2 Q23.088
G1 X2.5833 C5.000 F119.900000 (HOT LINK 1 CSPD=599.50 E0=25.000 E2=23.088)
M67 E0 Q25.000
M67 E2 Q14.803
G1 C360.000 F1.665278 (RING 2/24 R=23.8750 CSPD=599.50 E0=25.000 E2=14.803 QV=92.37)
M67 E0 Q25.000
M67 E2 Q24.093
G1 X2.5833 C5.000 F119.900000 (HOT LINK 2 CSPD=599.50 E0=25.000 E2=24.093)
M67 E0 Q25.000
M67 E2 Q16.404
G1 C360.000 F1.665278 (RING 3/24 R=26.4583 CSPD=599.50 E0=25.000 E2=16.404 QV=83.35)
M67 E0 Q25.000
M67 E2 Q25.160
G1 X2.5833 C5.000 F119.900000 (HOT LINK 3 CSPD=599.50 E0=25.000 E2=25.160)
M67 E0 Q25.000
M67 E2 Q18.006
G1 C360.000 F1.665278 (RING 4/24 R=29.0417 CSPD=599.50 E0=25.000 E2=18.006 QV=75.94)
M67 E0 Q25.000
M67 E2 Q26.281
G1 X2.5833 C5.000 F119.900000 (HOT LINK 4 CSPD=599.50 E0=25.000 E2=26.281)
M67 E0 Q25.000
M67 E2 Q19.608
G1 C360.000 F1.665278 (RING 5/24 R=31.6250 CSPD=599.50 E0=25.000 E2=19.608 QV=69.73)
M67 E0 Q25.000
M67 E2 Q27.450
G1 X2.5833 C5.000 F119.900000 (HOT LINK 5 CSPD=599.50 E0=25.000 E2=27.450)
M67 E0 Q25.000
M67 E2 Q21.209
G1 C360.000 F1.665278 (RING 6/24 R=34.2083 CSPD=599.50 E0=25.000 E2=21.209 QV=64.47)
M67 E0 Q25.000
M67 E2 Q28.660
G1 X2.5833 C5.000 F119.900000 (HOT LINK 6 CSPD=599.50 E0=25.000 E2=28.660)
M67 E0 Q25.000
M67 E2 Q22.811
G1 C360.000 F1.665278 (RING 7/24 R=36.7917 CSPD=599.50 E0=25.000 E2=22.811 QV=59.94)
M67 E0 Q25.000
M67 E2 Q29.908
G1 X2.5833 C5.000 F119.900000 (HOT LINK 7 CSPD=599.50 E0=25.000 E2=29.908)
M67 E0 Q25.000
M67 E2 Q24.413
G1 C360.000 F1.665278 (RING 8/24 R=39.3750 CSPD=599.50 E0=25.000 E2=24.413 QV=56.01)
M67 E0 Q25.000
M67 E2 Q31.188
G1 X2.5833 C5.000 F119.900000 (HOT LINK 8 CSPD=599.50 E0=25.000 E2=31.188)
M67 E0 Q25.000
M67 E2 Q26.015
G1 C360.000 F1.665278 (RING 9/24 R=41.9583 CSPD=599.50 E0=25.000 E2=26.015 QV=52.56)
M67 E0 Q25.000
M67 E2 Q32.496
G1 X2.5833 C5.000 F119.900000 (HOT LINK 9 CSPD=599.50 E0=25.000 E2=32.496)
M67 E0 Q25.000
M67 E2 Q27.616
G1 C360.000 F1.665278 (RING 10/24 R=44.5417 CSPD=599.50 E0=25.000 E2=27.616 QV=49.51)
M67 E0 Q25.000
M67 E2 Q33.830
G1 X2.5833 C5.000 F119.900000 (HOT LINK 10 CSPD=599.50 E0=25.000 E2=33.830)
M67 E0 Q25.000
M67 E2 Q29.218
G1 C360.000 F1.665278 (RING 11/24 R=47.1250 CSPD=599.50 E0=25.000 E2=29.218 QV=46.80)
M67 E0 Q25.000
M67 E2 Q35.186
G1 X2.5833 C5.000 F119.900000 (HOT LINK 11 CSPD=599.50 E0=25.000 E2=35.186)
M67 E0 Q25.000
M67 E2 Q30.820
G1 C360.000 F1.665278 (RING 12/24 R=49.7083 CSPD=599.50 E0=25.000 E2=30.820 QV=44.37)
M67 E0 Q25.737
M67 E2 Q36.562
G1 X2.5833 C5.000 F119.900000 (HOT LINK 12 CSPD=599.50 E0=25.737 E2=36.562)
M67 E0 Q25.000
M67 E2 Q32.421
G1 C360.000 F1.665278 (RING 13/24 R=52.2917 CSPD=599.50 E0=25.000 E2=32.421 QV=42.17)
M67 E0 Q26.718
M67 E2 Q37.956
G1 X2.5833 C5.000 F119.900000 (HOT LINK 13 CSPD=599.50 E0=26.718 E2=37.956)
M67 E0 Q25.000
M67 E2 Q34.023
G1 C360.000 F1.665278 (RING 14/24 R=54.8750 CSPD=599.50 E0=25.000 E2=34.023 QV=40.19)
M67 E0 Q27.711
M67 E2 Q39.365
G1 X2.5833 C5.000 F119.900000 (HOT LINK 14 CSPD=599.50 E0=27.711 E2=39.365)
M67 E0 Q25.077
M67 E2 Q35.625
G1 C360.000 F1.665278 (RING 15/24 R=57.4583 CSPD=599.50 E0=25.077 E2=35.625 QV=38.50)
M67 E0 Q28.713
M67 E2 Q40.789
G1 X2.5833 C5.000 F119.900000 (HOT LINK 15 CSPD=599.50 E0=28.713 E2=40.789)
M67 E0 Q26.205
M67 E2 Q37.226
G1 C360.000 F1.665278 (RING 16/24 R=60.0417 CSPD=599.50 E0=26.205 E2=37.226 QV=38.50)
M67 E0 Q29.724
M67 E2 Q42.225
G1 X2.5833 C5.000 F119.900000 (HOT LINK 16 CSPD=599.50 E0=29.724 E2=42.225)
M67 E0 Q27.332
M67 E2 Q38.828
G1 C360.000 F1.665278 (RING 17/24 R=62.6250 CSPD=599.50 E0=27.332 E2=38.828 QV=38.50)
M67 E0 Q30.743
M67 E2 Q43.673
G1 X2.5833 C5.000 F119.900000 (HOT LINK 17 CSPD=599.50 E0=30.743 E2=43.673)
M67 E0 Q28.460
M67 E2 Q40.430
G1 C360.000 F1.665278 (RING 18/24 R=65.2083 CSPD=599.50 E0=28.460 E2=40.430 QV=38.50)
M67 E0 Q31.770
M67 E2 Q45.132
G1 X2.5833 C5.000 F119.900000 (HOT LINK 18 CSPD=599.50 E0=31.770 E2=45.132)
M67 E0 Q29.587
M67 E2 Q42.031
G1 C360.000 F1.665278 (RING 19/24 R=67.7917 CSPD=599.50 E0=29.587 E2=42.031 QV=38.50)
M67 E0 Q32.803
M67 E2 Q46.599
G1 X2.5833 C5.000 F119.900000 (HOT LINK 19 CSPD=599.50 E0=32.803 E2=46.599)
M67 E0 Q30.715
M67 E2 Q43.633
G1 C360.000 F1.665278 (RING 20/24 R=70.3750 CSPD=599.50 E0=30.715 E2=43.633 QV=38.50)
M67 E0 Q33.842
M67 E2 Q48.076
G1 X2.5833 C5.000 F119.900000 (HOT LINK 20 CSPD=599.50 E0=33.842 E2=48.076)
M67 E0 Q31.842
M67 E2 Q45.235
G1 C360.000 F1.665278 (RING 21/24 R=72.9583 CSPD=599.50 E0=31.842 E2=45.235 QV=38.50)
M67 E0 Q34.845
M67 E2 Q49.500
G1 X2.5833 C5.000 F119.755299 (HOT LINK 21 CSPD=598.78 E0=34.845 E2=49.500)
M67 E0 Q32.970
M67 E2 Q46.836
G1 C360.000 F1.665278 (RING 22/24 R=75.5417 CSPD=599.50 E0=32.970 E2=46.836 QV=38.50)
M67 E0 Q34.845
M67 E2 Q49.500
G1 X2.5833 C5.000 F116.257198 (HOT LINK 22 CSPD=581.29 E0=34.845 E2=49.500)
M67 E0 Q34.097
M67 E2 Q48.438
G1 C360.000 F1.665278 (RING 23/24 R=78.1250 CSPD=599.50 E0=34.097 E2=48.438 QV=38.50)
M67 E0 Q34.845
M67 E2 Q49.500
G1 X2.5833 C5.000 F112.943680 (HOT LINK 23 CSPD=564.72 E0=34.845 E2=49.500)
M67 E0 Q32.057
M67 E2 Q49.500
G1 C360.000 F1.647313 (RING 24/24 R=80.7083 CSPD=593.03 E0=32.057 E2=49.500 QV=35.42)
(LAYER 11/32 Z=15.3333..16.8667 ZONE=FLANGE_NARROW DIR=inner_to_outer TRACKS=24 PITCH=2.5833 ADEP=3.9004 ACTIVE=14.6112min DWELL=0.0s)
M68 E2 Q0.000 (cold interlayer transition)
M68 E0 Q0.000
G1 X-59.4167 Z1.5333 C17.000 F35.264706
M67 E0 Q25.000 (synchronized layer hot state)
M67 E2 Q13.201
G1 C360.000 F1.665278 (RING 1/24 R=21.2917 CSPD=599.50 E0=25.000 E2=13.201 QV=103.58)
M67 E0 Q25.000
M67 E2 Q23.088
G1 X2.5833 C5.000 F119.900000 (HOT LINK 1 CSPD=599.50 E0=25.000 E2=23.088)
M67 E0 Q25.000
M67 E2 Q14.803
G1 C360.000 F1.665278 (RING 2/24 R=23.8750 CSPD=599.50 E0=25.000 E2=14.803 QV=92.37)
M67 E0 Q25.000
M67 E2 Q24.093
G1 X2.5833 C5.000 F119.900000 (HOT LINK 2 CSPD=599.50 E0=25.000 E2=24.093)
M67 E0 Q25.000
M67 E2 Q16.404
G1 C360.000 F1.665278 (RING 3/24 R=26.4583 CSPD=599.50 E0=25.000 E2=16.404 QV=83.35)
M67 E0 Q25.000
M67 E2 Q25.160
G1 X2.5833 C5.000 F119.900000 (HOT LINK 3 CSPD=599.50 E0=25.000 E2=25.160)
M67 E0 Q25.000
M67 E2 Q18.006
G1 C360.000 F1.665278 (RING 4/24 R=29.0417 CSPD=599.50 E0=25.000 E2=18.006 QV=75.94)
M67 E0 Q25.000
M67 E2 Q26.281
G1 X2.5833 C5.000 F119.900000 (HOT LINK 4 CSPD=599.50 E0=25.000 E2=26.281)
M67 E0 Q25.000
M67 E2 Q19.608
G1 C360.000 F1.665278 (RING 5/24 R=31.6250 CSPD=599.50 E0=25.000 E2=19.608 QV=69.73)
M67 E0 Q25.000
M67 E2 Q27.450
G1 X2.5833 C5.000 F119.900000 (HOT LINK 5 CSPD=599.50 E0=25.000 E2=27.450)
M67 E0 Q25.000
M67 E2 Q21.209
G1 C360.000 F1.665278 (RING 6/24 R=34.2083 CSPD=599.50 E0=25.000 E2=21.209 QV=64.47)
M67 E0 Q25.000
M67 E2 Q28.660
G1 X2.5833 C5.000 F119.900000 (HOT LINK 6 CSPD=599.50 E0=25.000 E2=28.660)
M67 E0 Q25.000
M67 E2 Q22.811
G1 C360.000 F1.665278 (RING 7/24 R=36.7917 CSPD=599.50 E0=25.000 E2=22.811 QV=59.94)
M67 E0 Q25.000
M67 E2 Q29.908
G1 X2.5833 C5.000 F119.900000 (HOT LINK 7 CSPD=599.50 E0=25.000 E2=29.908)
M67 E0 Q25.000
M67 E2 Q24.413
G1 C360.000 F1.665278 (RING 8/24 R=39.3750 CSPD=599.50 E0=25.000 E2=24.413 QV=56.01)
M67 E0 Q25.000
M67 E2 Q31.188
G1 X2.5833 C5.000 F119.900000 (HOT LINK 8 CSPD=599.50 E0=25.000 E2=31.188)
M67 E0 Q25.000
M67 E2 Q26.015
G1 C360.000 F1.665278 (RING 9/24 R=41.9583 CSPD=599.50 E0=25.000 E2=26.015 QV=52.56)
M67 E0 Q25.000
M67 E2 Q32.496
G1 X2.5833 C5.000 F119.900000 (HOT LINK 9 CSPD=599.50 E0=25.000 E2=32.496)
M67 E0 Q25.000
M67 E2 Q27.616
G1 C360.000 F1.665278 (RING 10/24 R=44.5417 CSPD=599.50 E0=25.000 E2=27.616 QV=49.51)
M67 E0 Q25.000
M67 E2 Q33.830
G1 X2.5833 C5.000 F119.900000 (HOT LINK 10 CSPD=599.50 E0=25.000 E2=33.830)
M67 E0 Q25.000
M67 E2 Q29.218
G1 C360.000 F1.665278 (RING 11/24 R=47.1250 CSPD=599.50 E0=25.000 E2=29.218 QV=46.80)
M67 E0 Q25.000
M67 E2 Q35.186
G1 X2.5833 C5.000 F119.900000 (HOT LINK 11 CSPD=599.50 E0=25.000 E2=35.186)
M67 E0 Q25.000
M67 E2 Q30.820
G1 C360.000 F1.665278 (RING 12/24 R=49.7083 CSPD=599.50 E0=25.000 E2=30.820 QV=44.37)
M67 E0 Q25.737
M67 E2 Q36.562
G1 X2.5833 C5.000 F119.900000 (HOT LINK 12 CSPD=599.50 E0=25.737 E2=36.562)
M67 E0 Q25.000
M67 E2 Q32.421
G1 C360.000 F1.665278 (RING 13/24 R=52.2917 CSPD=599.50 E0=25.000 E2=32.421 QV=42.17)
M67 E0 Q26.718
M67 E2 Q37.956
G1 X2.5833 C5.000 F119.900000 (HOT LINK 13 CSPD=599.50 E0=26.718 E2=37.956)
M67 E0 Q25.000
M67 E2 Q34.023
G1 C360.000 F1.665278 (RING 14/24 R=54.8750 CSPD=599.50 E0=25.000 E2=34.023 QV=40.19)
M67 E0 Q27.711
M67 E2 Q39.365
G1 X2.5833 C5.000 F119.900000 (HOT LINK 14 CSPD=599.50 E0=27.711 E2=39.365)
M67 E0 Q25.077
M67 E2 Q35.625
G1 C360.000 F1.665278 (RING 15/24 R=57.4583 CSPD=599.50 E0=25.077 E2=35.625 QV=38.50)
M67 E0 Q28.713
M67 E2 Q40.789
G1 X2.5833 C5.000 F119.900000 (HOT LINK 15 CSPD=599.50 E0=28.713 E2=40.789)
M67 E0 Q26.205
M67 E2 Q37.226
G1 C360.000 F1.665278 (RING 16/24 R=60.0417 CSPD=599.50 E0=26.205 E2=37.226 QV=38.50)
M67 E0 Q29.724
M67 E2 Q42.225
G1 X2.5833 C5.000 F119.900000 (HOT LINK 16 CSPD=599.50 E0=29.724 E2=42.225)
M67 E0 Q27.332
M67 E2 Q38.828
G1 C360.000 F1.665278 (RING 17/24 R=62.6250 CSPD=599.50 E0=27.332 E2=38.828 QV=38.50)
M67 E0 Q30.743
M67 E2 Q43.673
G1 X2.5833 C5.000 F119.900000 (HOT LINK 17 CSPD=599.50 E0=30.743 E2=43.673)
M67 E0 Q28.460
M67 E2 Q40.430
G1 C360.000 F1.665278 (RING 18/24 R=65.2083 CSPD=599.50 E0=28.460 E2=40.430 QV=38.50)
M67 E0 Q31.770
M67 E2 Q45.132
G1 X2.5833 C5.000 F119.900000 (HOT LINK 18 CSPD=599.50 E0=31.770 E2=45.132)
M67 E0 Q29.587
M67 E2 Q42.031
G1 C360.000 F1.665278 (RING 19/24 R=67.7917 CSPD=599.50 E0=29.587 E2=42.031 QV=38.50)
M67 E0 Q32.803
M67 E2 Q46.599
G1 X2.5833 C5.000 F119.900000 (HOT LINK 19 CSPD=599.50 E0=32.803 E2=46.599)
M67 E0 Q30.715
M67 E2 Q43.633
G1 C360.000 F1.665278 (RING 20/24 R=70.3750 CSPD=599.50 E0=30.715 E2=43.633 QV=38.50)
M67 E0 Q33.842
M67 E2 Q48.076
G1 X2.5833 C5.000 F119.900000 (HOT LINK 20 CSPD=599.50 E0=33.842 E2=48.076)
M67 E0 Q31.842
M67 E2 Q45.235
G1 C360.000 F1.665278 (RING 21/24 R=72.9583 CSPD=599.50 E0=31.842 E2=45.235 QV=38.50)
M67 E0 Q34.845
M67 E2 Q49.500
G1 X2.5833 C5.000 F119.755299 (HOT LINK 21 CSPD=598.78 E0=34.845 E2=49.500)
M67 E0 Q32.970
M67 E2 Q46.836
G1 C360.000 F1.665278 (RING 22/24 R=75.5417 CSPD=599.50 E0=32.970 E2=46.836 QV=38.50)
M67 E0 Q34.845
M67 E2 Q49.500
G1 X2.5833 C5.000 F116.257198 (HOT LINK 22 CSPD=581.29 E0=34.845 E2=49.500)
M67 E0 Q34.097
M67 E2 Q48.438
G1 C360.000 F1.665278 (RING 23/24 R=78.1250 CSPD=599.50 E0=34.097 E2=48.438 QV=38.50)
M67 E0 Q34.845
M67 E2 Q49.500
G1 X2.5833 C5.000 F112.943680 (HOT LINK 23 CSPD=564.72 E0=34.845 E2=49.500)
M67 E0 Q32.057
M67 E2 Q49.500
G1 C360.000 F1.647313 (RING 24/24 R=80.7083 CSPD=593.03 E0=32.057 E2=49.500 QV=35.42)
(LAYER 12/32 Z=16.8667..18.4000 ZONE=FLANGE_NARROW DIR=inner_to_outer TRACKS=24 PITCH=2.5833 ADEP=3.9004 ACTIVE=14.6112min DWELL=0.0s)
M68 E2 Q0.000 (cold interlayer transition)
M68 E0 Q0.000
G1 X-59.4167 Z1.5333 C17.000 F35.264706
M67 E0 Q25.000 (synchronized layer hot state)
M67 E2 Q13.201
G1 C360.000 F1.665278 (RING 1/24 R=21.2917 CSPD=599.50 E0=25.000 E2=13.201 QV=103.58)
M67 E0 Q25.000
M67 E2 Q23.088
G1 X2.5833 C5.000 F119.900000 (HOT LINK 1 CSPD=599.50 E0=25.000 E2=23.088)
M67 E0 Q25.000
M67 E2 Q14.803
G1 C360.000 F1.665278 (RING 2/24 R=23.8750 CSPD=599.50 E0=25.000 E2=14.803 QV=92.37)
M67 E0 Q25.000
M67 E2 Q24.093
G1 X2.5833 C5.000 F119.900000 (HOT LINK 2 CSPD=599.50 E0=25.000 E2=24.093)
M67 E0 Q25.000
M67 E2 Q16.404
G1 C360.000 F1.665278 (RING 3/24 R=26.4583 CSPD=599.50 E0=25.000 E2=16.404 QV=83.35)
M67 E0 Q25.000
M67 E2 Q25.160
G1 X2.5833 C5.000 F119.900000 (HOT LINK 3 CSPD=599.50 E0=25.000 E2=25.160)
M67 E0 Q25.000
M67 E2 Q18.006
G1 C360.000 F1.665278 (RING 4/24 R=29.0417 CSPD=599.50 E0=25.000 E2=18.006 QV=75.94)
M67 E0 Q25.000
M67 E2 Q26.281
G1 X2.5833 C5.000 F119.900000 (HOT LINK 4 CSPD=599.50 E0=25.000 E2=26.281)
M67 E0 Q25.000
M67 E2 Q19.608
G1 C360.000 F1.665278 (RING 5/24 R=31.6250 CSPD=599.50 E0=25.000 E2=19.608 QV=69.73)
M67 E0 Q25.000
M67 E2 Q27.450
G1 X2.5833 C5.000 F119.900000 (HOT LINK 5 CSPD=599.50 E0=25.000 E2=27.450)
M67 E0 Q25.000
M67 E2 Q21.209
G1 C360.000 F1.665278 (RING 6/24 R=34.2083 CSPD=599.50 E0=25.000 E2=21.209 QV=64.47)
M67 E0 Q25.000
M67 E2 Q28.660
G1 X2.5833 C5.000 F119.900000 (HOT LINK 6 CSPD=599.50 E0=25.000 E2=28.660)
M67 E0 Q25.000
M67 E2 Q22.811
G1 C360.000 F1.665278 (RING 7/24 R=36.7917 CSPD=599.50 E0=25.000 E2=22.811 QV=59.94)
M67 E0 Q25.000
M67 E2 Q29.908
G1 X2.5833 C5.000 F119.900000 (HOT LINK 7 CSPD=599.50 E0=25.000 E2=29.908)
M67 E0 Q25.000
M67 E2 Q24.413
G1 C360.000 F1.665278 (RING 8/24 R=39.3750 CSPD=599.50 E0=25.000 E2=24.413 QV=56.01)
M67 E0 Q25.000
M67 E2 Q31.188
G1 X2.5833 C5.000 F119.900000 (HOT LINK 8 CSPD=599.50 E0=25.000 E2=31.188)
M67 E0 Q25.000
M67 E2 Q26.015
G1 C360.000 F1.665278 (RING 9/24 R=41.9583 CSPD=599.50 E0=25.000 E2=26.015 QV=52.56)
M67 E0 Q25.000
M67 E2 Q32.496
G1 X2.5833 C5.000 F119.900000 (HOT LINK 9 CSPD=599.50 E0=25.000 E2=32.496)
M67 E0 Q25.000
M67 E2 Q27.616
G1 C360.000 F1.665278 (RING 10/24 R=44.5417 CSPD=599.50 E0=25.000 E2=27.616 QV=49.51)
M67 E0 Q25.000
M67 E2 Q33.830
G1 X2.5833 C5.000 F119.900000 (HOT LINK 10 CSPD=599.50 E0=25.000 E2=33.830)
M67 E0 Q25.000
M67 E2 Q29.218
G1 C360.000 F1.665278 (RING 11/24 R=47.1250 CSPD=599.50 E0=25.000 E2=29.218 QV=46.80)
M67 E0 Q25.000
M67 E2 Q35.186
G1 X2.5833 C5.000 F119.900000 (HOT LINK 11 CSPD=599.50 E0=25.000 E2=35.186)
M67 E0 Q25.000
M67 E2 Q30.820
G1 C360.000 F1.665278 (RING 12/24 R=49.7083 CSPD=599.50 E0=25.000 E2=30.820 QV=44.37)
M67 E0 Q25.737
M67 E2 Q36.562
G1 X2.5833 C5.000 F119.900000 (HOT LINK 12 CSPD=599.50 E0=25.737 E2=36.562)
M67 E0 Q25.000
M67 E2 Q32.421
G1 C360.000 F1.665278 (RING 13/24 R=52.2917 CSPD=599.50 E0=25.000 E2=32.421 QV=42.17)
M67 E0 Q26.718
M67 E2 Q37.956
G1 X2.5833 C5.000 F119.900000 (HOT LINK 13 CSPD=599.50 E0=26.718 E2=37.956)
M67 E0 Q25.000
M67 E2 Q34.023
G1 C360.000 F1.665278 (RING 14/24 R=54.8750 CSPD=599.50 E0=25.000 E2=34.023 QV=40.19)
M67 E0 Q27.711
M67 E2 Q39.365
G1 X2.5833 C5.000 F119.900000 (HOT LINK 14 CSPD=599.50 E0=27.711 E2=39.365)
M67 E0 Q25.077
M67 E2 Q35.625
G1 C360.000 F1.665278 (RING 15/24 R=57.4583 CSPD=599.50 E0=25.077 E2=35.625 QV=38.50)
M67 E0 Q28.713
M67 E2 Q40.789
G1 X2.5833 C5.000 F119.900000 (HOT LINK 15 CSPD=599.50 E0=28.713 E2=40.789)
M67 E0 Q26.205
M67 E2 Q37.226
G1 C360.000 F1.665278 (RING 16/24 R=60.0417 CSPD=599.50 E0=26.205 E2=37.226 QV=38.50)
M67 E0 Q29.724
M67 E2 Q42.225
G1 X2.5833 C5.000 F119.900000 (HOT LINK 16 CSPD=599.50 E0=29.724 E2=42.225)
M67 E0 Q27.332
M67 E2 Q38.828
G1 C360.000 F1.665278 (RING 17/24 R=62.6250 CSPD=599.50 E0=27.332 E2=38.828 QV=38.50)
M67 E0 Q30.743
M67 E2 Q43.673
G1 X2.5833 C5.000 F119.900000 (HOT LINK 17 CSPD=599.50 E0=30.743 E2=43.673)
M67 E0 Q28.460
M67 E2 Q40.430
G1 C360.000 F1.665278 (RING 18/24 R=65.2083 CSPD=599.50 E0=28.460 E2=40.430 QV=38.50)
M67 E0 Q31.770
M67 E2 Q45.132
G1 X2.5833 C5.000 F119.900000 (HOT LINK 18 CSPD=599.50 E0=31.770 E2=45.132)
M67 E0 Q29.587
M67 E2 Q42.031
G1 C360.000 F1.665278 (RING 19/24 R=67.7917 CSPD=599.50 E0=29.587 E2=42.031 QV=38.50)
M67 E0 Q32.803
M67 E2 Q46.599
G1 X2.5833 C5.000 F119.900000 (HOT LINK 19 CSPD=599.50 E0=32.803 E2=46.599)
M67 E0 Q30.715
M67 E2 Q43.633
G1 C360.000 F1.665278 (RING 20/24 R=70.3750 CSPD=599.50 E0=30.715 E2=43.633 QV=38.50)
M67 E0 Q33.842
M67 E2 Q48.076
G1 X2.5833 C5.000 F119.900000 (HOT LINK 20 CSPD=599.50 E0=33.842 E2=48.076)
M67 E0 Q31.842
M67 E2 Q45.235
G1 C360.000 F1.665278 (RING 21/24 R=72.9583 CSPD=599.50 E0=31.842 E2=45.235 QV=38.50)
M67 E0 Q34.845
M67 E2 Q49.500
G1 X2.5833 C5.000 F119.755299 (HOT LINK 21 CSPD=598.78 E0=34.845 E2=49.500)
M67 E0 Q32.970
M67 E2 Q46.836
G1 C360.000 F1.665278 (RING 22/24 R=75.5417 CSPD=599.50 E0=32.970 E2=46.836 QV=38.50)
M67 E0 Q34.845
M67 E2 Q49.500
G1 X2.5833 C5.000 F116.257198 (HOT LINK 22 CSPD=581.29 E0=34.845 E2=49.500)
M67 E0 Q34.097
M67 E2 Q48.438
G1 C360.000 F1.665278 (RING 23/24 R=78.1250 CSPD=599.50 E0=34.097 E2=48.438 QV=38.50)
M67 E0 Q34.845
M67 E2 Q49.500
G1 X2.5833 C5.000 F112.943680 (HOT LINK 23 CSPD=564.72 E0=34.845 E2=49.500)
M67 E0 Q32.057
M67 E2 Q49.500
G1 C360.000 F1.647313 (RING 24/24 R=80.7083 CSPD=593.03 E0=32.057 E2=49.500 QV=35.42)
(LAYER 13/32 Z=18.4000..19.9333 ZONE=FLANGE_NARROW DIR=inner_to_outer TRACKS=24 PITCH=2.5833 ADEP=3.9004 ACTIVE=14.6112min DWELL=0.0s)
M68 E2 Q0.000 (cold interlayer transition)
M68 E0 Q0.000
G1 X-59.4167 Z1.5333 C17.000 F35.264706
M67 E0 Q25.000 (synchronized layer hot state)
M67 E2 Q13.201
G1 C360.000 F1.665278 (RING 1/24 R=21.2917 CSPD=599.50 E0=25.000 E2=13.201 QV=103.58)
M67 E0 Q25.000
M67 E2 Q23.088
G1 X2.5833 C5.000 F119.900000 (HOT LINK 1 CSPD=599.50 E0=25.000 E2=23.088)
M67 E0 Q25.000
M67 E2 Q14.803
G1 C360.000 F1.665278 (RING 2/24 R=23.8750 CSPD=599.50 E0=25.000 E2=14.803 QV=92.37)
M67 E0 Q25.000
M67 E2 Q24.093
G1 X2.5833 C5.000 F119.900000 (HOT LINK 2 CSPD=599.50 E0=25.000 E2=24.093)
M67 E0 Q25.000
M67 E2 Q16.404
G1 C360.000 F1.665278 (RING 3/24 R=26.4583 CSPD=599.50 E0=25.000 E2=16.404 QV=83.35)
M67 E0 Q25.000
M67 E2 Q25.160
G1 X2.5833 C5.000 F119.900000 (HOT LINK 3 CSPD=599.50 E0=25.000 E2=25.160)
M67 E0 Q25.000
M67 E2 Q18.006
G1 C360.000 F1.665278 (RING 4/24 R=29.0417 CSPD=599.50 E0=25.000 E2=18.006 QV=75.94)
M67 E0 Q25.000
M67 E2 Q26.281
G1 X2.5833 C5.000 F119.900000 (HOT LINK 4 CSPD=599.50 E0=25.000 E2=26.281)
M67 E0 Q25.000
M67 E2 Q19.608
G1 C360.000 F1.665278 (RING 5/24 R=31.6250 CSPD=599.50 E0=25.000 E2=19.608 QV=69.73)
M67 E0 Q25.000
M67 E2 Q27.450
G1 X2.5833 C5.000 F119.900000 (HOT LINK 5 CSPD=599.50 E0=25.000 E2=27.450)
M67 E0 Q25.000
M67 E2 Q21.209
G1 C360.000 F1.665278 (RING 6/24 R=34.2083 CSPD=599.50 E0=25.000 E2=21.209 QV=64.47)
M67 E0 Q25.000
M67 E2 Q28.660
G1 X2.5833 C5.000 F119.900000 (HOT LINK 6 CSPD=599.50 E0=25.000 E2=28.660)
M67 E0 Q25.000
M67 E2 Q22.811
G1 C360.000 F1.665278 (RING 7/24 R=36.7917 CSPD=599.50 E0=25.000 E2=22.811 QV=59.94)
M67 E0 Q25.000
M67 E2 Q29.908
G1 X2.5833 C5.000 F119.900000 (HOT LINK 7 CSPD=599.50 E0=25.000 E2=29.908)
M67 E0 Q25.000
M67 E2 Q24.413
G1 C360.000 F1.665278 (RING 8/24 R=39.3750 CSPD=599.50 E0=25.000 E2=24.413 QV=56.01)
M67 E0 Q25.000
M67 E2 Q31.188
G1 X2.5833 C5.000 F119.900000 (HOT LINK 8 CSPD=599.50 E0=25.000 E2=31.188)
M67 E0 Q25.000
M67 E2 Q26.015
G1 C360.000 F1.665278 (RING 9/24 R=41.9583 CSPD=599.50 E0=25.000 E2=26.015 QV=52.56)
M67 E0 Q25.000
M67 E2 Q32.496
G1 X2.5833 C5.000 F119.900000 (HOT LINK 9 CSPD=599.50 E0=25.000 E2=32.496)
M67 E0 Q25.000
M67 E2 Q27.616
G1 C360.000 F1.665278 (RING 10/24 R=44.5417 CSPD=599.50 E0=25.000 E2=27.616 QV=49.51)
M67 E0 Q25.000
M67 E2 Q33.830
G1 X2.5833 C5.000 F119.900000 (HOT LINK 10 CSPD=599.50 E0=25.000 E2=33.830)
M67 E0 Q25.000
M67 E2 Q29.218
G1 C360.000 F1.665278 (RING 11/24 R=47.1250 CSPD=599.50 E0=25.000 E2=29.218 QV=46.80)
M67 E0 Q25.000
M67 E2 Q35.186
G1 X2.5833 C5.000 F119.900000 (HOT LINK 11 CSPD=599.50 E0=25.000 E2=35.186)
M67 E0 Q25.000
M67 E2 Q30.820
G1 C360.000 F1.665278 (RING 12/24 R=49.7083 CSPD=599.50 E0=25.000 E2=30.820 QV=44.37)
M67 E0 Q25.737
M67 E2 Q36.562
G1 X2.5833 C5.000 F119.900000 (HOT LINK 12 CSPD=599.50 E0=25.737 E2=36.562)
M67 E0 Q25.000
M67 E2 Q32.421
G1 C360.000 F1.665278 (RING 13/24 R=52.2917 CSPD=599.50 E0=25.000 E2=32.421 QV=42.17)
M67 E0 Q26.718
M67 E2 Q37.956
G1 X2.5833 C5.000 F119.900000 (HOT LINK 13 CSPD=599.50 E0=26.718 E2=37.956)
M67 E0 Q25.000
M67 E2 Q34.023
G1 C360.000 F1.665278 (RING 14/24 R=54.8750 CSPD=599.50 E0=25.000 E2=34.023 QV=40.19)
M67 E0 Q27.711
M67 E2 Q39.365
G1 X2.5833 C5.000 F119.900000 (HOT LINK 14 CSPD=599.50 E0=27.711 E2=39.365)
M67 E0 Q25.077
M67 E2 Q35.625
G1 C360.000 F1.665278 (RING 15/24 R=57.4583 CSPD=599.50 E0=25.077 E2=35.625 QV=38.50)
M67 E0 Q28.713
M67 E2 Q40.789
G1 X2.5833 C5.000 F119.900000 (HOT LINK 15 CSPD=599.50 E0=28.713 E2=40.789)
M67 E0 Q26.205
M67 E2 Q37.226
G1 C360.000 F1.665278 (RING 16/24 R=60.0417 CSPD=599.50 E0=26.205 E2=37.226 QV=38.50)
M67 E0 Q29.724
M67 E2 Q42.225
G1 X2.5833 C5.000 F119.900000 (HOT LINK 16 CSPD=599.50 E0=29.724 E2=42.225)
M67 E0 Q27.332
M67 E2 Q38.828
G1 C360.000 F1.665278 (RING 17/24 R=62.6250 CSPD=599.50 E0=27.332 E2=38.828 QV=38.50)
M67 E0 Q30.743
M67 E2 Q43.673
G1 X2.5833 C5.000 F119.900000 (HOT LINK 17 CSPD=599.50 E0=30.743 E2=43.673)
M67 E0 Q28.460
M67 E2 Q40.430
G1 C360.000 F1.665278 (RING 18/24 R=65.2083 CSPD=599.50 E0=28.460 E2=40.430 QV=38.50)
M67 E0 Q31.770
M67 E2 Q45.132
G1 X2.5833 C5.000 F119.900000 (HOT LINK 18 CSPD=599.50 E0=31.770 E2=45.132)
M67 E0 Q29.587
M67 E2 Q42.031
G1 C360.000 F1.665278 (RING 19/24 R=67.7917 CSPD=599.50 E0=29.587 E2=42.031 QV=38.50)
M67 E0 Q32.803
M67 E2 Q46.599
G1 X2.5833 C5.000 F119.900000 (HOT LINK 19 CSPD=599.50 E0=32.803 E2=46.599)
M67 E0 Q30.715
M67 E2 Q43.633
G1 C360.000 F1.665278 (RING 20/24 R=70.3750 CSPD=599.50 E0=30.715 E2=43.633 QV=38.50)
M67 E0 Q33.842
M67 E2 Q48.076
G1 X2.5833 C5.000 F119.900000 (HOT LINK 20 CSPD=599.50 E0=33.842 E2=48.076)
M67 E0 Q31.842
M67 E2 Q45.235
G1 C360.000 F1.665278 (RING 21/24 R=72.9583 CSPD=599.50 E0=31.842 E2=45.235 QV=38.50)
M67 E0 Q34.845
M67 E2 Q49.500
G1 X2.5833 C5.000 F119.755299 (HOT LINK 21 CSPD=598.78 E0=34.845 E2=49.500)
M67 E0 Q32.970
M67 E2 Q46.836
G1 C360.000 F1.665278 (RING 22/24 R=75.5417 CSPD=599.50 E0=32.970 E2=46.836 QV=38.50)
M67 E0 Q34.845
M67 E2 Q49.500
G1 X2.5833 C5.000 F116.257198 (HOT LINK 22 CSPD=581.29 E0=34.845 E2=49.500)
M67 E0 Q34.097
M67 E2 Q48.438
G1 C360.000 F1.665278 (RING 23/24 R=78.1250 CSPD=599.50 E0=34.097 E2=48.438 QV=38.50)
M67 E0 Q34.845
M67 E2 Q49.500
G1 X2.5833 C5.000 F112.943680 (HOT LINK 23 CSPD=564.72 E0=34.845 E2=49.500)
M67 E0 Q32.057
M67 E2 Q49.500
G1 C360.000 F1.647313 (RING 24/24 R=80.7083 CSPD=593.03 E0=32.057 E2=49.500 QV=35.42)
(LAYER 14/32 Z=19.9333..21.4667 ZONE=FLANGE_NARROW DIR=inner_to_outer TRACKS=24 PITCH=2.5833 ADEP=3.9004 ACTIVE=14.6112min DWELL=0.0s)
M68 E2 Q0.000 (cold interlayer transition)
M68 E0 Q0.000
G1 X-59.4167 Z1.5333 C17.000 F35.264706
M67 E0 Q25.000 (synchronized layer hot state)
M67 E2 Q13.201
G1 C360.000 F1.665278 (RING 1/24 R=21.2917 CSPD=599.50 E0=25.000 E2=13.201 QV=103.58)
M67 E0 Q25.000
M67 E2 Q23.088
G1 X2.5833 C5.000 F119.900000 (HOT LINK 1 CSPD=599.50 E0=25.000 E2=23.088)
M67 E0 Q25.000
M67 E2 Q14.803
G1 C360.000 F1.665278 (RING 2/24 R=23.8750 CSPD=599.50 E0=25.000 E2=14.803 QV=92.37)
M67 E0 Q25.000
M67 E2 Q24.093
G1 X2.5833 C5.000 F119.900000 (HOT LINK 2 CSPD=599.50 E0=25.000 E2=24.093)
M67 E0 Q25.000
M67 E2 Q16.404
G1 C360.000 F1.665278 (RING 3/24 R=26.4583 CSPD=599.50 E0=25.000 E2=16.404 QV=83.35)
M67 E0 Q25.000
M67 E2 Q25.160
G1 X2.5833 C5.000 F119.900000 (HOT LINK 3 CSPD=599.50 E0=25.000 E2=25.160)
M67 E0 Q25.000
M67 E2 Q18.006
G1 C360.000 F1.665278 (RING 4/24 R=29.0417 CSPD=599.50 E0=25.000 E2=18.006 QV=75.94)
M67 E0 Q25.000
M67 E2 Q26.281
G1 X2.5833 C5.000 F119.900000 (HOT LINK 4 CSPD=599.50 E0=25.000 E2=26.281)
M67 E0 Q25.000
M67 E2 Q19.608
G1 C360.000 F1.665278 (RING 5/24 R=31.6250 CSPD=599.50 E0=25.000 E2=19.608 QV=69.73)
M67 E0 Q25.000
M67 E2 Q27.450
G1 X2.5833 C5.000 F119.900000 (HOT LINK 5 CSPD=599.50 E0=25.000 E2=27.450)
M67 E0 Q25.000
M67 E2 Q21.209
G1 C360.000 F1.665278 (RING 6/24 R=34.2083 CSPD=599.50 E0=25.000 E2=21.209 QV=64.47)
M67 E0 Q25.000
M67 E2 Q28.660
G1 X2.5833 C5.000 F119.900000 (HOT LINK 6 CSPD=599.50 E0=25.000 E2=28.660)
M67 E0 Q25.000
M67 E2 Q22.811
G1 C360.000 F1.665278 (RING 7/24 R=36.7917 CSPD=599.50 E0=25.000 E2=22.811 QV=59.94)
M67 E0 Q25.000
M67 E2 Q29.908
G1 X2.5833 C5.000 F119.900000 (HOT LINK 7 CSPD=599.50 E0=25.000 E2=29.908)
M67 E0 Q25.000
M67 E2 Q24.413
G1 C360.000 F1.665278 (RING 8/24 R=39.3750 CSPD=599.50 E0=25.000 E2=24.413 QV=56.01)
M67 E0 Q25.000
M67 E2 Q31.188
G1 X2.5833 C5.000 F119.900000 (HOT LINK 8 CSPD=599.50 E0=25.000 E2=31.188)
M67 E0 Q25.000
M67 E2 Q26.015
G1 C360.000 F1.665278 (RING 9/24 R=41.9583 CSPD=599.50 E0=25.000 E2=26.015 QV=52.56)
M67 E0 Q25.000
M67 E2 Q32.496
G1 X2.5833 C5.000 F119.900000 (HOT LINK 9 CSPD=599.50 E0=25.000 E2=32.496)
M67 E0 Q25.000
M67 E2 Q27.616
G1 C360.000 F1.665278 (RING 10/24 R=44.5417 CSPD=599.50 E0=25.000 E2=27.616 QV=49.51)
M67 E0 Q25.000
M67 E2 Q33.830
G1 X2.5833 C5.000 F119.900000 (HOT LINK 10 CSPD=599.50 E0=25.000 E2=33.830)
M67 E0 Q25.000
M67 E2 Q29.218
G1 C360.000 F1.665278 (RING 11/24 R=47.1250 CSPD=599.50 E0=25.000 E2=29.218 QV=46.80)
M67 E0 Q25.000
M67 E2 Q35.186
G1 X2.5833 C5.000 F119.900000 (HOT LINK 11 CSPD=599.50 E0=25.000 E2=35.186)
M67 E0 Q25.000
M67 E2 Q30.820
G1 C360.000 F1.665278 (RING 12/24 R=49.7083 CSPD=599.50 E0=25.000 E2=30.820 QV=44.37)
M67 E0 Q25.737
M67 E2 Q36.562
G1 X2.5833 C5.000 F119.900000 (HOT LINK 12 CSPD=599.50 E0=25.737 E2=36.562)
M67 E0 Q25.000
M67 E2 Q32.421
G1 C360.000 F1.665278 (RING 13/24 R=52.2917 CSPD=599.50 E0=25.000 E2=32.421 QV=42.17)
M67 E0 Q26.718
M67 E2 Q37.956
G1 X2.5833 C5.000 F119.900000 (HOT LINK 13 CSPD=599.50 E0=26.718 E2=37.956)
M67 E0 Q25.000
M67 E2 Q34.023
G1 C360.000 F1.665278 (RING 14/24 R=54.8750 CSPD=599.50 E0=25.000 E2=34.023 QV=40.19)
M67 E0 Q27.711
M67 E2 Q39.365
G1 X2.5833 C5.000 F119.900000 (HOT LINK 14 CSPD=599.50 E0=27.711 E2=39.365)
M67 E0 Q25.077
M67 E2 Q35.625
G1 C360.000 F1.665278 (RING 15/24 R=57.4583 CSPD=599.50 E0=25.077 E2=35.625 QV=38.50)
M67 E0 Q28.713
M67 E2 Q40.789
G1 X2.5833 C5.000 F119.900000 (HOT LINK 15 CSPD=599.50 E0=28.713 E2=40.789)
M67 E0 Q26.205
M67 E2 Q37.226
G1 C360.000 F1.665278 (RING 16/24 R=60.0417 CSPD=599.50 E0=26.205 E2=37.226 QV=38.50)
M67 E0 Q29.724
M67 E2 Q42.225
G1 X2.5833 C5.000 F119.900000 (HOT LINK 16 CSPD=599.50 E0=29.724 E2=42.225)
M67 E0 Q27.332
M67 E2 Q38.828
G1 C360.000 F1.665278 (RING 17/24 R=62.6250 CSPD=599.50 E0=27.332 E2=38.828 QV=38.50)
M67 E0 Q30.743
M67 E2 Q43.673
G1 X2.5833 C5.000 F119.900000 (HOT LINK 17 CSPD=599.50 E0=30.743 E2=43.673)
M67 E0 Q28.460
M67 E2 Q40.430
G1 C360.000 F1.665278 (RING 18/24 R=65.2083 CSPD=599.50 E0=28.460 E2=40.430 QV=38.50)
M67 E0 Q31.770
M67 E2 Q45.132
G1 X2.5833 C5.000 F119.900000 (HOT LINK 18 CSPD=599.50 E0=31.770 E2=45.132)
M67 E0 Q29.587
M67 E2 Q42.031
G1 C360.000 F1.665278 (RING 19/24 R=67.7917 CSPD=599.50 E0=29.587 E2=42.031 QV=38.50)
M67 E0 Q32.803
M67 E2 Q46.599
G1 X2.5833 C5.000 F119.900000 (HOT LINK 19 CSPD=599.50 E0=32.803 E2=46.599)
M67 E0 Q30.715
M67 E2 Q43.633
G1 C360.000 F1.665278 (RING 20/24 R=70.3750 CSPD=599.50 E0=30.715 E2=43.633 QV=38.50)
M67 E0 Q33.842
M67 E2 Q48.076
G1 X2.5833 C5.000 F119.900000 (HOT LINK 20 CSPD=599.50 E0=33.842 E2=48.076)
M67 E0 Q31.842
M67 E2 Q45.235
G1 C360.000 F1.665278 (RING 21/24 R=72.9583 CSPD=599.50 E0=31.842 E2=45.235 QV=38.50)
M67 E0 Q34.845
M67 E2 Q49.500
G1 X2.5833 C5.000 F119.755299 (HOT LINK 21 CSPD=598.78 E0=34.845 E2=49.500)
M67 E0 Q32.970
M67 E2 Q46.836
G1 C360.000 F1.665278 (RING 22/24 R=75.5417 CSPD=599.50 E0=32.970 E2=46.836 QV=38.50)
M67 E0 Q34.845
M67 E2 Q49.500
G1 X2.5833 C5.000 F116.257198 (HOT LINK 22 CSPD=581.29 E0=34.845 E2=49.500)
M67 E0 Q34.097
M67 E2 Q48.438
G1 C360.000 F1.665278 (RING 23/24 R=78.1250 CSPD=599.50 E0=34.097 E2=48.438 QV=38.50)
M67 E0 Q34.845
M67 E2 Q49.500
G1 X2.5833 C5.000 F112.943680 (HOT LINK 23 CSPD=564.72 E0=34.845 E2=49.500)
M67 E0 Q32.057
M67 E2 Q49.500
G1 C360.000 F1.647313 (RING 24/24 R=80.7083 CSPD=593.03 E0=32.057 E2=49.500 QV=35.42)
(LAYER 15/32 Z=21.4667..23.0000 ZONE=FLANGE_NARROW DIR=inner_to_outer TRACKS=24 PITCH=2.5833 ADEP=3.9004 ACTIVE=14.6112min DWELL=0.0s)
M68 E2 Q0.000 (cold interlayer transition)
M68 E0 Q0.000
G1 X-59.4167 Z1.5333 C17.000 F35.264706
M67 E0 Q25.000 (synchronized layer hot state)
M67 E2 Q13.201
G1 C360.000 F1.665278 (RING 1/24 R=21.2917 CSPD=599.50 E0=25.000 E2=13.201 QV=103.58)
M67 E0 Q25.000
M67 E2 Q23.088
G1 X2.5833 C5.000 F119.900000 (HOT LINK 1 CSPD=599.50 E0=25.000 E2=23.088)
M67 E0 Q25.000
M67 E2 Q14.803
G1 C360.000 F1.665278 (RING 2/24 R=23.8750 CSPD=599.50 E0=25.000 E2=14.803 QV=92.37)
M67 E0 Q25.000
M67 E2 Q24.093
G1 X2.5833 C5.000 F119.900000 (HOT LINK 2 CSPD=599.50 E0=25.000 E2=24.093)
M67 E0 Q25.000
M67 E2 Q16.404
G1 C360.000 F1.665278 (RING 3/24 R=26.4583 CSPD=599.50 E0=25.000 E2=16.404 QV=83.35)
M67 E0 Q25.000
M67 E2 Q25.160
G1 X2.5833 C5.000 F119.900000 (HOT LINK 3 CSPD=599.50 E0=25.000 E2=25.160)
M67 E0 Q25.000
M67 E2 Q18.006
G1 C360.000 F1.665278 (RING 4/24 R=29.0417 CSPD=599.50 E0=25.000 E2=18.006 QV=75.94)
M67 E0 Q25.000
M67 E2 Q26.281
G1 X2.5833 C5.000 F119.900000 (HOT LINK 4 CSPD=599.50 E0=25.000 E2=26.281)
M67 E0 Q25.000
M67 E2 Q19.608
G1 C360.000 F1.665278 (RING 5/24 R=31.6250 CSPD=599.50 E0=25.000 E2=19.608 QV=69.73)
M67 E0 Q25.000
M67 E2 Q27.450
G1 X2.5833 C5.000 F119.900000 (HOT LINK 5 CSPD=599.50 E0=25.000 E2=27.450)
M67 E0 Q25.000
M67 E2 Q21.209
G1 C360.000 F1.665278 (RING 6/24 R=34.2083 CSPD=599.50 E0=25.000 E2=21.209 QV=64.47)
M67 E0 Q25.000
M67 E2 Q28.660
G1 X2.5833 C5.000 F119.900000 (HOT LINK 6 CSPD=599.50 E0=25.000 E2=28.660)
M67 E0 Q25.000
M67 E2 Q22.811
G1 C360.000 F1.665278 (RING 7/24 R=36.7917 CSPD=599.50 E0=25.000 E2=22.811 QV=59.94)
M67 E0 Q25.000
M67 E2 Q29.908
G1 X2.5833 C5.000 F119.900000 (HOT LINK 7 CSPD=599.50 E0=25.000 E2=29.908)
M67 E0 Q25.000
M67 E2 Q24.413
G1 C360.000 F1.665278 (RING 8/24 R=39.3750 CSPD=599.50 E0=25.000 E2=24.413 QV=56.01)
M67 E0 Q25.000
M67 E2 Q31.188
G1 X2.5833 C5.000 F119.900000 (HOT LINK 8 CSPD=599.50 E0=25.000 E2=31.188)
M67 E0 Q25.000
M67 E2 Q26.015
G1 C360.000 F1.665278 (RING 9/24 R=41.9583 CSPD=599.50 E0=25.000 E2=26.015 QV=52.56)
M67 E0 Q25.000
M67 E2 Q32.496
G1 X2.5833 C5.000 F119.900000 (HOT LINK 9 CSPD=599.50 E0=25.000 E2=32.496)
M67 E0 Q25.000
M67 E2 Q27.616
G1 C360.000 F1.665278 (RING 10/24 R=44.5417 CSPD=599.50 E0=25.000 E2=27.616 QV=49.51)
M67 E0 Q25.000
M67 E2 Q33.830
G1 X2.5833 C5.000 F119.900000 (HOT LINK 10 CSPD=599.50 E0=25.000 E2=33.830)
M67 E0 Q25.000
M67 E2 Q29.218
G1 C360.000 F1.665278 (RING 11/24 R=47.1250 CSPD=599.50 E0=25.000 E2=29.218 QV=46.80)
M67 E0 Q25.000
M67 E2 Q35.186
G1 X2.5833 C5.000 F119.900000 (HOT LINK 11 CSPD=599.50 E0=25.000 E2=35.186)
M67 E0 Q25.000
M67 E2 Q30.820
G1 C360.000 F1.665278 (RING 12/24 R=49.7083 CSPD=599.50 E0=25.000 E2=30.820 QV=44.37)
M67 E0 Q25.737
M67 E2 Q36.562
G1 X2.5833 C5.000 F119.900000 (HOT LINK 12 CSPD=599.50 E0=25.737 E2=36.562)
M67 E0 Q25.000
M67 E2 Q32.421
G1 C360.000 F1.665278 (RING 13/24 R=52.2917 CSPD=599.50 E0=25.000 E2=32.421 QV=42.17)
M67 E0 Q26.718
M67 E2 Q37.956
G1 X2.5833 C5.000 F119.900000 (HOT LINK 13 CSPD=599.50 E0=26.718 E2=37.956)
M67 E0 Q25.000
M67 E2 Q34.023
G1 C360.000 F1.665278 (RING 14/24 R=54.8750 CSPD=599.50 E0=25.000 E2=34.023 QV=40.19)
M67 E0 Q27.711
M67 E2 Q39.365
G1 X2.5833 C5.000 F119.900000 (HOT LINK 14 CSPD=599.50 E0=27.711 E2=39.365)
M67 E0 Q25.077
M67 E2 Q35.625
G1 C360.000 F1.665278 (RING 15/24 R=57.4583 CSPD=599.50 E0=25.077 E2=35.625 QV=38.50)
M67 E0 Q28.713
M67 E2 Q40.789
G1 X2.5833 C5.000 F119.900000 (HOT LINK 15 CSPD=599.50 E0=28.713 E2=40.789)
M67 E0 Q26.205
M67 E2 Q37.226
G1 C360.000 F1.665278 (RING 16/24 R=60.0417 CSPD=599.50 E0=26.205 E2=37.226 QV=38.50)
M67 E0 Q29.724
M67 E2 Q42.225
G1 X2.5833 C5.000 F119.900000 (HOT LINK 16 CSPD=599.50 E0=29.724 E2=42.225)
M67 E0 Q27.332
M67 E2 Q38.828
G1 C360.000 F1.665278 (RING 17/24 R=62.6250 CSPD=599.50 E0=27.332 E2=38.828 QV=38.50)
M67 E0 Q30.743
M67 E2 Q43.673
G1 X2.5833 C5.000 F119.900000 (HOT LINK 17 CSPD=599.50 E0=30.743 E2=43.673)
M67 E0 Q28.460
M67 E2 Q40.430
G1 C360.000 F1.665278 (RING 18/24 R=65.2083 CSPD=599.50 E0=28.460 E2=40.430 QV=38.50)
M67 E0 Q31.770
M67 E2 Q45.132
G1 X2.5833 C5.000 F119.900000 (HOT LINK 18 CSPD=599.50 E0=31.770 E2=45.132)
M67 E0 Q29.587
M67 E2 Q42.031
G1 C360.000 F1.665278 (RING 19/24 R=67.7917 CSPD=599.50 E0=29.587 E2=42.031 QV=38.50)
M67 E0 Q32.803
M67 E2 Q46.599
G1 X2.5833 C5.000 F119.900000 (HOT LINK 19 CSPD=599.50 E0=32.803 E2=46.599)
M67 E0 Q30.715
M67 E2 Q43.633
G1 C360.000 F1.665278 (RING 20/24 R=70.3750 CSPD=599.50 E0=30.715 E2=43.633 QV=38.50)
M67 E0 Q33.842
M67 E2 Q48.076
G1 X2.5833 C5.000 F119.900000 (HOT LINK 20 CSPD=599.50 E0=33.842 E2=48.076)
M67 E0 Q31.842
M67 E2 Q45.235
G1 C360.000 F1.665278 (RING 21/24 R=72.9583 CSPD=599.50 E0=31.842 E2=45.235 QV=38.50)
M67 E0 Q34.845
M67 E2 Q49.500
G1 X2.5833 C5.000 F119.755299 (HOT LINK 21 CSPD=598.78 E0=34.845 E2=49.500)
M67 E0 Q32.970
M67 E2 Q46.836
G1 C360.000 F1.665278 (RING 22/24 R=75.5417 CSPD=599.50 E0=32.970 E2=46.836 QV=38.50)
M67 E0 Q34.845
M67 E2 Q49.500
G1 X2.5833 C5.000 F116.257198 (HOT LINK 22 CSPD=581.29 E0=34.845 E2=49.500)
M67 E0 Q34.097
M67 E2 Q48.438
G1 C360.000 F1.665278 (RING 23/24 R=78.1250 CSPD=599.50 E0=34.097 E2=48.438 QV=38.50)
M67 E0 Q34.845
M67 E2 Q49.500
G1 X2.5833 C5.000 F112.943680 (HOT LINK 23 CSPD=564.72 E0=34.845 E2=49.500)
M67 E0 Q32.057
M67 E2 Q49.500
G1 C360.000 F1.647313 (RING 24/24 R=80.7083 CSPD=593.03 E0=32.057 E2=49.500 QV=35.42)
(LAYER 16/32 Z=23.0000..24.4412 ZONE=HUB_WIDE DIR=inner_to_outer TRACKS=5 PITCH=3.5471 ADEP=5.0156 ACTIVE=3.0359min DWELL=116.1s)
M68 E2 Q0.000 (cold interlayer transition)
M68 E0 Q0.000
G1 X-58.9348 Z1.5333 C17.000 F35.264706
G90
M0 (MANDATORY PROFILE STEP CHECK AT Z23.000; VERIFY SCAN POOL WIRE FOCUS)
G91
M67 E0 Q25.000 (synchronized layer hot state)
M67 E2 Q17.360
G1 C360.000 F1.665278 (RING 1/5 R=21.7735 CSPD=599.50 E0=25.000 E2=17.360 QV=78.76)
M67 E0 Q26.368
M67 E2 Q37.459
G1 X3.5471 C5.000 F119.900000 (HOT LINK 1 CSPD=599.50 E0=26.368 E2=37.459)
M67 E0 Q25.000
M67 E2 Q20.188
G1 C360.000 F1.665278 (RING 2/5 R=25.3206 CSPD=599.50 E0=25.000 E2=20.188 QV=67.73)
M67 E0 Q27.420
M67 E2 Q38.952
G1 X3.5471 C5.000 F119.900000 (HOT LINK 2 CSPD=599.50 E0=27.420 E2=38.952)
M67 E0 Q25.000
M67 E2 Q23.016
G1 C360.000 F1.665278 (RING 3/5 R=28.8677 CSPD=599.50 E0=25.000 E2=23.016 QV=59.41)
M67 E0 Q28.572
M67 E2 Q40.589
G1 X3.5471 C5.000 F119.900000 (HOT LINK 3 CSPD=599.50 E0=28.572 E2=40.589)
M67 E0 Q25.000
M67 E2 Q25.844
G1 C360.000 F1.665278 (RING 4/5 R=32.4147 CSPD=599.50 E0=25.000 E2=25.844 QV=52.91)
M67 E0 Q29.812
M67 E2 Q42.351
G1 X3.5471 C5.000 F119.900000 (HOT LINK 4 CSPD=599.50 E0=29.812 E2=42.351)
M67 E0 Q25.000
M67 E2 Q28.672
G1 C360.000 F1.665278 (RING 5/5 R=35.9618 CSPD=599.50 E0=25.000 E2=28.672 QV=47.69)
(LAYER 17/32 Z=24.4412..25.8824 ZONE=HUB_WIDE DIR=inner_to_outer TRACKS=5 PITCH=3.4412 ADEP=4.8672 ACTIVE=3.0359min DWELL=116.1s)
M68 E2 Q0.000 (cold interlayer transition)
M68 E0 Q0.000
G1 X-14.2412 Z1.4412 C17.000 F35.264706
G4 P116.147 (calculated thermal dwell beam and wire off)
M67 E0 Q25.000 (synchronized layer hot state)
M67 E2 Q16.805
G1 C360.000 F1.665278 (RING 1/5 R=21.7206 CSPD=599.50 E0=25.000 E2=16.805 QV=81.36)
M67 E0 Q25.000
M67 E2 Q35.499
G1 X3.4412 C5.000 F119.900000 (HOT LINK 1 CSPD=599.50 E0=25.000 E2=35.499)
M67 E0 Q25.000
M67 E2 Q19.467
G1 C360.000 F1.665278 (RING 2/5 R=25.1618 CSPD=599.50 E0=25.000 E2=19.467 QV=70.24)
M67 E0 Q25.996
M67 E2 Q36.929
G1 X3.4412 C5.000 F119.900000 (HOT LINK 2 CSPD=599.50 E0=25.996 E2=36.929)
M67 E0 Q25.000
M67 E2 Q22.130
G1 C360.000 F1.665278 (RING 3/5 R=28.6029 CSPD=599.50 E0=25.000 E2=22.130 QV=61.79)
M67 E0 Q27.095
M67 E2 Q38.491
G1 X3.4412 C5.000 F119.900000 (HOT LINK 3 CSPD=599.50 E0=27.095 E2=38.491)
M67 E0 Q25.000
M67 E2 Q24.792
G1 C360.000 F1.665278 (RING 4/5 R=32.0441 CSPD=599.50 E0=25.000 E2=24.792 QV=55.15)
M67 E0 Q28.277
M67 E2 Q40.169
G1 X3.4412 C5.000 F119.900000 (HOT LINK 4 CSPD=599.50 E0=28.277 E2=40.169)
M67 E0 Q25.000
M67 E2 Q27.455
G1 C360.000 F1.665278 (RING 5/5 R=35.4853 CSPD=599.50 E0=25.000 E2=27.455 QV=49.80)
(LAYER 18/32 Z=25.8824..27.3235 ZONE=HUB_WIDE DIR=inner_to_outer TRACKS=5 PITCH=3.3353 ADEP=4.7187 ACTIVE=3.0359min DWELL=116.1s)
M68 E2 Q0.000 (cold interlayer transition)
M68 E0 Q0.000
G1 X-13.8176 Z1.4412 C17.000 F35.264706
G4 P116.147 (calculated thermal dwell beam and wire off)
M67 E0 Q25.000 (synchronized layer hot state)
M67 E2 Q16.253
G1 C360.000 F1.665278 (RING 1/5 R=21.6677 CSPD=599.50 E0=25.000 E2=16.253 QV=84.13)
M67 E0 Q25.000
M67 E2 Q33.595
G1 X3.3353 C5.000 F119.900000 (HOT LINK 1 CSPD=599.50 E0=25.000 E2=33.595)
M67 E0 Q25.000
M67 E2 Q18.754
G1 C360.000 F1.665278 (RING 2/5 R=25.0029 CSPD=599.50 E0=25.000 E2=18.754 QV=72.91)
M67 E0 Q25.000
M67 E2 Q34.963
G1 X3.3353 C5.000 F119.900000 (HOT LINK 2 CSPD=599.50 E0=25.000 E2=34.963)
M67 E0 Q25.000
M67 E2 Q21.256
G1 C360.000 F1.665278 (RING 3/5 R=28.3382 CSPD=599.50 E0=25.000 E2=21.256 QV=64.33)
M67 E0 Q25.660
M67 E2 Q36.452
G1 X3.3353 C5.000 F119.900000 (HOT LINK 3 CSPD=599.50 E0=25.660 E2=36.452)
M67 E0 Q25.000
M67 E2 Q23.758
G1 C360.000 F1.665278 (RING 4/5 R=31.6735 CSPD=599.50 E0=25.000 E2=23.758 QV=57.55)
M67 E0 Q26.783
M67 E2 Q38.047
G1 X3.3353 C5.000 F119.900000 (HOT LINK 4 CSPD=599.50 E0=26.783 E2=38.047)
M67 E0 Q25.000
M67 E2 Q26.260
G1 C360.000 F1.665278 (RING 5/5 R=35.0088 CSPD=599.50 E0=25.000 E2=26.260 QV=52.07)
(LAYER 19/32 Z=27.3235..28.7647 ZONE=HUB_WIDE DIR=inner_to_outer TRACKS=5 PITCH=3.2294 ADEP=4.5701 ACTIVE=3.0359min DWELL=116.1s)
M68 E2 Q0.000 (cold interlayer transition)
M68 E0 Q0.000
G1 X-13.3941 Z1.4412 C17.000 F35.264706
G4 P116.147 (calculated thermal dwell beam and wire off)
M67 E0 Q25.000 (synchronized layer hot state)
M67 E2 Q15.702
G1 C360.000 F1.665278 (RING 1/5 R=21.6147 CSPD=599.50 E0=25.000 E2=15.702 QV=87.08)
M67 E0 Q25.000
M67 E2 Q31.747
G1 X3.2294 C5.000 F119.900000 (HOT LINK 1 CSPD=599.50 E0=25.000 E2=31.747)
M67 E0 Q25.000
M67 E2 Q18.048
G1 C360.000 F1.665278 (RING 2/5 R=24.8441 CSPD=599.50 E0=25.000 E2=18.048 QV=75.76)
M67 E0 Q25.000
M67 E2 Q33.053
G1 X3.2294 C5.000 F119.900000 (HOT LINK 2 CSPD=599.50 E0=25.000 E2=33.053)
M67 E0 Q25.000
M67 E2 Q20.394
G1 C360.000 F1.665278 (RING 3/5 R=28.0735 CSPD=599.50 E0=25.000 E2=20.394 QV=67.04)
M67 E0 Q25.000
M67 E2 Q34.470
G1 X3.2294 C5.000 F119.900000 (HOT LINK 3 CSPD=599.50 E0=25.000 E2=34.470)
M67 E0 Q25.000
M67 E2 Q22.741
G1 C360.000 F1.665278 (RING 4/5 R=31.3029 CSPD=599.50 E0=25.000 E2=22.741 QV=60.13)
M67 E0 Q25.331
M67 E2 Q35.984
G1 X3.2294 C5.000 F119.900000 (HOT LINK 4 CSPD=599.50 E0=25.331 E2=35.984)
M67 E0 Q25.000
M67 E2 Q25.087
G1 C360.000 F1.665278 (RING 5/5 R=34.5324 CSPD=599.50 E0=25.000 E2=25.087 QV=54.50)
(LAYER 20/32 Z=28.7647..30.2059 ZONE=HUB_WIDE DIR=inner_to_outer TRACKS=4 PITCH=3.9044 ADEP=5.5180 ACTIVE=2.4270min DWELL=152.7s)
M68 E2 Q0.000 (cold interlayer transition)
M68 E0 Q0.000
G1 X-12.5801 Z1.4412 C17.000 F35.264706
G4 P116.147 (calculated thermal dwell beam and wire off)
M67 E0 Q25.000 (synchronized layer hot state)
M67 E2 Q19.256
G1 C360.000 F1.665278 (RING 1/4 R=21.9522 CSPD=599.50 E0=25.000 E2=19.256 QV=71.01)
M67 E0 Q31.328
M67 E2 Q44.504
G1 X3.9044 C5.000 F119.900000 (HOT LINK 1 CSPD=599.50 E0=31.328 E2=44.504)
M67 E0 Q25.000
M67 E2 Q22.680
G1 C360.000 F1.665278 (RING 2/4 R=25.8566 CSPD=599.50 E0=25.000 E2=22.680 QV=60.29)
M67 E0 Q32.533
M67 E2 Q46.216
G1 X3.9044 C5.000 F119.900000 (HOT LINK 2 CSPD=599.50 E0=32.533 E2=46.216)
M67 E0 Q25.000
M67 E2 Q26.105
G1 C360.000 F1.665278 (RING 3/4 R=29.7610 CSPD=599.50 E0=25.000 E2=26.105 QV=52.38)
M67 E0 Q33.867
M67 E2 Q48.111
G1 X3.9044 C5.000 F119.900000 (HOT LINK 3 CSPD=599.50 E0=33.867 E2=48.111)
M67 E0 Q25.000
M67 E2 Q29.530
G1 C360.000 F1.665278 (RING 4/4 R=33.6654 CSPD=599.50 E0=25.000 E2=29.530 QV=46.30)
(LAYER 21/32 Z=30.2059..31.6471 ZONE=HUB_WIDE DIR=inner_to_outer TRACKS=4 PITCH=3.7721 ADEP=5.3328 ACTIVE=2.4270min DWELL=152.7s)
M68 E2 Q0.000 (cold interlayer transition)
M68 E0 Q0.000
G1 X-11.7794 Z1.4412 C17.000 F35.264706
G4 P152.677 (calculated thermal dwell beam and wire off)
M67 E0 Q25.000 (synchronized layer hot state)
M67 E2 Q18.553
G1 C360.000 F1.665278 (RING 1/4 R=21.8860 CSPD=599.50 E0=25.000 E2=18.553 QV=73.70)
M67 E0 Q29.443
M67 E2 Q41.826
G1 X3.7721 C5.000 F119.900000 (HOT LINK 1 CSPD=599.50 E0=29.443 E2=41.826)
M67 E0 Q25.000
M67 E2 Q21.751
G1 C360.000 F1.665278 (RING 2/4 R=25.6581 CSPD=599.50 E0=25.000 E2=21.751 QV=62.86)
M67 E0 Q30.590
M67 E2 Q43.456
G1 X3.7721 C5.000 F119.900000 (HOT LINK 2 CSPD=599.50 E0=30.590 E2=43.456)
M67 E0 Q25.000
M67 E2 Q24.948
G1 C360.000 F1.665278 (RING 3/4 R=29.4302 CSPD=599.50 E0=25.000 E2=24.948 QV=54.81)
M67 E0 Q31.856
M67 E2 Q45.254
G1 X3.7721 C5.000 F119.900000 (HOT LINK 3 CSPD=599.50 E0=31.856 E2=45.254)
M67 E0 Q25.000
M67 E2 Q28.146
G1 C360.000 F1.665278 (RING 4/4 R=33.2022 CSPD=599.50 E0=25.000 E2=28.146 QV=48.58)
(LAYER 22/32 Z=31.6471..33.0882 ZONE=HUB_WIDE DIR=inner_to_outer TRACKS=4 PITCH=3.6397 ADEP=5.1475 ACTIVE=2.4270min DWELL=152.7s)
M68 E2 Q0.000 (cold interlayer transition)
M68 E0 Q0.000
G1 X-11.3824 Z1.4412 C17.000 F35.264706
G4 P152.677 (calculated thermal dwell beam and wire off)
M67 E0 Q25.000 (synchronized layer hot state)
M67 E2 Q17.854
G1 C360.000 F1.665278 (RING 1/4 R=21.8199 CSPD=599.50 E0=25.000 E2=17.854 QV=76.58)
M67 E0 Q27.619
M67 E2 Q39.236
G1 X3.6397 C5.000 F119.900000 (HOT LINK 1 CSPD=599.50 E0=27.619 E2=39.236)
M67 E0 Q25.000
M67 E2 Q20.832
G1 C360.000 F1.665278 (RING 2/4 R=25.4596 CSPD=599.50 E0=25.000 E2=20.832 QV=65.63)
M67 E0 Q28.711
M67 E2 Q40.786
G1 X3.6397 C5.000 F119.900000 (HOT LINK 2 CSPD=599.50 E0=28.711 E2=40.786)
M67 E0 Q25.000
M67 E2 Q23.811
G1 C360.000 F1.665278 (RING 3/4 R=29.0993 CSPD=599.50 E0=25.000 E2=23.811 QV=57.42)
M67 E0 Q29.909
M67 E2 Q42.488
G1 X3.6397 C5.000 F119.900000 (HOT LINK 3 CSPD=599.50 E0=29.909 E2=42.488)
M67 E0 Q25.000
M67 E2 Q26.789
G1 C360.000 F1.665278 (RING 4/4 R=32.7390 CSPD=599.50 E0=25.000 E2=26.789 QV=51.04)
(LAYER 23/32 Z=33.0882..34.5294 ZONE=HUB_WIDE DIR=inner_to_outer TRACKS=4 PITCH=3.5074 ADEP=4.9621 ACTIVE=2.4270min DWELL=152.7s)
M68 E2 Q0.000 (cold interlayer transition)
M68 E0 Q0.000
G1 X-10.9853 Z1.4412 C17.000 F35.264706
G4 P152.677 (calculated thermal dwell beam and wire off)
M67 E0 Q25.000 (synchronized layer hot state)
M67 E2 Q17.159
G1 C360.000 F1.665278 (RING 1/4 R=21.7537 CSPD=599.50 E0=25.000 E2=17.159 QV=79.69)
M67 E0 Q25.858
M67 E2 Q36.733
G1 X3.5074 C5.000 F119.900000 (HOT LINK 1 CSPD=599.50 E0=25.858 E2=36.733)
M67 E0 Q25.000
M67 E2 Q19.925
G1 C360.000 F1.665278 (RING 2/4 R=25.2610 CSPD=599.50 E0=25.000 E2=19.925 QV=68.62)
M67 E0 Q26.893
M67 E2 Q38.204
G1 X3.5074 C5.000 F119.900000 (HOT LINK 2 CSPD=599.50 E0=26.893 E2=38.204)
M67 E0 Q25.000
M67 E2 Q22.692
G1 C360.000 F1.665278 (RING 3/4 R=28.7684 CSPD=599.50 E0=25.000 E2=22.692 QV=60.26)
M67 E0 Q28.026
M67 E2 Q39.813
G1 X3.5074 C5.000 F119.900000 (HOT LINK 3 CSPD=599.50 E0=28.026 E2=39.813)
M67 E0 Q25.000
M67 E2 Q25.458
G1 C360.000 F1.665278 (RING 4/4 R=32.2757 CSPD=599.50 E0=25.000 E2=25.458 QV=53.71)
(LAYER 24/32 Z=34.5294..35.9706 ZONE=HUB_WIDE DIR=inner_to_outer TRACKS=4 PITCH=3.3750 ADEP=4.7765 ACTIVE=2.4270min DWELL=152.7s)
M68 E2 Q0.000 (cold interlayer transition)
M68 E0 Q0.000
G1 X-10.5882 Z1.4412 C17.000 F35.264706
G4 P152.677 (calculated thermal dwell beam and wire off)
M67 E0 Q25.000 (synchronized layer hot state)
M67 E2 Q16.467
G1 C360.000 F1.665278 (RING 1/4 R=21.6875 CSPD=599.50 E0=25.000 E2=16.467 QV=83.03)
M67 E0 Q25.000
M67 E2 Q34.318
G1 X3.3750 C5.000 F119.900000 (HOT LINK 1 CSPD=599.50 E0=25.000 E2=34.318)
M67 E0 Q25.000
M67 E2 Q19.030
G1 C360.000 F1.665278 (RING 2/4 R=25.0625 CSPD=599.50 E0=25.000 E2=19.030 QV=71.85)
M67 E0 Q25.138
M67 E2 Q35.710
G1 X3.3750 C5.000 F119.900000 (HOT LINK 2 CSPD=599.50 E0=25.138 E2=35.710)
M67 E0 Q25.000
M67 E2 Q21.592
G1 C360.000 F1.665278 (RING 3/4 R=28.4375 CSPD=599.50 E0=25.000 E2=21.592 QV=63.32)
M67 E0 Q26.205
M67 E2 Q37.227
G1 X3.3750 C5.000 F119.900000 (HOT LINK 3 CSPD=599.50 E0=26.205 E2=37.227)
M67 E0 Q25.000
M67 E2 Q24.155
G1 C360.000 F1.665278 (RING 4/4 R=31.8125 CSPD=599.50 E0=25.000 E2=24.155 QV=56.61)
(LAYER 25/32 Z=35.9706..37.4118 ZONE=HUB_WIDE DIR=inner_to_outer TRACKS=4 PITCH=3.2426 ADEP=4.5909 ACTIVE=2.4270min DWELL=152.7s)
M68 E2 Q0.000 (cold interlayer transition)
M68 E0 Q0.000
G1 X-10.1912 Z1.4412 C17.000 F35.264706
G4 P152.677 (calculated thermal dwell beam and wire off)
M67 E0 Q25.000 (synchronized layer hot state)
M67 E2 Q15.779
G1 C360.000 F1.665278 (RING 1/4 R=21.6213 CSPD=599.50 E0=25.000 E2=15.779 QV=86.66)
M67 E0 Q25.000
M67 E2 Q31.990
G1 X3.2426 C5.000 F119.900000 (HOT LINK 1 CSPD=599.50 E0=25.000 E2=31.990)
M67 E0 Q25.000
M67 E2 Q18.145
G1 C360.000 F1.665278 (RING 2/4 R=24.8640 CSPD=599.50 E0=25.000 E2=18.145 QV=75.35)
M67 E0 Q25.000
M67 E2 Q33.305
G1 X3.2426 C5.000 F119.900000 (HOT LINK 2 CSPD=599.50 E0=25.000 E2=33.305)
M67 E0 Q25.000
M67 E2 Q20.511
G1 C360.000 F1.665278 (RING 3/4 R=28.1066 CSPD=599.50 E0=25.000 E2=20.511 QV=66.66)
M67 E0 Q25.000
M67 E2 Q34.731
G1 X3.2426 C5.000 F119.900000 (HOT LINK 3 CSPD=599.50 E0=25.000 E2=34.731)
M67 E0 Q25.000
M67 E2 Q22.878
G1 C360.000 F1.665278 (RING 4/4 R=31.3493 CSPD=599.50 E0=25.000 E2=22.878 QV=59.77)
(LAYER 26/32 Z=37.4118..38.8529 ZONE=HUB_WIDE DIR=inner_to_outer TRACKS=4 PITCH=3.1103 ADEP=4.4051 ACTIVE=2.4270min DWELL=152.7s)
M68 E2 Q0.000 (cold interlayer transition)
M68 E0 Q0.000
G1 X-9.7941 Z1.4412 C17.000 F35.264706
G4 P152.677 (calculated thermal dwell beam and wire off)
M67 E0 Q25.000 (synchronized layer hot state)
M67 E2 Q15.094
G1 C360.000 F1.665278 (RING 1/4 R=21.5552 CSPD=599.50 E0=25.000 E2=15.094 QV=90.59)
M67 E0 Q25.000
M67 E2 Q29.750
G1 X3.1103 C5.000 F119.900000 (HOT LINK 1 CSPD=599.50 E0=25.000 E2=29.750)
M67 E0 Q25.000
M67 E2 Q17.272
G1 C360.000 F1.665278 (RING 2/4 R=24.6654 CSPD=599.50 E0=25.000 E2=17.272 QV=79.16)
M67 E0 Q25.000
M67 E2 Q30.988
G1 X3.1103 C5.000 F119.900000 (HOT LINK 2 CSPD=599.50 E0=25.000 E2=30.988)
M67 E0 Q25.000
M67 E2 Q19.450
G1 C360.000 F1.665278 (RING 3/4 R=27.7757 CSPD=599.50 E0=25.000 E2=19.450 QV=70.30)
M67 E0 Q25.000
M67 E2 Q32.326
G1 X3.1103 C5.000 F119.900000 (HOT LINK 3 CSPD=599.50 E0=25.000 E2=32.326)
M67 E0 Q25.000
M67 E2 Q21.628
G1 C360.000 F1.665278 (RING 4/4 R=30.8860 CSPD=599.50 E0=25.000 E2=21.628 QV=63.22)
(LAYER 27/32 Z=38.8529..40.2941 ZONE=HUB_WIDE DIR=inner_to_outer TRACKS=3 PITCH=3.9706 ADEP=5.6175 ACTIVE=1.8182min DWELL=189.2s)
M68 E2 Q0.000 (cold interlayer transition)
M68 E0 Q0.000
G1 X-8.9007 Z1.4412 C17.000 F35.264706
G4 P152.677 (calculated thermal dwell beam and wire off)
M67 E0 Q25.000 (synchronized layer hot state)
M67 E2 Q19.632
G1 C360.000 F1.665278 (RING 1/3 R=21.9853 CSPD=599.50 E0=25.000 E2=19.632 QV=69.65)
M67 E0 Q32.333
M67 E2 Q45.932
G1 X3.9706 C5.000 F119.900000 (HOT LINK 1 CSPD=599.50 E0=32.333 E2=45.932)
M67 E0 Q25.000
M67 E2 Q23.178
G1 C360.000 F1.665278 (RING 2/3 R=25.9559 CSPD=599.50 E0=25.000 E2=23.178 QV=58.99)
M67 E0 Q33.569
M67 E2 Q47.687
G1 X3.9706 C5.000 F119.900000 (HOT LINK 2 CSPD=599.50 E0=33.569 E2=47.687)
M67 E0 Q25.000
M67 E2 Q26.723
G1 C360.000 F1.665278 (RING 3/3 R=29.9265 CSPD=599.50 E0=25.000 E2=26.723 QV=51.17)
(LAYER 28/32 Z=40.2941..41.7353 ZONE=HUB_WIDE DIR=inner_to_outer TRACKS=3 PITCH=3.7941 ADEP=5.3704 ACTIVE=1.8182min DWELL=189.2s)
M68 E2 Q0.000 (cold interlayer transition)
M68 E0 Q0.000
G1 X-8.0294 Z1.4412 C17.000 F35.264706
G4 P189.208 (calculated thermal dwell beam and wire off)
M67 E0 Q25.000 (synchronized layer hot state)
M67 E2 Q18.693
G1 C360.000 F1.665278 (RING 1/3 R=21.8971 CSPD=599.50 E0=25.000 E2=18.693 QV=73.14)
M67 E0 Q29.790
M67 E2 Q42.319
G1 X3.7941 C5.000 F119.900000 (HOT LINK 1 CSPD=599.50 E0=29.790 E2=42.319)
M67 E0 Q25.000
M67 E2 Q21.932
G1 C360.000 F1.665278 (RING 2/3 R=25.6912 CSPD=599.50 E0=25.000 E2=21.932 QV=62.34)
M67 E0 Q30.948
M67 E2 Q43.965
G1 X3.7941 C5.000 F119.900000 (HOT LINK 2 CSPD=599.50 E0=30.948 E2=43.965)
M67 E0 Q25.000
M67 E2 Q25.171
G1 C360.000 F1.665278 (RING 3/3 R=29.4853 CSPD=599.50 E0=25.000 E2=25.171 QV=54.32)
(LAYER 29/32 Z=41.7353..43.1765 ZONE=HUB_WIDE DIR=inner_to_outer TRACKS=3 PITCH=3.6176 ADEP=5.1231 ACTIVE=1.8182min DWELL=189.2s)
M68 E2 Q0.000 (cold interlayer transition)
M68 E0 Q0.000
G1 X-7.6765 Z1.4412 C17.000 F35.264706
G4 P189.208 (calculated thermal dwell beam and wire off)
M67 E0 Q25.000 (synchronized layer hot state)
M67 E2 Q17.761
G1 C360.000 F1.665278 (RING 1/3 R=21.8088 CSPD=599.50 E0=25.000 E2=17.761 QV=76.99)
M67 E0 Q27.356
M67 E2 Q38.862
G1 X3.6176 C5.000 F119.900000 (HOT LINK 1 CSPD=599.50 E0=27.356 E2=38.862)
M67 E0 Q25.000
M67 E2 Q20.707
G1 C360.000 F1.665278 (RING 2/3 R=25.4265 CSPD=599.50 E0=25.000 E2=20.707 QV=66.03)
M67 E0 Q28.439
M67 E2 Q40.400
G1 X3.6176 C5.000 F119.900000 (HOT LINK 2 CSPD=599.50 E0=28.439 E2=40.400)
M67 E0 Q25.000
M67 E2 Q23.653
G1 C360.000 F1.665278 (RING 3/3 R=29.0441 CSPD=599.50 E0=25.000 E2=23.653 QV=57.81)
(LAYER 30/32 Z=43.1765..44.6176 ZONE=HUB_WIDE DIR=inner_to_outer TRACKS=3 PITCH=3.4412 ADEP=4.8756 ACTIVE=1.8182min DWELL=189.2s)
M68 E2 Q0.000 (cold interlayer transition)
M68 E0 Q0.000
G1 X-7.3235 Z1.4412 C17.000 F35.264706
G4 P189.208 (calculated thermal dwell beam and wire off)
M67 E0 Q25.000 (synchronized layer hot state)
M67 E2 Q16.834
G1 C360.000 F1.665278 (RING 1/3 R=21.7206 CSPD=599.50 E0=25.000 E2=16.834 QV=81.22)
M67 E0 Q25.032
M67 E2 Q35.560
G1 X3.4412 C5.000 F119.900000 (HOT LINK 1 CSPD=599.50 E0=25.032 E2=35.560)
M67 E0 Q25.000
M67 E2 Q19.501
G1 C360.000 F1.665278 (RING 2/3 R=25.1618 CSPD=599.50 E0=25.000 E2=19.501 QV=70.11)
M67 E0 Q26.041
M67 E2 Q36.993
G1 X3.4412 C5.000 F119.900000 (HOT LINK 2 CSPD=599.50 E0=26.041 E2=36.993)
M67 E0 Q25.000
M67 E2 Q22.168
G1 C360.000 F1.665278 (RING 3/3 R=28.6029 CSPD=599.50 E0=25.000 E2=22.168 QV=61.68)
(LAYER 31/32 Z=44.6176..46.0588 ZONE=HUB_WIDE DIR=inner_to_outer TRACKS=3 PITCH=3.2647 ADEP=4.6279 ACTIVE=1.8182min DWELL=189.2s)
M68 E2 Q0.000 (cold interlayer transition)
M68 E0 Q0.000
G1 X-6.9706 Z1.4412 C17.000 F35.264706
G4 P189.208 (calculated thermal dwell beam and wire off)
M67 E0 Q25.000 (synchronized layer hot state)
M67 E2 Q15.914
G1 C360.000 F1.665278 (RING 1/3 R=21.6324 CSPD=599.50 E0=25.000 E2=15.914 QV=85.92)
M67 E0 Q25.000
M67 E2 Q32.414
G1 X3.2647 C5.000 F119.900000 (HOT LINK 1 CSPD=599.50 E0=25.000 E2=32.414)
M67 E0 Q25.000
M67 E2 Q18.316
G1 C360.000 F1.665278 (RING 2/3 R=24.8971 CSPD=599.50 E0=25.000 E2=18.316 QV=74.65)
M67 E0 Q25.000
M67 E2 Q33.743
G1 X3.2647 C5.000 F119.900000 (HOT LINK 2 CSPD=599.50 E0=25.000 E2=33.743)
M67 E0 Q25.000
M67 E2 Q20.717
G1 C360.000 F1.665278 (RING 3/3 R=28.1618 CSPD=599.50 E0=25.000 E2=20.717 QV=66.00)
(LAYER 32/32 Z=46.0588..47.5000 ZONE=HUB_WIDE DIR=inner_to_outer TRACKS=3 PITCH=3.0882 ADEP=4.3799 ACTIVE=1.8182min DWELL=0.0s)
M68 E2 Q0.000 (cold interlayer transition)
M68 E0 Q0.000
G1 X-6.6176 Z1.4412 C17.000 F35.264706
G4 P189.208 (calculated thermal dwell beam and wire off)
M67 E0 Q25.000 (synchronized layer hot state)
M67 E2 Q15.000
G1 C360.000 F1.665278 (RING 1/3 R=21.5441 CSPD=599.50 E0=25.000 E2=15.000 QV=91.16)
M67 E0 Q25.000
M67 E2 Q29.423
G1 X3.0882 C5.000 F119.900000 (HOT LINK 1 CSPD=599.50 E0=25.000 E2=29.423)
M67 E0 Q25.000
M67 E2 Q17.150
G1 C360.000 F1.665278 (RING 2/3 R=24.6324 CSPD=599.50 E0=25.000 E2=17.150 QV=79.73)
M67 E0 Q25.000
M67 E2 Q30.651
G1 X3.0882 C5.000 F119.900000 (HOT LINK 2 CSPD=599.50 E0=25.000 E2=30.651)
M67 E0 Q25.000
M67 E2 Q19.300
G1 C360.000 F1.665278 (RING 3/3 R=27.7206 CSPD=599.50 E0=25.000 E2=19.300 QV=70.84)
M68 E2 Q0.000 (wire OFF)
M68 E0 Q0.000 (beam OFF)
G90
G94
G0 Z50.5000 (safe retract)
M2
